"STATION","NAME","DATE","AWND","PGTM","PRCP","TAVG","TMAX","TMIN","WDF2","WDF5","WSF2","WSF5","WT01","WT02","WT03","WT08"
"USW00014822","DETROIT CITY AIRPORT, MI US","2015-01-01","16.33"," 0941","0.00",,"33","19","  240","  230","23.9","31.1",,,,
"USW00014822","DETROIT CITY AIRPORT, MI US","2015-01-02","6.71"," 1323","0.00",,"36","27","  260","  250","16.1","23.0",,,,
"USW00014822","DETROIT CITY AIRPORT, MI US","2015-01-03","6.71"," 1221","0.38",,"37","26","  110","  110","16.1","21.0",,,,
"USW00014822","DETROIT CITY AIRPORT, MI US","2015-01-04","9.84"," 2304","0.07",,"38","21","  300","  290","23.9","33.1",,,,
"USW00014822","DETROIT CITY AIRPORT, MI US","2015-01-05","13.20"," 0445","0.00",,"21","8","  310","  320","23.0","36.9",,,,
"USW00014822","DETROIT CITY AIRPORT, MI US","2015-01-06","10.07"," 1848","0.00",,"19","9","  270","  270","21.9","30.0",,,,
"USW00014822","DETROIT CITY AIRPORT, MI US","2015-01-07","12.75"," 1346","0.01",,"18","6","  340","  340","23.0","32.0",,,,
"USW00014822","DETROIT CITY AIRPORT, MI US","2015-01-08","16.33"," 2036","0.00",,"16","1","  200","  220","25.9","36.9",,,,
"USW00014822","DETROIT CITY AIRPORT, MI US","2015-01-09","14.09"," 0010","0.00",,"19","6","  230","  220","23.9","31.1",,,,
"USW00014822","DETROIT CITY AIRPORT, MI US","2015-01-10","13.65"," 2026","0.00",,"18","2","  220","  220","21.0","30.0",,,,
"USW00014822","DETROIT CITY AIRPORT, MI US","2015-01-11","9.62"," 1912","0.03",,"32","18","  210","  220","18.1","28.0",,,,
"USW00014822","DETROIT CITY AIRPORT, MI US","2015-01-12","9.40"," 2107","0.04",,"32","15","  360","  360","18.1","27.1",,,,
"USW00014822","DETROIT CITY AIRPORT, MI US","2015-01-13","6.93"," 0959","0.00",,"15","4","   70","   60","14.1","16.1",,,,
"USW00014822","DETROIT CITY AIRPORT, MI US","2015-01-14","4.47"," 1807","0.00",,"19","5","  240","  190","10.1","13.0",,,,
"USW00014822","DETROIT CITY AIRPORT, MI US","2015-01-15","10.51"," 1412","0.00",,"28","9","  230","  230","21.9","27.1",,,,
"USW00014822","DETROIT CITY AIRPORT, MI US","2015-01-16","8.05"," 1010","0.00",,"31","19","   30","  310","14.1","17.0",,,,
"USW00014822","DETROIT CITY AIRPORT, MI US","2015-01-17","13.87"," 2357","0.00",,"45","18","  220","  220","23.0","32.0",,,,
"USW00014822","DETROIT CITY AIRPORT, MI US","2015-01-18","10.51"," 0001","0.01",,"45","35","  230","  220","23.0","31.1",,,,
"USW00014822","DETROIT CITY AIRPORT, MI US","2015-01-19","5.59"," 0758","0.00",,"35","29","  360","  360","14.1","17.0",,,,
"USW00014822","DETROIT CITY AIRPORT, MI US","2015-01-20","6.04"," 2346","0.01",,"31","25","  110","  120","12.1","14.1",,,,
"USW00014822","DETROIT CITY AIRPORT, MI US","2015-01-21","5.59"," 0619","0.07",,"27","24","   80","   70","13.0","16.1",,,,
"USW00014822","DETROIT CITY AIRPORT, MI US","2015-01-22","4.70"," 1550","0.00",,"30","20","  280","  320","13.0","15.0",,,,
"USW00014822","DETROIT CITY AIRPORT, MI US","2015-01-23","9.84"," 1058","0.00",,"33","18","  230","  230","17.0","23.0",,,,
"USW00014822","DETROIT CITY AIRPORT, MI US","2015-01-24","8.50"," 1032","0.00",,"38","26","  250","  250","15.0","19.0",,,,
"USW00014822","DETROIT CITY AIRPORT, MI US","2015-01-25","10.96"," 1811","0.00",,"37","18","   40","   40","18.1","23.9",,,,
"USW00014822","DETROIT CITY AIRPORT, MI US","2015-01-26","8.05"," 0024","0.00",,"28","11","   40","   60","14.1","18.1",,,,
"USW00014822","DETROIT CITY AIRPORT, MI US","2015-01-27","7.61"," 1502","0.00",,"29","13","   10","   10","16.1","21.0",,,,
"USW00014822","DETROIT CITY AIRPORT, MI US","2015-01-28","6.04"," 2220","0.00",,"29","13","  160","  160","13.0","16.1",,,,
"USW00014822","DETROIT CITY AIRPORT, MI US","2015-01-29","9.40"," 2347","0.05",,"37","26","  320","  300","21.0","31.1",,,,
"USW00014822","DETROIT CITY AIRPORT, MI US","2015-01-30","11.18"," 0428","0.00",,"31","13","  350","  340","23.0","34.0",,,,
"USW00014822","DETROIT CITY AIRPORT, MI US","2015-01-31","6.49"," 1422","0.00",,"35","14","  220","  210","14.1","18.1",,,,
"USW00014822","DETROIT CITY AIRPORT, MI US","2015-02-01","12.53"," 2317","0.26",,"34","18","   50","   40","21.9","32.0",,,,
"USW00014822","DETROIT CITY AIRPORT, MI US","2015-02-02","11.41"," 0219","0.03",,"21","10","   20","   10","23.9","30.0",,,,
"USW00014822","DETROIT CITY AIRPORT, MI US","2015-02-03","10.51"," 1422","0.00",,"28","8","  230","  240","17.0","21.0",,,,
"USW00014822","DETROIT CITY AIRPORT, MI US","2015-02-04","9.17"," 2202","0.03",,"33","17","  350","  340","17.0","23.0",,,,
"USW00014822","DETROIT CITY AIRPORT, MI US","2015-02-05","8.72"," 0049","0.00",,"18","5","  220","  330","17.0","21.0",,,,
"USW00014822","DETROIT CITY AIRPORT, MI US","2015-02-06","11.18"," 0145","0.00",,"30","11","  230","  230","21.0","29.1",,,,
"USW00014822","DETROIT CITY AIRPORT, MI US","2015-02-07","4.92"," 0041","0.00",,"39","27","  240","  230","12.1","14.1",,,,
"USW00014822","DETROIT CITY AIRPORT, MI US","2015-02-08","6.93"," 1945","0.02",,"43","23","   20","   20","17.0","21.9",,,,
"USW00014822","DETROIT CITY AIRPORT, MI US","2015-02-09","11.18"," 1315","0.00",,"26","19","   20","   10","16.1","23.0",,,,
"USW00014822","DETROIT CITY AIRPORT, MI US","2015-02-10","6.04"," 1240","0.00",,"25","18","   70","   60","13.0","16.1",,,,
"USW00014822","DETROIT CITY AIRPORT, MI US","2015-02-11","8.95"," 2004","0.00",,"34","20","  300","  320","15.0","21.0",,,,
"USW00014822","DETROIT CITY AIRPORT, MI US","2015-02-12","11.41"," 0637","0.01",,"30","8","  350","  330","21.0","29.1",,,,
"USW00014822","DETROIT CITY AIRPORT, MI US","2015-02-13","10.51"," 1536","0.00",,"23","3","  220","  220","21.0","28.0",,,,
"USW00014822","DETROIT CITY AIRPORT, MI US","2015-02-14","15.21"," 1355","0.01",,"25","1","  330","  320","25.9","36.9",,,,
"USW00014822","DETROIT CITY AIRPORT, MI US","2015-02-15","8.95"," 0302","0.00",,"8","-8","  330","  330","19.9","27.1",,,,
"USW00014822","DETROIT CITY AIRPORT, MI US","2015-02-16","3.36"," 1400","0.00",,"7","-9","  140","  140","8.9","13.0",,,,
"USW00014822","DETROIT CITY AIRPORT, MI US","2015-02-17","7.61"," 1936","0.00",,"22","2","  230","  220","16.1","19.9",,,,
"USW00014822","DETROIT CITY AIRPORT, MI US","2015-02-18","9.40"," 1605","0.00",,"20","5","  300","  300","18.1","25.9",,,,
"USW00014822","DETROIT CITY AIRPORT, MI US","2015-02-19","9.40"," 1149","0.00",,"7","-3","  310","  290","17.0","27.1",,,,
"USW00014822","DETROIT CITY AIRPORT, MI US","2015-02-20","8.95"," 2133","0.00",,"15","-10","  180","  170","18.1","23.9",,,,
"USW00014822","DETROIT CITY AIRPORT, MI US","2015-02-21","3.80"," 0011","0.00",,"25","14","  190","  190","15.0","18.1",,,,
"USW00014822","DETROIT CITY AIRPORT, MI US","2015-02-22","8.28"," 1248","0.00",,"31","9","  360","  310","18.1","28.0",,,,
"USW00014822","DETROIT CITY AIRPORT, MI US","2015-02-23","8.50"," 0027","0.00",,"14","-3","  360","  350","17.0","23.9",,,,
"USW00014822","DETROIT CITY AIRPORT, MI US","2015-02-24","16.11"," 1346","0.00",,"24","4","  230","  220","30.0","38.9",,,,
"USW00014822","DETROIT CITY AIRPORT, MI US","2015-02-25","6.49"," 0018","0.00",,"25","10","  240","  230","16.1","21.9",,,,
"USW00014822","DETROIT CITY AIRPORT, MI US","2015-02-26","7.61"," 1438","0.00",,"18","8","   10","  360","14.1","17.0",,,,
"USW00014822","DETROIT CITY AIRPORT, MI US","2015-02-27","3.36"," 1350","0.00",,"21","-3","  240","  280","13.0","18.1","    1",,,"    1"
"USW00014822","DETROIT CITY AIRPORT, MI US","2015-02-28","6.04"," 1437","0.00",,"21","0","  180","  200","13.0","16.1",,,,
"USW00014822","DETROIT CITY AIRPORT, MI US","2015-03-01","4.70"," 2334","0.00",,"27","16","  260","  260","10.1","13.0",,,,
"USW00014822","DETROIT CITY AIRPORT, MI US","2015-03-02","7.16"," 0020","0.00",,"34","20","  280","  290","15.0","19.9",,,,
"USW00014822","DETROIT CITY AIRPORT, MI US","2015-03-03","10.51"," 1957","0.16",,"38","23","  270","  270","19.9","28.0",,,,
"USW00014822","DETROIT CITY AIRPORT, MI US","2015-03-04","10.74"," 2219","0.00",,"37","19","  320","  320","21.0","30.0",,,,
"USW00014822","DETROIT CITY AIRPORT, MI US","2015-03-05","6.71"," 0032","0.00",,"21","9","  320","  310","16.1","23.0",,,,
"USW00014822","DETROIT CITY AIRPORT, MI US","2015-03-06","11.86"," 1628","0.00",,"25","5","  230","  230","23.9","31.1",,,,
"USW00014822","DETROIT CITY AIRPORT, MI US","2015-03-07","10.29"," 0056","0.00",,"42","22","  230","  230","21.0","25.9",,,,
"USW00014822","DETROIT CITY AIRPORT, MI US","2015-03-08","8.05"," 1658","0.00",,"45","31","  240","  230","17.0","21.0",,,,
"USW00014822","DETROIT CITY AIRPORT, MI US","2015-03-09","5.82"," 1437","0.00",,"48","25","  220","  260","14.1","17.0",,,,
"USW00014822","DETROIT CITY AIRPORT, MI US","2015-03-10","5.82"," 1718","0.00",,"49","30","  230","  280","12.1","15.0",,,,
"USW00014822","DETROIT CITY AIRPORT, MI US","2015-03-11","6.71"," 1009","0.00",,"56","34","   10","   10","15.0","18.1",,,,
"USW00014822","DETROIT CITY AIRPORT, MI US","2015-03-12","6.71"," 1315","0.00",,"44","29","  150","  150","14.1","19.9",,,,
"USW00014822","DETROIT CITY AIRPORT, MI US","2015-03-13","5.59"," 1638","0.00",,"54","28","  190","  190","15.0","18.1",,,,
"USW00014822","DETROIT CITY AIRPORT, MI US","2015-03-14","11.18"," 1927","0.00",,"51","39","  310","  320","21.9","32.0",,,,
"USW00014822","DETROIT CITY AIRPORT, MI US","2015-03-15","8.50"," 0055","0.00",,"54","37","  330","  320","18.1","25.9",,,,
"USW00014822","DETROIT CITY AIRPORT, MI US","2015-03-16","7.38"," 0138","0.00",,"62","44","  210","  220","13.0","18.1",,,,
"USW00014822","DETROIT CITY AIRPORT, MI US","2015-03-17","14.09"," 0936","0.00",,"57","32","  360","  360","25.9","36.9",,,,
"USW00014822","DETROIT CITY AIRPORT, MI US","2015-03-18","8.50"," 1123","0.00",,"49","28","  300","  320","21.0","30.0",,,,
"USW00014822","DETROIT CITY AIRPORT, MI US","2015-03-19","6.49"," 1322","0.00",,"40","26","  110","  120","13.0","17.0",,,,
"USW00014822","DETROIT CITY AIRPORT, MI US","2015-03-20","7.16"," 2108","0.00",,"53","32","  230","  230","17.0","23.0",,,,
"USW00014822","DETROIT CITY AIRPORT, MI US","2015-03-21","10.51"," 1608","0.00",,"51","30","  310","  320","17.0","23.9",,,,
"USW00014822","DETROIT CITY AIRPORT, MI US","2015-03-22","6.93"," 0158","0.00",,"35","22","   10","   10","15.0","19.0",,,,
"USW00014822","DETROIT CITY AIRPORT, MI US","2015-03-23","7.61"," 1038","0.00",,"33","21","   90","   90","15.0","19.9",,,,
"USW00014822","DETROIT CITY AIRPORT, MI US","2015-03-24","7.16"," 1314","0.00",,"39","19","   90","  100","13.0","17.0",,,,
"USW00014822","DETROIT CITY AIRPORT, MI US","2015-03-25","12.08"," 1302","0.17",,"54","30","  250","  260","25.1","32.0",,,,
"USW00014822","DETROIT CITY AIRPORT, MI US","2015-03-26","7.16"," 1745","0.03",,"46","36","  320","  320","15.0","21.0",,,,
"USW00014822","DETROIT CITY AIRPORT, MI US","2015-03-27","11.41"," 1553","0.00",,"36","18","   10","   10","18.1","23.9",,,,
"USW00014822","DETROIT CITY AIRPORT, MI US","2015-03-28","6.93"," 1223","0.00",,"39","18","   20","  360","15.0","21.9",,,,
"USW00014822","DETROIT CITY AIRPORT, MI US","2015-03-29","15.21"," 2205","0.00",,"45","23","  230","  240","33.1","45.0",,,,
"USW00014822","DETROIT CITY AIRPORT, MI US","2015-03-30","13.20"," 1234","0.00",,"59","37","  280","  290","29.1","42.9",,,,
"USW00014822","DETROIT CITY AIRPORT, MI US","2015-03-31","8.50"," 0551","0.23",,"48","34","   60","  100","15.0","21.9",,,,
"USW00014822","DETROIT CITY AIRPORT, MI US","2015-04-01","6.49"," 1849","0.00",,"55","36","  100","  150","14.1","18.1",,,,
"USW00014822","DETROIT CITY AIRPORT, MI US","2015-04-02","11.41"," 1310","0.19",,"61","46","  210","  200","25.9","36.0",,,,
"USW00014822","DETROIT CITY AIRPORT, MI US","2015-04-03","6.49"," 2313","0.07",,"60","36","   10","  360","13.0","16.1",,,,
"USW00014822","DETROIT CITY AIRPORT, MI US","2015-04-04","10.07"," 1613","0.00",,,,"  280","  260","25.1","40.0",,,,
"USW00014822","DETROIT CITY AIRPORT, MI US","2015-04-05","5.82"," 1930","0.00",,"56","34","   80","   90","15.0","19.0",,,,
"USW00014822","DETROIT CITY AIRPORT, MI US","2015-04-06","5.14"," 2130","0.00",,"58","31","   70","   40","13.0","16.1",,,,
"USW00014822","DETROIT CITY AIRPORT, MI US","2015-04-07","10.07"," 2002","0.08",,"51","38","   70","   80","18.1","25.1",,,,
"USW00014822","DETROIT CITY AIRPORT, MI US","2015-04-08","7.83"," 0612","0.00",,"45","37","  110","  110","18.1","23.0",,,,
"USW00014822","DETROIT CITY AIRPORT, MI US","2015-04-09","9.40"," 0559","0.68",,"67","37","  110","  110","23.0","32.0",,,,
"USW00014822","DETROIT CITY AIRPORT, MI US","2015-04-10","15.88"," 0539","0.09",,"66","43","  260","  240","32.0","44.1",,,,
"USW00014822","DETROIT CITY AIRPORT, MI US","2015-04-11","6.26"," 1440","0.00",,"61","36","  270","  260","18.1","23.9",,,,
"USW00014822","DETROIT CITY AIRPORT, MI US","2015-04-12","6.93"," 1402","0.00",,"63","36","  190","  200","18.1","23.9",,,,
"USW00014822","DETROIT CITY AIRPORT, MI US","2015-04-13","10.07"," 1237","0.07",,"72","45","  220","  220","31.1","42.9",,,,
"USW00014822","DETROIT CITY AIRPORT, MI US","2015-04-14","4.70"," 1009","0.00",,"61","40","  150","   80","12.1","15.0",,,,"    1"
"USW00014822","DETROIT CITY AIRPORT, MI US","2015-04-15","8.05"," 1040","0.00",,"62","40","  110","  100","16.1","21.9",,,,
"USW00014822","DETROIT CITY AIRPORT, MI US","2015-04-16","6.71"," 1154","0.04",,"63","41","  190","  160","17.0","21.9","    1",,,
"USW00014822","DETROIT CITY AIRPORT, MI US","2015-04-17","5.14"," 1440","0.00",,"72","48","  120","  130","15.0","19.0","    1",,,
"USW00014822","DETROIT CITY AIRPORT, MI US","2015-04-18","10.07"," 1240","0.00",,"71","45","   70","   60","21.0","27.1",,,,
"USW00014822","DETROIT CITY AIRPORT, MI US","2015-04-19","14.09"," 1217","0.50",,"57","43","   90","   90","25.9","32.0",,,,
"USW00014822","DETROIT CITY AIRPORT, MI US","2015-04-20","17.00"," 1541","0.21",,"64","46","  240","  250","30.0","40.9",,,,
"USW00014822","DETROIT CITY AIRPORT, MI US","2015-04-21","15.43"," 1838","0.02",,"52","40","  240","  250","35.1","49.0",,,,
"USW00014822","DETROIT CITY AIRPORT, MI US","2015-04-22","11.86"," 1616","0.00",,"42","36","  270","  280","21.9","32.0",,,,
"USW00014822","DETROIT CITY AIRPORT, MI US","2015-04-23","9.62"," 1031","0.00",,"39","32","  310","  300","18.1","25.1",,,,
"USW00014822","DETROIT CITY AIRPORT, MI US","2015-04-24","6.26"," 1503","0.00",,"57","28","   90","  320","13.0","19.0",,,,
"USW00014822","DETROIT CITY AIRPORT, MI US","2015-04-25","9.17"," 2116","0.00",,"52","38","   80","   30","16.1","21.9",,,,
"USW00014822","DETROIT CITY AIRPORT, MI US","2015-04-26","9.17"," 1710","0.00",,"57","34","   10","   20","17.0","23.0",,,,
"USW00014822","DETROIT CITY AIRPORT, MI US","2015-04-27","8.28"," 0755","0.00",,"52","38","  360","  360","18.1","25.1",,,,
"USW00014822","DETROIT CITY AIRPORT, MI US","2015-04-28","5.14"," 0928","0.00",,"60","34","   70","  350","13.0","18.1",,,,
"USW00014822","DETROIT CITY AIRPORT, MI US","2015-04-29","4.70"," 1948","0.00",,"66","39","   60","   70","16.1","19.9",,,,
"USW00014822","DETROIT CITY AIRPORT, MI US","2015-04-30","7.38"," 1527","0.63",,"55","43","   20","   20","15.0","19.9",,,,
"USW00014822","DETROIT CITY AIRPORT, MI US","2015-05-01","5.82"," 1244","0.00",,"71","45","   10","   10","17.0","23.0",,,,
"USW00014822","DETROIT CITY AIRPORT, MI US","2015-05-02","4.70"," 1513","0.00",,"75","47","  230","  260","14.1","19.9",,,,
"USW00014822","DETROIT CITY AIRPORT, MI US","2015-05-03","9.40"," 1457","0.00",,"77","53","  180","  210","21.9","28.0",,,,
"USW00014822","DETROIT CITY AIRPORT, MI US","2015-05-04","9.40"," 1144","0.03",,"74","59","  220","  240","21.9","28.0",,,,
"USW00014822","DETROIT CITY AIRPORT, MI US","2015-05-05","6.71"," 0428","0.50",,"60","49","   50","   50","13.0","18.1",,,,
"USW00014822","DETROIT CITY AIRPORT, MI US","2015-05-06","3.80"," 1031","0.11",,"69","50","  110","  140","8.9","14.1",,,,
"USW00014822","DETROIT CITY AIRPORT, MI US","2015-05-07","4.92"," 1547","0.00",,"80","51","  120","  120","13.0","16.1",,,,
"USW00014822","DETROIT CITY AIRPORT, MI US","2015-05-08","6.71"," 1546","0.00",,"85","59","  200","  210","17.0","23.0",,,,
"USW00014822","DETROIT CITY AIRPORT, MI US","2015-05-09","6.71"," 1750","0.00",,"82","59","  220","  230","21.0","25.9",,,,
"USW00014822","DETROIT CITY AIRPORT, MI US","2015-05-10","5.14"," 0102","0.33",,"74","55","   80","   80","13.0","15.0",,,,
"USW00014822","DETROIT CITY AIRPORT, MI US","2015-05-11","8.50"," 1633","0.35",,"83","57","  220","  200","29.1","36.0",,,,
"USW00014822","DETROIT CITY AIRPORT, MI US","2015-05-12","13.42"," 1219","0.00",,"66","49","  270","  240","23.9","36.0",,,,
"USW00014822","DETROIT CITY AIRPORT, MI US","2015-05-13","7.16"," 0559","0.01",,"56","41","  360","  360","16.1","21.9",,,,
"USW00014822","DETROIT CITY AIRPORT, MI US","2015-05-14","4.92"," 1314","0.00",,"63","37","  130","  180","13.0","15.0",,,,
"USW00014822","DETROIT CITY AIRPORT, MI US","2015-05-15","6.04"," 1234","0.06",,"75","51","  190","  200","19.9","23.9",,,,
"USW00014822","DETROIT CITY AIRPORT, MI US","2015-05-16","4.25"," 1554","0.12",,"75","62","  110","  150","10.1","13.0",,,,
"USW00014822","DETROIT CITY AIRPORT, MI US","2015-05-17","7.61"," 1537","0.01",,"80","63","  180","  170","18.1","25.1",,,,
"USW00014822","DETROIT CITY AIRPORT, MI US","2015-05-18","10.51"," 2019","0.00",,"84","68","  240","  240","19.9","25.1",,,,
"USW00014822","DETROIT CITY AIRPORT, MI US","2015-05-19","10.51"," 0047","0.00",,"68","43","  290","  280","17.0","23.9",,,,
"USW00014822","DETROIT CITY AIRPORT, MI US","2015-05-20","6.93"," 0204","0.00",,"58","40","  360","   10","15.0","19.9",,,,
"USW00014822","DETROIT CITY AIRPORT, MI US","2015-05-21","7.83"," 1747","0.00",,"65","49","  300","  280","17.0","23.9",,,,
"USW00014822","DETROIT CITY AIRPORT, MI US","2015-05-22","9.17"," 1054","0.00",,"66","44","  360","  360","19.9","28.0",,,,
"USW00014822","DETROIT CITY AIRPORT, MI US","2015-05-23","5.59"," 1446","0.00",,"73","39","  210","  210","15.0","21.9",,,,
"USW00014822","DETROIT CITY AIRPORT, MI US","2015-05-24","6.04"," 1307","0.00",,"78","54","  220","  230","15.0","19.9",,,,
"USW00014822","DETROIT CITY AIRPORT, MI US","2015-05-25","14.09"," 1842","0.00",,"81","65","  220","  220","29.1","40.9",,,,
"USW00014822","DETROIT CITY AIRPORT, MI US","2015-05-26",,,,,"83","66","  250","  210","25.9","44.1",,,,
"USW00014822","DETROIT CITY AIRPORT, MI US","2015-05-27","12.75"," 1827","0.02",,"79","66","  210","  240","19.9","25.9",,,,
"USW00014822","DETROIT CITY AIRPORT, MI US","2015-05-28","4.47"," 1428","0.00",,"76","56","  170","  180","15.0","19.9",,,,
"USW00014822","DETROIT CITY AIRPORT, MI US","2015-05-29","7.83"," 1657","0.07",,"81","60","  200","  170","16.1","21.9",,,,
"USW00014822","DETROIT CITY AIRPORT, MI US","2015-05-30","11.41"," 2352","1.12",,"81","51","   30","   30","21.0","28.0",,,,
"USW00014822","DETROIT CITY AIRPORT, MI US","2015-05-31","12.30"," 1331","0.96",,"51","48","   10","   30","21.0","30.0",,,,
"USW00014822","DETROIT CITY AIRPORT, MI US","2015-06-01","8.50"," 1305","0.00",,"62","46","   20","   30","17.0","21.9",,,,
"USW00014822","DETROIT CITY AIRPORT, MI US","2015-06-02","5.82"," 1329","0.00",,"69","45","   70","   70","15.0","18.1",,,,
"USW00014822","DETROIT CITY AIRPORT, MI US","2015-06-03","6.93"," 1540","0.00",,"71","50","   90","  110","13.0","18.1",,,,
"USW00014822","DETROIT CITY AIRPORT, MI US","2015-06-04","6.04"," 1553","0.00",,"79","59","  170","  170","14.1","17.0",,,,
"USW00014822","DETROIT CITY AIRPORT, MI US","2015-06-05","6.93"," 1915","0.12",,"81","60","   10","   20","21.0","27.1",,,,
"USW00014822","DETROIT CITY AIRPORT, MI US","2015-06-06","8.05"," 0347","0.00",,"71","52","   20","   20","15.0","19.9",,,,
"USW00014822","DETROIT CITY AIRPORT, MI US","2015-06-07","8.95"," 1738","0.17",,"80","50","  250","  240","25.1","33.1",,,,
"USW00014822","DETROIT CITY AIRPORT, MI US","2015-06-08","11.41"," 2045","0.22",,"79","63","  260","  250","23.9","36.0",,,,
"USW00014822","DETROIT CITY AIRPORT, MI US","2015-06-09","6.71"," 1239","0.00",,"78","61","  280","  280","15.0","19.0",,,,
"USW00014822","DETROIT CITY AIRPORT, MI US","2015-06-10","11.63"," 1222","0.21",,"89","63","  240","  250","25.9","36.0",,,,
"USW00014822","DETROIT CITY AIRPORT, MI US","2015-06-11","6.49"," 2140","0.00",,"72","58","  110","   70","12.1","15.0",,,,
"USW00014822","DETROIT CITY AIRPORT, MI US","2015-06-12","8.05"," 1348","0.00",,"80","58","  270","  270","18.1","25.1",,,,
"USW00014822","DETROIT CITY AIRPORT, MI US","2015-06-13","6.26"," 1302","0.13",,"70","57","   90","   90","13.0","15.0",,,,
"USW00014822","DETROIT CITY AIRPORT, MI US","2015-06-14","5.82"," 1401","0.82",,"82","63","  290","  290","18.1","25.9",,,,
"USW00014822","DETROIT CITY AIRPORT, MI US","2015-06-15","6.26"," 1446","0.54",,"85","70","  240","  250","21.0","27.1",,,,
"USW00014822","DETROIT CITY AIRPORT, MI US","2015-06-16","8.28"," 1824","0.04",,"83","62","   80","   70","16.1","21.9",,,,
"USW00014822","DETROIT CITY AIRPORT, MI US","2015-06-17","5.82"," 1820","0.04",,"74","58","  120","  120","13.0","16.1",,,,
"USW00014822","DETROIT CITY AIRPORT, MI US","2015-06-18","6.04"," 2257","0.02",,"81","64","  360","  360","19.9","23.0",,,,
"USW00014822","DETROIT CITY AIRPORT, MI US","2015-06-19","7.61"," 0045","0.00",,"73","56","   10","   10","16.1","23.0",,,,
"USW00014822","DETROIT CITY AIRPORT, MI US","2015-06-20","6.71"," 0648","0.10",,"75","53","  100","   80","12.1","14.1",,,,
"USW00014822","DETROIT CITY AIRPORT, MI US","2015-06-21","6.93"," 1922","0.00",,"84","67","  260","  240","15.0","23.0",,,,
"USW00014822","DETROIT CITY AIRPORT, MI US","2015-06-22","9.62"," 1757","0.05",,"83","62","  200","  210","25.1","38.0",,,,
"USW00014822","DETROIT CITY AIRPORT, MI US","2015-06-23","9.17"," 0105","0.50",,"80","67","  260","  270","21.9","31.1",,,,
"USW00014822","DETROIT CITY AIRPORT, MI US","2015-06-24","4.92"," 1608","0.00",,"80","56","  170","  140","14.1","19.0",,,,
"USW00014822","DETROIT CITY AIRPORT, MI US","2015-06-25","2.46"," 1527","0.00",,"75","62","  210","  230","13.0","15.0",,,,
"USW00014822","DETROIT CITY AIRPORT, MI US","2015-06-26","7.38"," 1113","0.00",,"75","60","   80","  120","15.0","21.0",,,,
"USW00014822","DETROIT CITY AIRPORT, MI US","2015-06-27","15.66"," 1721","1.55",,"66","56","   10","   40","28.0","42.9",,,,
"USW00014822","DETROIT CITY AIRPORT, MI US","2015-06-28","10.51"," 1018","0.01",,"76","58","   10","   20","25.1","32.0",,,,
"USW00014822","DETROIT CITY AIRPORT, MI US","2015-06-29","6.71"," 1301","0.00",,"77","59","  180","  190","19.9","25.1",,,,
"USW00014822","DETROIT CITY AIRPORT, MI US","2015-06-30","4.03"," 1750","0.37",,"77","63","   60","   50","14.1","16.1",,,,
"USW00014822","DETROIT CITY AIRPORT, MI US","2015-07-01","5.82"," 1158","0.10",,"72","60","   10","  330","13.0","17.0",,,,
"USW00014822","DETROIT CITY AIRPORT, MI US","2015-07-02","7.16"," 1642","0.00",,"73","58","   80","   80","14.1","18.1",,,,
"USW00014822","DETROIT CITY AIRPORT, MI US","2015-07-03","3.36"," 1637","0.00",,"73","53","  110","  120","10.1","15.0",,,,
"USW00014822","DETROIT CITY AIRPORT, MI US","2015-07-04","4.25"," 1339","0.00",,"78","56","  120","  110","10.1","14.1",,,,
"USW00014822","DETROIT CITY AIRPORT, MI US","2015-07-05","4.70"," 1333","0.00",,"81","61","  110","  340","12.1","19.9",,,,
"USW00014822","DETROIT CITY AIRPORT, MI US","2015-07-06","6.04"," 1149","0.00",,"84","59","  200","  140","13.0","17.0",,,,
"USW00014822","DETROIT CITY AIRPORT, MI US","2015-07-07","10.29"," 0900","0.17",,"79","61","  220","  230","18.1","23.0",,,,
"USW00014822","DETROIT CITY AIRPORT, MI US","2015-07-08","4.92"," 1310","0.00",,"65","55","   60","  190","12.1","18.1",,,,
"USW00014822","DETROIT CITY AIRPORT, MI US","2015-07-09","5.14"," 1003","0.47",,"75","60","  360","   20","12.1","15.0",,,,
"USW00014822","DETROIT CITY AIRPORT, MI US","2015-07-10","3.80"," 1250","0.00",,"78","56","  150","  130","13.0","19.9",,,,
"USW00014822","DETROIT CITY AIRPORT, MI US","2015-07-11","4.47"," 1401","0.00",,"82","60","  200","  180","14.1","23.0",,,,
"USW00014822","DETROIT CITY AIRPORT, MI US","2015-07-12","3.80"," 1543","0.00",,"78","65","  130","  150","13.0","17.0",,,,
"USW00014822","DETROIT CITY AIRPORT, MI US","2015-07-13","6.49"," 1108","0.00",,"80","60","  140","  220","17.0","23.0",,,,
"USW00014822","DETROIT CITY AIRPORT, MI US","2015-07-14","10.74"," 2305","0.24",,"82","63","   10","  360","25.1","34.0",,,,
"USW00014822","DETROIT CITY AIRPORT, MI US","2015-07-15","10.29"," 0003","0.00",,"75","57","   10","   10","21.0","25.9",,,,
"USW00014822","DETROIT CITY AIRPORT, MI US","2015-07-16","6.26"," 1252","0.00",,"76","54","  140","  160","14.1","19.0",,,,
"USW00014822","DETROIT CITY AIRPORT, MI US","2015-07-17","8.72"," 0906","0.31",,"85","67","  220","  190","17.0","23.9",,,,
"USW00014822","DETROIT CITY AIRPORT, MI US","2015-07-18","7.61"," 1256","0.01",,"89","71","  330","  330","19.9","28.0",,,,
"USW00014822","DETROIT CITY AIRPORT, MI US","2015-07-19","9.40"," 1824","0.00",,"91","72","  270","  270","19.9","25.9",,,,
"USW00014822","DETROIT CITY AIRPORT, MI US","2015-07-20","7.38"," 1234","0.00",,"86","64","  240","  240","17.0","21.0",,,,
"USW00014822","DETROIT CITY AIRPORT, MI US","2015-07-21","8.05"," 1647","0.00",,"82","69","  320","  310","15.0","21.0",,,,
"USW00014822","DETROIT CITY AIRPORT, MI US","2015-07-22","4.70"," 0909","0.00",,"79","61","  360","   10","12.1","17.0",,,,
"USW00014822","DETROIT CITY AIRPORT, MI US","2015-07-23","5.82"," 1251","0.00",,"82","62","  190","  120","12.1","15.0",,,,
"USW00014822","DETROIT CITY AIRPORT, MI US","2015-07-24","3.80"," 1422","0.00",,"89","67","   50","  270","12.1","15.0",,,,
"USW00014822","DETROIT CITY AIRPORT, MI US","2015-07-25","7.61"," 1748","0.12",,"88","70","  270","  280","21.9","31.1",,,,
"USW00014822","DETROIT CITY AIRPORT, MI US","2015-07-26","4.03"," 1148","0.00",,"84","67","  130","  130","12.1","15.0",,,,
"USW00014822","DETROIT CITY AIRPORT, MI US","2015-07-27","3.13"," 1334","0.00",,"87","65","  120","  130","10.1","15.0",,,,
"USW00014822","DETROIT CITY AIRPORT, MI US","2015-07-28","3.80"," 1331","0.00",,"89","68","  110","   90","12.1","16.1",,,,
"USW00014822","DETROIT CITY AIRPORT, MI US","2015-07-29","6.04"," 1529","0.23",,"90","69","  260","  260","23.0","33.1",,,,
"USW00014822","DETROIT CITY AIRPORT, MI US","2015-07-30","9.40"," 1632","0.00",,"86","66","  270","  260","21.9","28.0",,,,
"USW00014822","DETROIT CITY AIRPORT, MI US","2015-07-31","9.62"," 1713","0.00",,"88","68","  260","  250","21.9","31.1",,,,
"USW00014822","DETROIT CITY AIRPORT, MI US","2015-08-01","8.05"," 1617","0.00",,"84","64","  270","  270","19.9","31.1",,,,
"USW00014822","DETROIT CITY AIRPORT, MI US","2015-08-02","12.30"," 1803","0.67",,"91","63","  230","  230","28.0","38.0",,,,
"USW00014822","DETROIT CITY AIRPORT, MI US","2015-08-03","10.29"," 0137","0.36",,"81","63","  170","  170","28.0","35.1",,,,
"USW00014822","DETROIT CITY AIRPORT, MI US","2015-08-04","6.71"," 1148","0.00",,"81","61","  270","  280","17.0","25.1",,,,
"USW00014822","DETROIT CITY AIRPORT, MI US","2015-08-05","5.82"," 1211","0.00",,"80","61","  310","  320","14.1","21.9",,,,
"USW00014822","DETROIT CITY AIRPORT, MI US","2015-08-06","5.37"," 1452","0.00",,"75","60","  100","  110","15.0","19.9",,,,
"USW00014822","DETROIT CITY AIRPORT, MI US","2015-08-07","6.49"," 1357","0.00",,"77","59","   70","   60","15.0","23.0",,,,
"USW00014822","DETROIT CITY AIRPORT, MI US","2015-08-08","6.04"," 1721","0.05",,"76","64","  100","   90","13.0","18.1",,,,
"USW00014822","DETROIT CITY AIRPORT, MI US","2015-08-09","6.26"," 1502","0.05",,"79","65","  110","  110","15.0","18.1",,,,
"USW00014822","DETROIT CITY AIRPORT, MI US","2015-08-10","3.58"," 1554","0.38",,"77","68","  360","  340","12.1","16.1",,,,
"USW00014822","DETROIT CITY AIRPORT, MI US","2015-08-11","6.71"," 1212","0.00",,"81","66","  330","  360","17.0","23.0",,,,
"USW00014822","DETROIT CITY AIRPORT, MI US","2015-08-12","7.16"," 1158","0.00",,"77","61","   10","  340","16.1","21.9",,,,
"USW00014822","DETROIT CITY AIRPORT, MI US","2015-08-13","9.84"," 1401","0.00",,"86","63","  230","  230","19.9","25.1",,,,
"USW00014822","DETROIT CITY AIRPORT, MI US","2015-08-14","9.17"," 1914","0.00",,"87","68","  360","  340","23.0","33.1",,,,
"USW00014822","DETROIT CITY AIRPORT, MI US","2015-08-15","4.47"," 1634","0.00",,"85","66","  190","  150","12.1","16.1",,,,
"USW00014822","DETROIT CITY AIRPORT, MI US","2015-08-16","6.49"," 1529","0.00",,"87","67","  200","  210","16.1","21.0",,,,
"USW00014822","DETROIT CITY AIRPORT, MI US","2015-08-17","8.05"," 1457","0.00",,"88","72","  190","  190","17.0","23.0",,,,
"USW00014822","DETROIT CITY AIRPORT, MI US","2015-08-18","6.93"," 1049","0.09",,"83","70","  170","  190","18.1","23.0",,,,
"USW00014822","DETROIT CITY AIRPORT, MI US","2015-08-19","11.18"," 1521","0.28",,"87","72","  200","  180","23.9","31.1",,,,
"USW00014822","DETROIT CITY AIRPORT, MI US","2015-08-20","11.86"," 1547","1.12",,"75","63","  250","  250","23.9","32.0",,,,
"USW00014822","DETROIT CITY AIRPORT, MI US","2015-08-21","4.92"," 1051","0.00",,"79","59","  310","  330","14.1","19.9",,,,
"USW00014822","DETROIT CITY AIRPORT, MI US","2015-08-22","4.70"," 1638","0.00",,"79","60","  180","  160","13.0","17.0",,,,
"USW00014822","DETROIT CITY AIRPORT, MI US","2015-08-23","7.83"," 2112","0.82",,"81","62","  180","  280","17.0","23.0",,,,
"USW00014822","DETROIT CITY AIRPORT, MI US","2015-08-24","10.07"," 1246","0.00",,"74","58","  250","  260","21.0","28.0",,,,
"USW00014822","DETROIT CITY AIRPORT, MI US","2015-08-25","7.38"," 1219","0.02",,"64","58","  220","  220","14.1","17.0",,,,
"USW00014822","DETROIT CITY AIRPORT, MI US","2015-08-26","6.04"," 1139","0.01",,"68","58","  330","  350","13.0","18.1",,,,
"USW00014822","DETROIT CITY AIRPORT, MI US","2015-08-27","4.03"," 1039","0.00",,"67","56","  360","  320","12.1","14.1",,,,
"USW00014822","DETROIT CITY AIRPORT, MI US","2015-08-28","2.91"," 1517","0.00",,"75","52","  190","  210","12.1","14.1",,,,
"USW00014822","DETROIT CITY AIRPORT, MI US","2015-08-29","3.13"," 1159","0.00",,"76","64","  100","  100","10.1","13.0",,,,
"USW00014822","DETROIT CITY AIRPORT, MI US","2015-08-30","3.80"," 1605","0.00",,"83","68","  210","  220","15.0","18.1",,,,
"USW00014822","DETROIT CITY AIRPORT, MI US","2015-08-31","3.80"," 1014","0.00",,"85","67","  240","  310","13.0","21.9",,,,
"USW00014822","DETROIT CITY AIRPORT, MI US","2015-09-01","4.25"," 1541","0.00",,"88","65","  200","  230","13.0","19.0",,,,
"USW00014822","DETROIT CITY AIRPORT, MI US","2015-09-02","6.04"," 1807","0.00",,"91","71","  360","  350","23.0","33.1",,,,
"USW00014822","DETROIT CITY AIRPORT, MI US","2015-09-03","4.25"," 1344","1.14",,"88","68","  270","  290","25.1","46.1",,,,
"USW00014822","DETROIT CITY AIRPORT, MI US","2015-09-04","6.49"," 0928","0.04",,"81","69","  110","  190","13.0","17.0",,,,
"USW00014822","DETROIT CITY AIRPORT, MI US","2015-09-05","4.92"," 0726","0.00",,"83","67","  230","  210","14.1","21.0",,,,
"USW00014822","DETROIT CITY AIRPORT, MI US","2015-09-06","4.03"," 1802","0.00",,"89","68","  200","  210","12.1","15.0",,,,
"USW00014822","DETROIT CITY AIRPORT, MI US","2015-09-07","7.38"," 1446","0.00",,"91","72","  230","  260","18.1","25.1",,,,
"USW00014822","DETROIT CITY AIRPORT, MI US","2015-09-08","8.28"," 1627","0.00",,"88","74","  210","  220","19.9","25.9",,,,
"USW00014822","DETROIT CITY AIRPORT, MI US","2015-09-09","7.61"," 0008","0.03",,"79","61","  360","  280","15.0","19.9",,,,
"USW00014822","DETROIT CITY AIRPORT, MI US","2015-09-10","4.25"," 0923","0.00",,"78","56","  130","  130","13.0","16.1",,,,
"USW00014822","DETROIT CITY AIRPORT, MI US","2015-09-11","7.83"," 0759","0.22",,"68","59","   10","   10","16.1","19.9",,,,
"USW00014822","DETROIT CITY AIRPORT, MI US","2015-09-12","10.07"," 1509","0.01",,"64","52","   10","  320","19.9","27.1",,,,
"USW00014822","DETROIT CITY AIRPORT, MI US","2015-09-13","7.38"," 0941","0.00",,"67","48","  290","  350","16.1","23.9",,,,
"USW00014822","DETROIT CITY AIRPORT, MI US","2015-09-14","8.28"," 1445","0.00",,"76","50","  240","  250","17.0","23.9",,,,
"USW00014822","DETROIT CITY AIRPORT, MI US","2015-09-15","8.05"," 1517","0.00",,"81","63","  180","  190","17.0","19.9",,,,
"USW00014822","DETROIT CITY AIRPORT, MI US","2015-09-16","4.92"," 1432","0.00",,"82","59","  180","  190","15.0","19.0",,,,
"USW00014822","DETROIT CITY AIRPORT, MI US","2015-09-17","6.04"," 1324","0.00",,"81","59","  190","  200","17.0","23.9",,,,
"USW00014822","DETROIT CITY AIRPORT, MI US","2015-09-18","7.16"," 0900","0.16",,"78","67","  180","  180","16.1","19.0",,,,
"USW00014822","DETROIT CITY AIRPORT, MI US","2015-09-19","9.84"," 1249","0.16",,"72","58","  330","  310","21.0","32.0",,,,
"USW00014822","DETROIT CITY AIRPORT, MI US","2015-09-20","4.70"," 1428","0.00",,"69","50","   80","   80","13.0","16.1",,,,
"USW00014822","DETROIT CITY AIRPORT, MI US","2015-09-21","6.04"," 1028","0.00",,"71","52","   80","   70","16.1","21.0",,,,
"USW00014822","DETROIT CITY AIRPORT, MI US","2015-09-22","2.91"," 1302","0.00",,"76","52","  120","  100","10.1","14.1",,,,
"USW00014822","DETROIT CITY AIRPORT, MI US","2015-09-23","2.46"," 1305","0.00",,"77","53","   70","   70","12.1","14.1",,,,
"USW00014822","DETROIT CITY AIRPORT, MI US","2015-09-24","6.71"," 1924","0.00",,"78","55","   90","   90","16.1","19.0",,,,
"USW00014822","DETROIT CITY AIRPORT, MI US","2015-09-25","7.38"," 1336","0.00",,"77","60","  110","  100","16.1","21.0",,,,
"USW00014822","DETROIT CITY AIRPORT, MI US","2015-09-26","10.07"," 1253","0.00",,"73","61","   90","   80","19.9","23.9",,,,
"USW00014822","DETROIT CITY AIRPORT, MI US","2015-09-27","7.38"," 1416","0.00",,"76","59","  180","  190","16.1","19.0",,,,
"USW00014822","DETROIT CITY AIRPORT, MI US","2015-09-28","6.04"," 0020","0.00",,"80","67","  190","  180","12.1","15.0",,,,
"USW00014822","DETROIT CITY AIRPORT, MI US","2015-09-29","7.16"," 1311","0.46",,"73","58","   20","   30","21.0","29.1",,,,
"USW00014822","DETROIT CITY AIRPORT, MI US","2015-09-30","13.20"," 1820","0.00",,"65","50","   20","   30","21.9","30.0",,,,
"USW00014822","DETROIT CITY AIRPORT, MI US","2015-10-01","12.53"," 0853","0.00",,"60","46","   70","   50","21.0","28.0",,,,
"USW00014822","DETROIT CITY AIRPORT, MI US","2015-10-02","15.21"," 2020","0.00",,"56","47","   60","   50","25.1","36.9",,,,
"USW00014822","DETROIT CITY AIRPORT, MI US","2015-10-03","16.11"," 1452","0.18",,"52","47","   60","   60","21.9","32.0",,,,
"USW00014822","DETROIT CITY AIRPORT, MI US","2015-10-04","6.71"," 1403","0.00",,"61","48","   80","   50","12.1","17.0",,,,
"USW00014822","DETROIT CITY AIRPORT, MI US","2015-10-05","5.82"," 1925","0.00",,"73","56","   60","   50","12.1","15.0",,,,
"USW00014822","DETROIT CITY AIRPORT, MI US","2015-10-06","2.46"," 1622","0.00",,"68","56","  360","   10","10.1","12.1",,,,
"USW00014822","DETROIT CITY AIRPORT, MI US","2015-10-07","6.71"," 1313","0.00",,"74","51","  320","  320","14.1","19.0",,,,
"USW00014822","DETROIT CITY AIRPORT, MI US","2015-10-08","5.59"," 1453","0.03",,"73","47","  210","  210","14.1","18.1",,,,
"USW00014822","DETROIT CITY AIRPORT, MI US","2015-10-09","8.05"," 1217","0.01",,"64","46","  330","  330","16.1","23.0",,,,
"USW00014822","DETROIT CITY AIRPORT, MI US","2015-10-10","4.92"," 1455","0.00",,"63","41","  220","  250","15.0","25.1",,,,
"USW00014822","DETROIT CITY AIRPORT, MI US","2015-10-11","11.41"," 1441","0.00",,"74","50","  240","  220","21.9","28.0",,,,
"USW00014822","DETROIT CITY AIRPORT, MI US","2015-10-12","11.63"," 1331","0.00",,"76","56","  200","  220","23.9","33.1",,,,
"USW00014822","DETROIT CITY AIRPORT, MI US","2015-10-13","11.63"," 0802","0.00",,"64","51","  260","  270","19.9","27.1",,,,
"USW00014822","DETROIT CITY AIRPORT, MI US","2015-10-14","6.49"," 1340","0.00",,"58","44","  330","  330","16.1","19.9",,,,
"USW00014822","DETROIT CITY AIRPORT, MI US","2015-10-15","11.18"," 1225","0.00",,"63","43","  250","  230","29.1","40.0",,,,
"USW00014822","DETROIT CITY AIRPORT, MI US","2015-10-16","8.28"," 1642","0.00",,"56","38","  330","  320","21.0","29.1",,,,
"USW00014822","DETROIT CITY AIRPORT, MI US","2015-10-17","6.71"," 1538","0.00",,"47","33","  330","  340","18.1","23.0",,,,
"USW00014822","DETROIT CITY AIRPORT, MI US","2015-10-18","5.82"," 1253","0.00",,"51","33","  330","  320","17.0","21.9",,,,
"USW00014822","DETROIT CITY AIRPORT, MI US","2015-10-19","12.97"," 1701","0.00",,"67","32","  230","  220","28.0","36.9",,,,
"USW00014822","DETROIT CITY AIRPORT, MI US","2015-10-20","11.86"," 0934","0.00",,"76","56","  240","  240","19.9","25.9",,,,
"USW00014822","DETROIT CITY AIRPORT, MI US","2015-10-21","8.95"," 2220","0.00",,"72","56","  240","  220","19.9","28.0",,,,
"USW00014822","DETROIT CITY AIRPORT, MI US","2015-10-22","8.05"," 0019","0.00",,"67","48","  240","  240","19.9","30.0",,,,
"USW00014822","DETROIT CITY AIRPORT, MI US","2015-10-23","7.83"," 1757","0.00",,"56","42","  100","  110","17.0","21.0",,,,
"USW00014822","DETROIT CITY AIRPORT, MI US","2015-10-24","9.84"," 1823","0.05",,"69","51","  270","  280","23.0","32.0",,,,
"USW00014822","DETROIT CITY AIRPORT, MI US","2015-10-25","6.49"," 0139","0.01",,"61","43","  310","  310","18.1","25.1",,,,
"USW00014822","DETROIT CITY AIRPORT, MI US","2015-10-26","5.82"," 1354","0.00",,"59","40","  120","  110","13.0","16.1",,,,
"USW00014822","DETROIT CITY AIRPORT, MI US","2015-10-27","10.96"," 1819","0.01",,"58","45","  100","  110","21.0","27.1",,,,
"USW00014822","DETROIT CITY AIRPORT, MI US","2015-10-28","14.32"," 2048","0.04",,"61","50","  250","  260","25.1","32.0",,,,
"USW00014822","DETROIT CITY AIRPORT, MI US","2015-10-29","17.00"," 0348","0.00",,"53","38","  240","  240","25.9","38.0",,,,
"USW00014822","DETROIT CITY AIRPORT, MI US","2015-10-30","4.25"," 0006","0.00",,"53","42","  210","  260","10.1","14.1",,,,
"USW00014822","DETROIT CITY AIRPORT, MI US","2015-10-31","8.95"," 2242","0.00",,"52","42","  210","  190","21.9","30.0",,,,
"USW00014822","DETROIT CITY AIRPORT, MI US","2015-11-01","11.18"," 1234","0.00",,"65","44","  250","  290","21.9","30.0",,,,
"USW00014822","DETROIT CITY AIRPORT, MI US","2015-11-02","4.70"," 1524","0.00",,"68","39","  190","  190","15.0","18.1",,,,
"USW00014822","DETROIT CITY AIRPORT, MI US","2015-11-03","4.25"," 1546","0.00",,"74","49","  170","  170","12.1","14.1",,,,
"USW00014822","DETROIT CITY AIRPORT, MI US","2015-11-04","4.03"," 1438","0.00",,"75","44","  190","  190","12.1","15.0",,,,
"USW00014822","DETROIT CITY AIRPORT, MI US","2015-11-05","8.05"," 2023","0.00",,"73","54","  210","  210","18.1","25.1",,,,
"USW00014822","DETROIT CITY AIRPORT, MI US","2015-11-06","12.75"," 0746",,,"66","50","  270","  270","25.9","36.9",,,,
"USW00014822","DETROIT CITY AIRPORT, MI US","2015-11-07","9.17"," 1544","0.00",,"53","40","  270","  290","21.0","31.1",,,,
"USW00014822","DETROIT CITY AIRPORT, MI US","2015-11-08","3.80"," 1354","0.00",,"50","32","  210","  240","13.0","16.1",,,,
"USW00014822","DETROIT CITY AIRPORT, MI US","2015-11-09","2.24"," 1246","0.00",,"55","30","  200","  200","10.1","12.1",,,,
"USW00014822","DETROIT CITY AIRPORT, MI US","2015-11-10","4.92"," 1122","0.00",,"48","42","  360","  360","13.0","16.1",,,,
"USW00014822","DETROIT CITY AIRPORT, MI US","2015-11-11","6.26"," 1554",,,"56","37","  190","  190","14.1","18.1",,,,
"USW00014822","DETROIT CITY AIRPORT, MI US","2015-11-12","20.80"," 0846","0.10",,"55","45","  230","  240","36.9","48.1",,,,
"USW00014822","DETROIT CITY AIRPORT, MI US","2015-11-13","14.99"," 1053","0.03",,"46","37","  270","  280","29.1","53.9",,,,
"USW00014822","DETROIT CITY AIRPORT, MI US","2015-11-14","9.40"," 0147","0.00",,"49","37","  310","  320","18.1","25.9",,,,
"USW00014822","DETROIT CITY AIRPORT, MI US","2015-11-15","10.29"," 0234","0.00",,"64","41","  220","  230","16.1","21.0",,,,
"USW00014822","DETROIT CITY AIRPORT, MI US","2015-11-16","4.70"," 1445","0.00",,"62","38","  210","  210","12.1","14.1",,,,
"USW00014822","DETROIT CITY AIRPORT, MI US","2015-11-17","9.62"," 2326","0.00",,"59","45","  120","  170","16.1","23.9",,,,
"USW00014822","DETROIT CITY AIRPORT, MI US","2015-11-18","13.65"," 1835","0.37",,"62","56","  170","  160","25.1","34.0",,,,
"USW00014822","DETROIT CITY AIRPORT, MI US","2015-11-19","18.12"," 1714","0.00",,"60","38","  240","  240","29.1","40.0",,,,
"USW00014822","DETROIT CITY AIRPORT, MI US","2015-11-20","12.08"," 1108","0.00",,"45","34","  260","  260","21.9","30.0",,,,
"USW00014822","DETROIT CITY AIRPORT, MI US","2015-11-21","8.50"," 2312","0.40",,"39","30","  300","  290","16.1","25.9",,,,
"USW00014822","DETROIT CITY AIRPORT, MI US","2015-11-22","8.05"," 1101","0.00",,"32","22","  290","  290","15.0","21.9",,,,
"USW00014822","DETROIT CITY AIRPORT, MI US","2015-11-23","8.72"," 1453","0.00",,"34","22","  220","  220","21.0","29.1",,,,
"USW00014822","DETROIT CITY AIRPORT, MI US","2015-11-24","3.36"," 0716","0.00",,"39","25","  250","  250","10.1","14.1",,,,
"USW00014822","DETROIT CITY AIRPORT, MI US","2015-11-25","7.61"," 2344","0.00",,"53","29","  160","  190","15.0","21.0",,,,
"USW00014822","DETROIT CITY AIRPORT, MI US","2015-11-26","14.32"," 2236","0.03",,"60","46","  210","  180","23.0","32.0",,,,
"USW00014822","DETROIT CITY AIRPORT, MI US","2015-11-27","12.75"," 0701","0.40",,"58","35","  210","  240","21.0","28.0",,,,
"USW00014822","DETROIT CITY AIRPORT, MI US","2015-11-28","7.83"," 0556","0.03",,"38","29","   10","  360","14.1","21.0",,,,
"USW00014822","DETROIT CITY AIRPORT, MI US","2015-11-29","4.25"," 1401","0.00",,"37","23","   80","   80","10.1","13.0",,,,
"USW00014822","DETROIT CITY AIRPORT, MI US","2015-11-30","8.50"," 1618","0.00",,"43","26","   70","   70","15.0","18.1",,,,
"USW00014822","DETROIT CITY AIRPORT, MI US","2015-12-01","7.38"," 1525","0.01",,"49","36","  270","  280","13.0","18.1","    1",,,
"USW00014822","DETROIT CITY AIRPORT, MI US","2015-12-02","3.80"," 1813","0.03",,"43","26","  250","  240","15.0","19.0",,"    1",,
"USW00014822","DETROIT CITY AIRPORT, MI US","2015-12-03","9.17"," 2350","0.06",,"44","33","  260","  260","17.0","25.1","    1",,,
"USW00014822","DETROIT CITY AIRPORT, MI US","2015-12-04","8.95"," 0248","0.00",,"44","34","  250","  250","19.9","25.1","    1",,,
"USW00014822","DETROIT CITY AIRPORT, MI US","2015-12-05","4.92"," 1731","0.00",,"35","28","  180","  180","10.1","13.0",,"    1",,
"USW00014822","DETROIT CITY AIRPORT, MI US","2015-12-06","4.92"," 1457","0.00",,"42","28","  210","  220","8.9","12.1",,"    1",,"    1"
"USW00014822","DETROIT CITY AIRPORT, MI US","2015-12-07","2.46"," 1933","0.00",,"35","27","  200","  140","8.1","10.1",,"    1",,
"USW00014822","DETROIT CITY AIRPORT, MI US","2015-12-08","6.49"," 1158","0.00",,"43","32","  200","  200","14.1","18.1",,,,
"USW00014822","DETROIT CITY AIRPORT, MI US","2015-12-09","9.62"," 1542","0.00",,"50","38","  240","  230","19.9","27.1",,,,
"USW00014822","DETROIT CITY AIRPORT, MI US","2015-12-10","12.30"," 2044","0.00",,"52","37","  210","  200","25.1","35.1",,,,
"USW00014822","DETROIT CITY AIRPORT, MI US","2015-12-11","10.51"," 1124","0.00",,"55","43","  240","  230","25.1","33.1",,,,
"USW00014822","DETROIT CITY AIRPORT, MI US","2015-12-12","2.68"," 0600","0.00",,"59","43","   90","   90","8.9","11.0",,,,
"USW00014822","DETROIT CITY AIRPORT, MI US","2015-12-13","6.26"," 1308","0.01",,"61","50","  190","  200","13.0","19.9",,,,
"USW00014822","DETROIT CITY AIRPORT, MI US","2015-12-14","12.08"," 1502","0.20",,"59","47","  240","  260","29.1","38.0",,,,
"USW00014822","DETROIT CITY AIRPORT, MI US","2015-12-15","9.17"," 0947","0.00",,"48","40","  280","  270","18.1","25.1",,,,
"USW00014822","DETROIT CITY AIRPORT, MI US","2015-12-16","8.95"," 2056","0.01",,"53","40","  210","  210","18.1","23.9",,,,
"USW00014822","DETROIT CITY AIRPORT, MI US","2015-12-17","10.51"," 0158","0.00",,"52","33","  250","  250","19.9","25.1",,,,
"USW00014822","DETROIT CITY AIRPORT, MI US","2015-12-18","12.08"," 1827","0.00",,"34","26","  280","  280","21.9","30.0",,,,
"USW00014822","DETROIT CITY AIRPORT, MI US","2015-12-19","11.41"," 1559","0.00",,"31","25","  260","  260","21.9","31.1",,,,
"USW00014822","DETROIT CITY AIRPORT, MI US","2015-12-20","12.75"," 2145","0.00",,"42","22","  200","  200","25.1","35.1",,,,
"USW00014822","DETROIT CITY AIRPORT, MI US","2015-12-21","12.08"," 1414","0.44",,"50","39","  220","  220","21.9","27.1",,,,
"USW00014822","DETROIT CITY AIRPORT, MI US","2015-12-22","6.71"," 0134","0.01",,"53","38","  220","  200","16.1","21.9",,,,
"USW00014822","DETROIT CITY AIRPORT, MI US","2015-12-23","10.29"," 2124","0.38",,"59","38","  180","  200","25.9","38.0",,,,
"USW00014822","DETROIT CITY AIRPORT, MI US","2015-12-24","14.09"," 0457","0.00",,"58","42","  220","  250","30.0","45.0",,,,
"USW00014822","DETROIT CITY AIRPORT, MI US","2015-12-25","3.80"," 1503","0.00",,"50","33","   10","  360","10.1","14.1",,,,
"USW00014822","DETROIT CITY AIRPORT, MI US","2015-12-26","8.72"," 1742","0.14",,"44","34","  120","  130","23.0","30.0",,,,
"USW00014822","DETROIT CITY AIRPORT, MI US","2015-12-27","11.41"," 1141","0.20",,"43","33","  360","  360","23.9","31.1",,,,
"USW00014822","DETROIT CITY AIRPORT, MI US","2015-12-28","17.22"," 2100","0.81",,"38","27","   90","  100","31.1","42.1",,,,
"USW00014822","DETROIT CITY AIRPORT, MI US","2015-12-29","12.08"," 1049","0.00",,"45","35","  250","  260","23.9","35.1",,,,
"USW00014822","DETROIT CITY AIRPORT, MI US","2015-12-30","7.38"," 2129","0.00",,"35","32","  270","  260","13.0","18.1",,,,
"USW00014822","DETROIT CITY AIRPORT, MI US","2015-12-31","11.18"," 2321","0.00",,"33","30","  250","  260","18.1","25.9",,,,
"USW00014822","DETROIT CITY AIRPORT, MI US","2016-01-01","13.20"," 1103","0.00",,"30","25","  240","  250","21.0","27.1",,,,
"USW00014822","DETROIT CITY AIRPORT, MI US","2016-01-02","12.53"," 2158","0.00",,"36","27","  240","  250","21.9","30.0",,,,
"USW00014822","DETROIT CITY AIRPORT, MI US","2016-01-03","9.62"," 0403","0.00",,"34","25","  290","  310","17.0","23.0",,,,
"USW00014822","DETROIT CITY AIRPORT, MI US","2016-01-04","9.17"," 1244","0.00",,"25","15","   10","   10","16.1","23.9",,,,
"USW00014822","DETROIT CITY AIRPORT, MI US","2016-01-05","5.59"," 1223","0.00",,"28","10","  210","  230","15.0","19.9",,,,
"USW00014822","DETROIT CITY AIRPORT, MI US","2016-01-06","6.93"," 0425","0.00",,"37","19","  220","  220","14.1","18.1",,,,
"USW00014822","DETROIT CITY AIRPORT, MI US","2016-01-07","3.36"," 1237","0.00",,"43","26","  160","  190","8.9","12.1",,,,
"USW00014822","DETROIT CITY AIRPORT, MI US","2016-01-08","3.80"," 1624","0.13",,"40","27","  120","  110","10.1","14.1",,,,
"USW00014822","DETROIT CITY AIRPORT, MI US","2016-01-09","8.05"," 1003","0.06",,"50","40","  200","  230","15.0","19.9",,,,
"USW00014822","DETROIT CITY AIRPORT, MI US","2016-01-10","13.87"," 1448","0.37",,"43","18","  290","  290","25.9","38.9",,,,
"USW00014822","DETROIT CITY AIRPORT, MI US","2016-01-11","11.86"," 0145","0.00",,"19","10","  240","  270","21.9","29.1",,,,
"USW00014822","DETROIT CITY AIRPORT, MI US","2016-01-12","14.54"," 1004","0.02",,"27","15","  270","  260","23.9","36.0",,,,
"USW00014822","DETROIT CITY AIRPORT, MI US","2016-01-13","12.53"," 1808","0.00",,"17","12","  220","  230","21.0","27.1",,,,
"USW00014822","DETROIT CITY AIRPORT, MI US","2016-01-14","5.14"," 0001","0.00",,"33","17","  230","  230","15.0","19.9",,,,
"USW00014822","DETROIT CITY AIRPORT, MI US","2016-01-15","9.17"," 1019","0.23",,"41","22","  210","  180","18.1","21.9",,,,
"USW00014822","DETROIT CITY AIRPORT, MI US","2016-01-16","10.74"," 1435","0.00",,"38","29","  280","  270","17.0","25.9",,,,
"USW00014822","DETROIT CITY AIRPORT, MI US","2016-01-17","12.53"," 2004","0.00",,"30","11","  290","  280","19.9","27.1",,,,
"USW00014822","DETROIT CITY AIRPORT, MI US","2016-01-18","13.42"," 1320","0.00",,"18","9","  260","  280","21.9","29.1",,,,
"USW00014822","DETROIT CITY AIRPORT, MI US","2016-01-19","7.61"," 1415","0.00",,"22","9","  310","  310","15.0","21.0",,,,
"USW00014822","DETROIT CITY AIRPORT, MI US","2016-01-20","4.25"," 0346","0.00",,"21","12","  240","  230","8.1","10.1",,,,
"USW00014822","DETROIT CITY AIRPORT, MI US","2016-01-21","4.47"," 1048","0.00",,"26","14","  250","  250","10.1","12.1",,,,
"USW00014822","DETROIT CITY AIRPORT, MI US","2016-01-22","7.83"," 1442","0.00",,"28","20","   50","   80","16.1","21.0",,,,
"USW00014822","DETROIT CITY AIRPORT, MI US","2016-01-23","8.28"," 0533","0.00",,"32","19","   50","   40","19.9","25.9",,,,
"USW00014822","DETROIT CITY AIRPORT, MI US","2016-01-24","8.95"," 1226","0.00",,"36","18","  240","  230","18.1","23.0",,,,
"USW00014822","DETROIT CITY AIRPORT, MI US","2016-01-25","11.18"," 1959","0.00",,"42","27","  190","  180","18.1","25.1",,,,
"USW00014822","DETROIT CITY AIRPORT, MI US","2016-01-26","15.21"," 0613","0.00",,"46","32","  250","  230","29.1","38.9",,,,
"USW00014822","DETROIT CITY AIRPORT, MI US","2016-01-27","12.53"," 2025","0.00",,"34","27","  220","  220","23.9","31.1",,,,
"USW00014822","DETROIT CITY AIRPORT, MI US","2016-01-28","14.32"," 0037","0.00",,"38","28","  210","  210","23.0","30.0",,,,
"USW00014822","DETROIT CITY AIRPORT, MI US","2016-01-29","8.95"," 0133","0.00",,"31","22","  300","  310","21.9","28.0",,,,
"USW00014822","DETROIT CITY AIRPORT, MI US","2016-01-30","10.74"," 1342","0.00",,"49","28","  250","  230","21.0","25.9",,,,
"USW00014822","DETROIT CITY AIRPORT, MI US","2016-01-31","9.40"," 2314","0.14",,"53","34","  300","  310","21.0","31.1",,,,
"USW00014822","DETROIT CITY AIRPORT, MI US","2016-02-01","6.71"," 0012","0.00",,"46","30","  310","  290","17.0","28.0",,,,
"USW00014822","DETROIT CITY AIRPORT, MI US","2016-02-02","9.84"," 1922","0.45",,"41","25","  110","  120","23.0","34.0",,,,
"USW00014822","DETROIT CITY AIRPORT, MI US","2016-02-03","16.55"," 1358","0.00",,"56","36","  230","  230","36.0","46.1",,,,
"USW00014822","DETROIT CITY AIRPORT, MI US","2016-02-04","7.38"," 0130","0.03",,"36","27","  270","  270","16.1","23.0",,,,
"USW00014822","DETROIT CITY AIRPORT, MI US","2016-02-05","6.71"," 1431","0.00",,"38","19","  200","  190","15.0","21.0",,,,
"USW00014822","DETROIT CITY AIRPORT, MI US","2016-02-06","10.07"," 1533","0.00",,"39","25","  230","  210","17.0","23.9",,,,
"USW00014822","DETROIT CITY AIRPORT, MI US","2016-02-07","9.84"," 1831","0.00",,"48","30","  210","  210","18.1","25.1",,,,
"USW00014822","DETROIT CITY AIRPORT, MI US","2016-02-08","5.59"," 2147","0.00",,"44","35","  270","  290","13.0","19.0",,,,
"USW00014822","DETROIT CITY AIRPORT, MI US","2016-02-09","10.29"," 1340","0.04",,"35","25","  290","  300","16.1","23.0",,,,
"USW00014822","DETROIT CITY AIRPORT, MI US","2016-02-10","9.17"," 1124","0.00",,"25","12","  300","  310","16.1","23.0",,,,
"USW00014822","DETROIT CITY AIRPORT, MI US","2016-02-11","7.61"," 1218","0.00",,"21","10","  300","  320","15.0","21.9",,,,
"USW00014822","DETROIT CITY AIRPORT, MI US","2016-02-12","11.86"," 1729","0.00",,"25","9","  340","  310","21.0","30.0",,,,
"USW00014822","DETROIT CITY AIRPORT, MI US","2016-02-13","7.83"," 1409","0.00",,"16","3","  320","  310","18.1","27.1",,,,
"USW00014822","DETROIT CITY AIRPORT, MI US","2016-02-14","6.71"," 1406","0.00",,"19","1","  140","  150","16.1","19.9",,,,
"USW00014822","DETROIT CITY AIRPORT, MI US","2016-02-15","6.93"," 1206","0.00",,"29","17","  150","  190","14.1","18.1",,,,
"USW00014822","DETROIT CITY AIRPORT, MI US","2016-02-16","5.82"," 1800","0.00",,"30","28","  290","  300","10.1","14.1",,,,
"USW00014822","DETROIT CITY AIRPORT, MI US","2016-02-17","6.26"," 1424","0.01",,"33","17","  330","  320","15.0","21.9",,,,
"USW00014822","DETROIT CITY AIRPORT, MI US","2016-02-18","6.93"," 1651","0.00",,"31","11","  130","  130","16.1","19.0",,,,
"USW00014822","DETROIT CITY AIRPORT, MI US","2016-02-19","19.24"," 1741","0.00",,"60","31","  260","  220","36.9","52.1",,,,
"USW00014822","DETROIT CITY AIRPORT, MI US","2016-02-20","13.87"," 1055","0.00",,"62","41","  250","  250","33.1","42.9",,,,
"USW00014822","DETROIT CITY AIRPORT, MI US","2016-02-21","6.71"," 0944","0.00",,"44","28","   20","   30","16.1","21.0",,,,
"USW00014822","DETROIT CITY AIRPORT, MI US","2016-02-22","6.71"," 0915","0.00",,"35","26","   90","   50","12.1","16.1",,,,
"USW00014822","DETROIT CITY AIRPORT, MI US","2016-02-23","7.61"," 1458","0.00",,"42","22","   80","   80","15.0","19.0",,,,
"USW00014822","DETROIT CITY AIRPORT, MI US","2016-02-24","14.09"," 2154","1.07",,"34","31","  360","   10","21.0","29.1",,,,
"USW00014822","DETROIT CITY AIRPORT, MI US","2016-02-25","13.65"," 1341","0.07",,"35","25","  330","  320","23.0","34.0",,,,
"USW00014822","DETROIT CITY AIRPORT, MI US","2016-02-26","7.61"," 0008","0.00",,"33","23","  330","  320","17.0","21.9",,,,
"USW00014822","DETROIT CITY AIRPORT, MI US","2016-02-27","15.43"," 1344","0.00",,"43","28","  240","  220","23.9","35.1",,,,
"USW00014822","DETROIT CITY AIRPORT, MI US","2016-02-28","18.57"," 1653","0.08",,"64","39","  230","  240","33.1","49.0",,,,
"USW00014822","DETROIT CITY AIRPORT, MI US","2016-02-29","15.88"," 1516","0.15",,"53","26","  250","  250","30.0","40.9",,,,
"USW00014822","DETROIT CITY AIRPORT, MI US","2016-03-01","12.97"," 1303","0.28",,"30","22","   80","   80","23.0","29.1",,,,
"USW00014822","DETROIT CITY AIRPORT, MI US","2016-03-02","7.83"," 0706","0.00",,"27","18","  300","  270","16.1","23.0",,,,
"USW00014822","DETROIT CITY AIRPORT, MI US","2016-03-03","4.25"," 1309","0.04",,"29","17","  110","  160","8.9","12.1",,,,
"USW00014822","DETROIT CITY AIRPORT, MI US","2016-03-04","5.59"," 0209","0.00",,"35","24","   30","   20","10.1","13.0",,,,
"USW00014822","DETROIT CITY AIRPORT, MI US","2016-03-05","5.14"," 0840","0.06",,"31","27","  150","  150","10.1","12.1",,,,
"USW00014822","DETROIT CITY AIRPORT, MI US","2016-03-06","7.16"," 1531","0.00",,"37","20","  210","  210","17.0","23.0",,,,
"USW00014822","DETROIT CITY AIRPORT, MI US","2016-03-07","10.74"," 1718","0.00",,"64","36","  230","  240","19.9","25.9",,,,
"USW00014822","DETROIT CITY AIRPORT, MI US","2016-03-08","9.62"," 1617","0.00",,"70","49","  230","  230","19.9","25.9",,,,
"USW00014822","DETROIT CITY AIRPORT, MI US","2016-03-09","11.41"," 1331","0.01",,"69","52","  240","  230","23.0","31.1",,,,
"USW00014822","DETROIT CITY AIRPORT, MI US","2016-03-10","5.59"," 0045","0.05",,"59","40","  240","  240","13.0","17.0",,,,
"USW00014822","DETROIT CITY AIRPORT, MI US","2016-03-11","5.37"," 1338","0.00",,"46","33","  160","   90","12.1","19.0",,,,
"USW00014822","DETROIT CITY AIRPORT, MI US","2016-03-12","3.13"," 1233","0.00",,"59","29","  210","  210","10.1","14.1",,,,
"USW00014822","DETROIT CITY AIRPORT, MI US","2016-03-13","8.50"," 2059","0.88",,"48","42","   90","   90","16.1","21.9",,,,
"USW00014822","DETROIT CITY AIRPORT, MI US","2016-03-14","6.71"," 1158","0.01",,"62","42","  230","  210","15.0","19.0",,,,
"USW00014822","DETROIT CITY AIRPORT, MI US","2016-03-15","7.16"," 2357","0.00",,"51","42","   70","   70","15.0","19.9",,,,
"USW00014822","DETROIT CITY AIRPORT, MI US","2016-03-16","19.01"," 1202","0.14",,"60","42","  240","  210","35.1","45.0",,,,
"USW00014822","DETROIT CITY AIRPORT, MI US","2016-03-17","15.66"," 1232","0.00",,"56","38","  270","  270","36.0","52.1",,,,
"USW00014822","DETROIT CITY AIRPORT, MI US","2016-03-18","7.61"," 1610","0.00",,"48","29","   20","   20","17.0","21.9",,,,
"USW00014822","DETROIT CITY AIRPORT, MI US","2016-03-19","9.62"," 1454","0.00",,"40","25","   70","   80","16.1","21.0",,,,
"USW00014822","DETROIT CITY AIRPORT, MI US","2016-03-20","5.37"," 1302","0.00",,"44","27","   30","   40","13.0","16.1",,,,
"USW00014822","DETROIT CITY AIRPORT, MI US","2016-03-21","6.93"," 1147","0.00",,"45","29","  300","  290","14.1","21.9",,,,
"USW00014822","DETROIT CITY AIRPORT, MI US","2016-03-22","8.95"," 1310","0.00",,"61","32","  230","  220","23.9","32.0",,,,
"USW00014822","DETROIT CITY AIRPORT, MI US","2016-03-23","10.51"," 2132","0.00",,"55","37","   90","   80","18.1","23.0",,,,
"USW00014822","DETROIT CITY AIRPORT, MI US","2016-03-24","10.07"," 1748","1.43",,"55","36","  210","  200","19.9","25.9",,,,
"USW00014822","DETROIT CITY AIRPORT, MI US","2016-03-25","8.50"," 0103","0.00",,"43","29","  320","  330","17.0","25.9",,,,
"USW00014822","DETROIT CITY AIRPORT, MI US","2016-03-26","4.25"," 0956","0.00",,"43","27","  110","  170","12.1","14.1",,,,
"USW00014822","DETROIT CITY AIRPORT, MI US","2016-03-27","6.04"," 1859","0.79",,"64","31","  120","  110","14.1","18.1",,,,
"USW00014822","DETROIT CITY AIRPORT, MI US","2016-03-28","11.41"," 0620","0.22",,"49","41","  300","  310","25.9","36.9",,,,
"USW00014822","DETROIT CITY AIRPORT, MI US","2016-03-29","7.16"," 0759","0.00",,"48","33","   40","  360","14.1","17.0",,,,
"USW00014822","DETROIT CITY AIRPORT, MI US","2016-03-30","10.07"," 2308","0.02",,"61","32","  220","  220","23.0","31.1",,,,
"USW00014822","DETROIT CITY AIRPORT, MI US","2016-03-31","16.11"," 1848","0.63",,"64","53","  250","  250","33.1","47.0",,,,
"USW00014822","DETROIT CITY AIRPORT, MI US","2016-04-01","10.74"," 1438","0.00",,"54","42","  260","  260","17.0","23.9",,,,
"USW00014822","DETROIT CITY AIRPORT, MI US","2016-04-02","10.51"," 1914","0.10",,"44","27","  360","  360","25.1","35.1",,,,
"USW00014822","DETROIT CITY AIRPORT, MI US","2016-04-03","10.07"," 1640","0.01",,"44","22","  190","  180","18.1","23.9",,,,
"USW00014822","DETROIT CITY AIRPORT, MI US","2016-04-04","13.42"," 0711","0.01",,"37","23","   30","   30","21.9","28.0",,,,
"USW00014822","DETROIT CITY AIRPORT, MI US","2016-04-05","6.93"," 1554","0.00",,"38","20","  170","  180","16.1","27.1",,,,
"USW00014822","DETROIT CITY AIRPORT, MI US","2016-04-06","10.51"," 1753","0.10",,"54","30","  220","  210","21.9","30.0",,,,
"USW00014822","DETROIT CITY AIRPORT, MI US","2016-04-07","9.40"," 1722","0.08",,"47","31","  320","  330","18.1","25.1",,,,
"USW00014822","DETROIT CITY AIRPORT, MI US","2016-04-08","9.62"," 2359","0.00",,"44","28","   20","   10","19.9","27.1",,,,
"USW00014822","DETROIT CITY AIRPORT, MI US","2016-04-09","11.18"," 0121","0.00",,"33","24","   10","   10","23.9","30.0",,,,
"USW00014822","DETROIT CITY AIRPORT, MI US","2016-04-10","9.84"," 0908","0.32",,"45","24","  180","  160","21.0","27.1",,,,
"USW00014822","DETROIT CITY AIRPORT, MI US","2016-04-11","11.41"," 1437","0.01",,"60","38","  260","  260","23.9","31.1",,,,
"USW00014822","DETROIT CITY AIRPORT, MI US","2016-04-12","7.61"," 1131","0.00",,"49","32","  350","  350","17.0","27.1",,,,
"USW00014822","DETROIT CITY AIRPORT, MI US","2016-04-13","5.82"," 1344","0.00",,"48","33","  110","  140","13.0","17.0",,,,
"USW00014822","DETROIT CITY AIRPORT, MI US","2016-04-14","6.04"," 1730","0.00",,"55","32","  120","  110","13.0","18.1",,,,
"USW00014822","DETROIT CITY AIRPORT, MI US","2016-04-15","7.38"," 1635","0.00",,"66","33","  120","   90","15.0","21.0",,,,
"USW00014822","DETROIT CITY AIRPORT, MI US","2016-04-16","5.14"," 1543","0.00",,"71","42","  120","  110","14.1","19.0",,,,
"USW00014822","DETROIT CITY AIRPORT, MI US","2016-04-17","2.91"," 1436","0.00",,"74","43","  130","  160","10.1","14.1",,,,
"USW00014822","DETROIT CITY AIRPORT, MI US","2016-04-18","5.14"," 2221","0.00",,"79","46","   10","   20","16.1","21.0",,,,
"USW00014822","DETROIT CITY AIRPORT, MI US","2016-04-19","10.51"," 0051","0.00",,"61","43","   20","   20","18.1","23.9",,,,
"USW00014822","DETROIT CITY AIRPORT, MI US","2016-04-20","8.72"," 1259","0.00",,"63","39","   90","   80","17.0","23.0",,,,
"USW00014822","DETROIT CITY AIRPORT, MI US","2016-04-21","7.38"," 1536","0.19",,"62","48","  190","  190","17.0","23.0",,,,
"USW00014822","DETROIT CITY AIRPORT, MI US","2016-04-22","9.40"," 1902","0.00",,"62","40","   20","   20","19.9","25.9",,,,
"USW00014822","DETROIT CITY AIRPORT, MI US","2016-04-23","9.62"," 1036","0.00",,"57","37","   10","  360","17.0","21.0",,,,
"USW00014822","DETROIT CITY AIRPORT, MI US","2016-04-24","5.37"," 1114","0.00",,"63","35","  160","  180","14.1","21.0",,,,
"USW00014822","DETROIT CITY AIRPORT, MI US","2016-04-25","8.50"," 2313","0.20",,"67","45","  330","  110","18.1","28.0",,,,
"USW00014822","DETROIT CITY AIRPORT, MI US","2016-04-26","9.17"," 1446","0.22",,"51","42","  130","   30","17.0","21.9",,,,
"USW00014822","DETROIT CITY AIRPORT, MI US","2016-04-27","10.07"," 2054","0.00",,"58","36","   50","   50","16.1","23.0",,,,
"USW00014822","DETROIT CITY AIRPORT, MI US","2016-04-28","8.95"," 1111","0.04",,"49","40","   90","   70","17.0","21.9",,,,
"USW00014822","DETROIT CITY AIRPORT, MI US","2016-04-29","5.82"," 1606","0.04",,"52","41","   60","   80","12.1","17.0",,,,
"USW00014822","DETROIT CITY AIRPORT, MI US","2016-04-30","8.05"," 1045","0.49",,"53","39","   80","  120","16.1","23.9",,,,
"USW00014822","DETROIT CITY AIRPORT, MI US","2016-05-01","8.50"," 0108","0.09",,"55","47","   60","   70","15.0","19.9",,,,
"USW00014822","DETROIT CITY AIRPORT, MI US","2016-05-02","4.70"," 1131","0.31",,"54","45","   70","   60","12.1","15.0",,,,
"USW00014822","DETROIT CITY AIRPORT, MI US","2016-05-03","5.82"," 1345","0.00",,"63","40","  180","  160","16.1","19.9",,,,
"USW00014822","DETROIT CITY AIRPORT, MI US","2016-05-04","7.61"," 1607","0.35",,"60","49","  120","  150","21.0","25.1",,,,
"USW00014822","DETROIT CITY AIRPORT, MI US","2016-05-05","11.86"," 1645","0.00",,"67","43","   20","   20","23.9","33.1",,,,
"USW00014822","DETROIT CITY AIRPORT, MI US","2016-05-06","4.92"," 0927","0.00",,"72","44","  360","  360","13.0","17.0",,,,
"USW00014822","DETROIT CITY AIRPORT, MI US","2016-05-07","7.61"," 1618","0.00",,"73","49","   10","  360","21.9","28.0",,,,
"USW00014822","DETROIT CITY AIRPORT, MI US","2016-05-08","7.38"," 1235","0.00",,"68","42","  260","  260","18.1","23.0",,,,
"USW00014822","DETROIT CITY AIRPORT, MI US","2016-05-09","4.92"," 1506","0.00",,"61","40","  130","   80","12.1","16.1",,,,
"USW00014822","DETROIT CITY AIRPORT, MI US","2016-05-10","10.51"," 0820","0.04",,"54","47","   90","  110","18.1","23.0",,,,
"USW00014822","DETROIT CITY AIRPORT, MI US","2016-05-11","6.26"," 1022","0.00",,"69","51","   90","  100","14.1","17.0",,,,
"USW00014822","DETROIT CITY AIRPORT, MI US","2016-05-12","7.16"," 2019","0.51",,"77","52","  280","  270","16.1","23.9",,,,
"USW00014822","DETROIT CITY AIRPORT, MI US","2016-05-13","9.84"," 1512","0.02",,"69","56","  270","  250","18.1","23.9",,,,
"USW00014822","DETROIT CITY AIRPORT, MI US","2016-05-14","10.96"," 0522","0.31",,"57","41","  320","  320","29.1","38.9",,,,
"USW00014822","DETROIT CITY AIRPORT, MI US","2016-05-15","10.29"," 1239","0.01",,"48","34","  280","  270","19.9","25.9",,,,
"USW00014822","DETROIT CITY AIRPORT, MI US","2016-05-16","12.08"," 1646","0.00",,"67","39","  230","  240","25.1","33.1",,,,
"USW00014822","DETROIT CITY AIRPORT, MI US","2016-05-17","6.71"," 1447","0.00",,"62","48","   80","  100","14.1","19.0",,,,
"USW00014822","DETROIT CITY AIRPORT, MI US","2016-05-18","7.38"," 0850","0.00",,"64","43","   70","   60","16.1","21.0",,,,
"USW00014822","DETROIT CITY AIRPORT, MI US","2016-05-19","3.58"," 1643","0.00",,"68","43","   80","   80","14.1","18.1",,,,
"USW00014822","DETROIT CITY AIRPORT, MI US","2016-05-20","4.92"," 1443","0.00",,"69","46","  100","  110","13.0","17.0",,,,
"USW00014822","DETROIT CITY AIRPORT, MI US","2016-05-21","6.26"," 1815","0.00",,"73","53","   10","   10","15.0","21.0",,,,
"USW00014822","DETROIT CITY AIRPORT, MI US","2016-05-22","8.05"," 1229","0.00",,"72","50","   30","  360","19.9","25.1",,,,
"USW00014822","DETROIT CITY AIRPORT, MI US","2016-05-23","4.47"," 1540","0.00",,"76","43","  160","  170","14.1","18.1",,,,
"USW00014822","DETROIT CITY AIRPORT, MI US","2016-05-24","6.49"," 1355","0.00",,"84","51","  230","  250","16.1","19.0",,,,
"USW00014822","DETROIT CITY AIRPORT, MI US","2016-05-25","10.07"," 1821","0.00",,"85","64","  220","  220","19.9","23.9",,,,
"USW00014822","DETROIT CITY AIRPORT, MI US","2016-05-26","10.07"," 1357","0.00",,"85","69","  190","  190","18.1","23.0",,,,
"USW00014822","DETROIT CITY AIRPORT, MI US","2016-05-27","7.16"," 1258","0.00",,"84","68","  200","  210","14.1","21.0",,,,
"USW00014822","DETROIT CITY AIRPORT, MI US","2016-05-28","8.28"," 1507","0.00",,"88","67","  190","  190","18.1","23.9",,,,
"USW00014822","DETROIT CITY AIRPORT, MI US","2016-05-29","9.40"," 1558","0.14",,"86","69","  220","  200","25.1","36.0",,,,
"USW00014822","DETROIT CITY AIRPORT, MI US","2016-05-30","5.37"," 1243","0.00",,"85","64","  280","  280","13.0","19.9",,,,
"USW00014822","DETROIT CITY AIRPORT, MI US","2016-05-31","7.61"," 1257","0.00",,"81","58","   90","  100","14.1","18.1",,,,
"USW00014822","DETROIT CITY AIRPORT, MI US","2016-06-01","7.38"," 0736","0.08",,"81","56","  110","  110","16.1","21.0",,,,
"USW00014822","DETROIT CITY AIRPORT, MI US","2016-06-02","6.93"," 1617","0.00",,"83","63","  250","  270","17.0","25.9",,,,
"USW00014822","DETROIT CITY AIRPORT, MI US","2016-06-03","4.47"," 1524","0.00",,"79","57","  120","   90","13.0","16.1",,,,
"USW00014822","DETROIT CITY AIRPORT, MI US","2016-06-04","6.04"," 2111","0.78",,"80","61","  150","  110","14.1","18.1",,,,
"USW00014822","DETROIT CITY AIRPORT, MI US","2016-06-05","11.41"," 1624","0.15",,"75","63","  270","  270","28.0","36.0",,,,
"USW00014822","DETROIT CITY AIRPORT, MI US","2016-06-06","10.96"," 0027","0.00",,"81","60","  220","  220","21.9","29.1",,,,
"USW00014822","DETROIT CITY AIRPORT, MI US","2016-06-07","9.40"," 2325","0.00",,"68","55","  330","  320","19.9","33.1",,,,
"USW00014822","DETROIT CITY AIRPORT, MI US","2016-06-08","10.51"," 0033","0.00",,"70","49","  330","  310","18.1","31.1",,,,
"USW00014822","DETROIT CITY AIRPORT, MI US","2016-06-09","4.03"," 1318","0.00",,"74","51","  290","  300","14.1","18.1",,,,
"USW00014822","DETROIT CITY AIRPORT, MI US","2016-06-10","7.16"," 1327","0.00",,"82","60","   90","  110","14.1","18.1",,,,
"USW00014822","DETROIT CITY AIRPORT, MI US","2016-06-11","12.30"," 1546","0.00",,"93","70","  260","  290","23.0","31.1",,,,
"USW00014822","DETROIT CITY AIRPORT, MI US","2016-06-12","10.74"," 0514","0.00",,"80","57","  360","  360","21.0","25.9",,,,
"USW00014822","DETROIT CITY AIRPORT, MI US","2016-06-13","5.14"," 1906","0.00",,"72","51","   70","   50","14.1","16.1",,,,
"USW00014822","DETROIT CITY AIRPORT, MI US","2016-06-14","8.28"," 1045","0.00",,"73","60","  120","  140","14.1","18.1",,,,
"USW00014822","DETROIT CITY AIRPORT, MI US","2016-06-15","7.38"," 1356","0.00",,"84","63","  110","  190","14.1","19.0",,,,
"USW00014822","DETROIT CITY AIRPORT, MI US","2016-06-16","6.93"," 1410","0.10",,"76","63","  350","  360","16.1","19.9",,,,
"USW00014822","DETROIT CITY AIRPORT, MI US","2016-06-17","7.38"," 1557","0.00",,"86","60","   70","   40","15.0","19.0",,,,
"USW00014822","DETROIT CITY AIRPORT, MI US","2016-06-18","4.92"," 1217","0.00",,"87","60","  110","  130","12.1","15.0",,,,
"USW00014822","DETROIT CITY AIRPORT, MI US","2016-06-19","6.04"," 1358","0.00",,"89","64","  190","  190","18.1","23.0",,,,
"USW00014822","DETROIT CITY AIRPORT, MI US","2016-06-20","13.20"," 1135","0.00",,"91","69","  270","  260","25.9","36.9",,,,
"USW00014822","DETROIT CITY AIRPORT, MI US","2016-06-21","7.38"," 1847","0.00",,"84","59","  310","  300","18.1","29.1",,,,
"USW00014822","DETROIT CITY AIRPORT, MI US","2016-06-22","6.93"," 1215","0.00",,"80","64","   80","  100","13.0","16.1",,,,
"USW00014822","DETROIT CITY AIRPORT, MI US","2016-06-23","6.71"," 1144","0.00",,"78","60","   50","   40","15.0","19.9",,,,
"USW00014822","DETROIT CITY AIRPORT, MI US","2016-06-24","4.03"," 1411","0.00",,"82","56","  110","  110","14.1","18.1",,,,
"USW00014822","DETROIT CITY AIRPORT, MI US","2016-06-25","4.03"," 1416","0.00",,"86","57","  110","  100","15.0","17.0",,,,
"USW00014822","DETROIT CITY AIRPORT, MI US","2016-06-26","9.17"," 1513","0.00",,"91","68","  240","  230","21.0","27.1",,,,
"USW00014822","DETROIT CITY AIRPORT, MI US","2016-06-27","9.84"," 1214","0.00",,"93","66","  270","  270","21.9","33.1",,,,
"USW00014822","DETROIT CITY AIRPORT, MI US","2016-06-28","7.83"," 1425","0.00",,"72","60","  360","   10","17.0","25.1",,,,
"USW00014822","DETROIT CITY AIRPORT, MI US","2016-06-29","4.92"," 0847","0.00",,"81","54","  290","  360","13.0","18.1",,,,
"USW00014822","DETROIT CITY AIRPORT, MI US","2016-06-30","6.04"," 1415","0.00",,"83","59","  200","  200","16.1","23.0",,,,
"USW00014822","DETROIT CITY AIRPORT, MI US","2016-07-01","8.28"," 1158","0.31",,"77","61","  310","  310","19.9","25.1",,,,
"USW00014822","DETROIT CITY AIRPORT, MI US","2016-07-02","5.82"," 1721","0.00",,"79","56","  200","  230","15.0","19.9",,,,
"USW00014822","DETROIT CITY AIRPORT, MI US","2016-07-03","3.80"," 1710","0.00",,"80","59","  140","  160","12.1","17.0",,,,
"USW00014822","DETROIT CITY AIRPORT, MI US","2016-07-04","6.04"," 1050","0.00",,"80","57","  110","  110","16.1","21.0",,,,
"USW00014822","DETROIT CITY AIRPORT, MI US","2016-07-05","7.61"," 1138","0.00",,"89","70","  270","  250","16.1","21.0",,,,
"USW00014822","DETROIT CITY AIRPORT, MI US","2016-07-06","7.16"," 1027","0.50",,"89","71","  220","  230","21.0","25.9",,,,
"USW00014822","DETROIT CITY AIRPORT, MI US","2016-07-07","5.82"," 1408","0.09",,"88","71","  100","  120","12.1","14.1",,,,
"USW00014822","DETROIT CITY AIRPORT, MI US","2016-07-08","6.71"," 1703","2.91",,"88","67","  280","  210","21.0","28.0",,,,
"USW00014822","DETROIT CITY AIRPORT, MI US","2016-07-09","7.61"," 1322","0.00",,"78","67","  310","  310","15.0","19.0",,,,
"USW00014822","DETROIT CITY AIRPORT, MI US","2016-07-10","5.82"," 1641","0.00",,"82","63","  110","  110","13.0","16.1",,,,
"USW00014822","DETROIT CITY AIRPORT, MI US","2016-07-11","5.37"," 1121","0.00",,"86","69","  140","  190","14.1","21.0",,,,
"USW00014822","DETROIT CITY AIRPORT, MI US","2016-07-12","9.40"," 2116","0.13",,"90","72","  270","  270","25.1","36.0",,,,
"USW00014822","DETROIT CITY AIRPORT, MI US","2016-07-13","9.17"," 1935","0.08",,"90","72","  220","  220","23.0","36.0",,,,
"USW00014822","DETROIT CITY AIRPORT, MI US","2016-07-14","11.63"," 1714","0.06",,"88","71","  270","  270","21.0","31.1",,,,
"USW00014822","DETROIT CITY AIRPORT, MI US","2016-07-15","9.17"," 1033","0.00",,"80","67","  270","  280","17.0","23.9",,,,
"USW00014822","DETROIT CITY AIRPORT, MI US","2016-07-16","4.92"," 1600","0.00",,"73","63","  120","  120","10.1","13.0",,,,
"USW00014822","DETROIT CITY AIRPORT, MI US","2016-07-17","10.51"," 1811","0.00",,"85","62","  220","  220","23.9","35.1",,,,
"USW00014822","DETROIT CITY AIRPORT, MI US","2016-07-18","9.62"," 0301","0.05",,"87","67","  260","  260","28.0","36.0",,,,
"USW00014822","DETROIT CITY AIRPORT, MI US","2016-07-19","5.82"," 1737","0.00",,"81","62","   60","   50","15.0","19.9",,,,
"USW00014822","DETROIT CITY AIRPORT, MI US","2016-07-20","4.03"," 1745","0.00",,"86","59","  140","  150","16.1","21.0",,,,
"USW00014822","DETROIT CITY AIRPORT, MI US","2016-07-21","9.62"," 1604","0.11",,"91","71","  240","  220","21.0","27.1",,,,
"USW00014822","DETROIT CITY AIRPORT, MI US","2016-07-22","8.28"," 1547","0.00",,"94","74","  270","  270","18.1","25.1",,,,
"USW00014822","DETROIT CITY AIRPORT, MI US","2016-07-23","6.04"," 1336","0.00",,"94","73","   20","   50","15.0","23.9",,,,
"USW00014822","DETROIT CITY AIRPORT, MI US","2016-07-24","6.71"," 0956","0.12",,"85","74","  250","  320","14.1","19.9",,,,
"USW00014822","DETROIT CITY AIRPORT, MI US","2016-07-25","9.17"," 0253","0.05",,"91","75","  270","  240","16.1","21.9",,,,
"USW00014822","DETROIT CITY AIRPORT, MI US","2016-07-26","4.47"," 1650","0.00",,"85","66","  130","  150","14.1","19.9",,,,
"USW00014822","DETROIT CITY AIRPORT, MI US","2016-07-27","6.26"," 1920","0.00",,"91","69","  350","  360","17.0","23.0",,,,
"USW00014822","DETROIT CITY AIRPORT, MI US","2016-07-28","6.71"," 2158","0.00",,"85","69","   60","   60","14.1","18.1",,,,
"USW00014822","DETROIT CITY AIRPORT, MI US","2016-07-29","8.05"," 1412","0.02",,"82","69","   80","   90","16.1","19.9",,,,
"USW00014822","DETROIT CITY AIRPORT, MI US","2016-07-30","7.16"," 1848","0.37",,"79","67","   10","  360","14.1","17.0",,,,
"USW00014822","DETROIT CITY AIRPORT, MI US","2016-07-31","5.82"," 1605","0.12",,"85","66","   80","  360","13.0","17.0",,,,
"USW00014822","DETROIT CITY AIRPORT, MI US","2016-08-01","5.14"," 1648","0.00",,"84","66","   80","  110","10.1","16.1",,,,
"USW00014822","DETROIT CITY AIRPORT, MI US","2016-08-02","6.04"," 1639","0.00",,"86","67","   80","  100","15.0","19.0",,,,
"USW00014822","DETROIT CITY AIRPORT, MI US","2016-08-03","4.70"," 1515","0.00",,"89","67","  100","  100","15.0","19.9",,,,
"USW00014822","DETROIT CITY AIRPORT, MI US","2016-08-04","5.82"," 1317","0.00",,"91","67","  150","  140","16.1","21.9",,,,
"USW00014822","DETROIT CITY AIRPORT, MI US","2016-08-05","9.62"," 1154","0.03",,"90","75","  240","  250","23.9","33.1",,,,
"USW00014822","DETROIT CITY AIRPORT, MI US","2016-08-06","4.03"," 0017","0.00",,"84","68","  350","  340","12.1","18.1",,,,
"USW00014822","DETROIT CITY AIRPORT, MI US","2016-08-07","6.71"," 1309","0.00",,"84","67","   60","  360","15.0","21.0",,,,
"USW00014822","DETROIT CITY AIRPORT, MI US","2016-08-08","6.04"," 1513","0.00",,"83","61","   80","  100","13.0","18.1",,,,
"USW00014822","DETROIT CITY AIRPORT, MI US","2016-08-09","4.70"," 1304","0.00",,"87","65","  100","  110","15.0","18.1",,,,
"USW00014822","DETROIT CITY AIRPORT, MI US","2016-08-10","3.80"," 1936","0.00",,"95","71","  150","  160","15.0","19.0",,,,
"USW00014822","DETROIT CITY AIRPORT, MI US","2016-08-11","8.28"," 1518","0.37",,"92","77","  200","  210","21.0","25.9",,,,
"USW00014822","DETROIT CITY AIRPORT, MI US","2016-08-12","9.84"," 1839","0.01",,"94","76","  250","  240","21.9","28.0",,,,
"USW00014822","DETROIT CITY AIRPORT, MI US","2016-08-13","9.40"," 1831","1.38",,"86","74","  230","  230","21.9","30.0",,,,
"USW00014822","DETROIT CITY AIRPORT, MI US","2016-08-14","4.70"," 1821","0.00",,"83","70","  240","  240","12.1","15.0",,,,
"USW00014822","DETROIT CITY AIRPORT, MI US","2016-08-15","4.03"," 1553","0.13",,"80","69","  190","  180","13.0","16.1",,,,
"USW00014822","DETROIT CITY AIRPORT, MI US","2016-08-16","8.50"," 0419","2.65",,"81","69","  190","  200","28.0","38.9",,,,
"USW00014822","DETROIT CITY AIRPORT, MI US","2016-08-17","4.92"," 1534","0.53",,"85","67","  280","  280","28.0","36.9",,,,
"USW00014822","DETROIT CITY AIRPORT, MI US","2016-08-18","4.92"," 1523","0.00",,"84","67","  200","  200","13.0","15.0",,,,
"USW00014822","DETROIT CITY AIRPORT, MI US","2016-08-19","6.71"," 1505","0.00",,"87","70","  220","  300","16.1","21.0",,,,
"USW00014822","DETROIT CITY AIRPORT, MI US","2016-08-20","10.51"," 1433","1.38",,"85","70","  190","  180","21.9","31.1",,,,
"USW00014822","DETROIT CITY AIRPORT, MI US","2016-08-21","9.40"," 0126","0.09",,"78","63","  270","  290","19.9","27.1",,,,
"USW00014822","DETROIT CITY AIRPORT, MI US","2016-08-22","2.68"," 1810","0.00",,"78","58","  240","  190","8.9","12.1",,,,
"USW00014822","DETROIT CITY AIRPORT, MI US","2016-08-23","6.71"," 1208","0.00",,"81","60","  210","  180","15.0","21.0",,,,
"USW00014822","DETROIT CITY AIRPORT, MI US","2016-08-24","9.62"," 1813","0.35",,"83","65","  190","  180","25.1","31.1",,,,
"USW00014822","DETROIT CITY AIRPORT, MI US","2016-08-25","7.83"," 1625","0.00",,"86","73","  230","  300","19.9","25.9",,,,
"USW00014822","DETROIT CITY AIRPORT, MI US","2016-08-26","3.58"," 1306","0.00",,"86","66","  250","  280","10.1","15.0",,,,
"USW00014822","DETROIT CITY AIRPORT, MI US","2016-08-27","6.26"," 1403","1.01",,"84","71","  320","  330","21.9","27.1",,,,
"USW00014822","DETROIT CITY AIRPORT, MI US","2016-08-28","4.70"," 1320","0.00",,"86","70","   80","  290","13.0","17.0",,,,
"USW00014822","DETROIT CITY AIRPORT, MI US","2016-08-29","4.03"," 0922","0.00",,"82","66","   80","   80","12.1","15.0",,,,
"USW00014822","DETROIT CITY AIRPORT, MI US","2016-08-30","4.25"," 1057","0.00",,"82","67","  210","  210","13.0","15.0",,,,
"USW00014822","DETROIT CITY AIRPORT, MI US","2016-08-31","6.26"," 1733","0.00",,"81","63","   40","   10","16.1","21.9",,,,
"USW00014822","DETROIT CITY AIRPORT, MI US","2016-09-01","9.17"," 1011","0.00",,"74","61","   10","   20","18.1","23.9",,,,
"USW00014822","DETROIT CITY AIRPORT, MI US","2016-09-02","8.28"," 1341","0.00",,"74","57","   80","   70","16.1","21.9",,,,
"USW00014822","DETROIT CITY AIRPORT, MI US","2016-09-03","4.70"," 1427","0.00",,"75","55","   80","   60","12.1","14.1",,,,
"USW00014822","DETROIT CITY AIRPORT, MI US","2016-09-04","4.25"," 1625","0.00",,"79","57","  110","  110","12.1","14.1",,,,
"USW00014822","DETROIT CITY AIRPORT, MI US","2016-09-05","5.14"," 1444","0.00",,"84","59","  200","  190","14.1","19.9",,,,
"USW00014822","DETROIT CITY AIRPORT, MI US","2016-09-06","7.61"," 1444","0.00",,"91","71","  260","  260","16.1","21.0",,,,
"USW00014822","DETROIT CITY AIRPORT, MI US","2016-09-07","6.71"," 1352","0.09",,"91","76","  230","  220","18.1","23.0",,,,
"USW00014822","DETROIT CITY AIRPORT, MI US","2016-09-08","10.07"," 1332","0.05",,"81","73","  250","  270","18.1","27.1",,,,
"USW00014822","DETROIT CITY AIRPORT, MI US","2016-09-09","4.92"," 1128","0.00",,"81","65","  150","  160","8.9","14.1",,,,
"USW00014822","DETROIT CITY AIRPORT, MI US","2016-09-10","9.84"," 0900","1.21",,"79","63","  220","  220","25.1","36.0",,,,
"USW00014822","DETROIT CITY AIRPORT, MI US","2016-09-11","4.25"," 0012","0.00",,"74","56","  340","  280","10.1","14.1",,,,
"USW00014822","DETROIT CITY AIRPORT, MI US","2016-09-12","4.25"," 1137","0.00",,"75","54","  200","  200","12.1","16.1",,,,
"USW00014822","DETROIT CITY AIRPORT, MI US","2016-09-13","7.38"," 1606","0.00",,"82","57","  240","  240","17.0","23.9",,,,
"USW00014822","DETROIT CITY AIRPORT, MI US","2016-09-14","8.28"," 0351","0.08",,"75","57","   70","   20","16.1","21.0",,,,
"USW00014822","DETROIT CITY AIRPORT, MI US","2016-09-15","5.14"," 1504","0.00",,"73","53","  110","  130","12.1","14.1",,,,
"USW00014822","DETROIT CITY AIRPORT, MI US","2016-09-16","4.92"," 1419","0.00",,"78","54","  210","  210","14.1","17.0",,,,
"USW00014822","DETROIT CITY AIRPORT, MI US","2016-09-17","8.05"," 1100","0.22",,"74","67","  220","  200","21.0","27.1",,,,
"USW00014822","DETROIT CITY AIRPORT, MI US","2016-09-18","4.92"," 1425","0.00",,"80","64","  250","  250","13.0","16.1",,,,
"USW00014822","DETROIT CITY AIRPORT, MI US","2016-09-19","3.36"," 1501","0.00",,"83","58","  210","  200","13.0","15.0",,,,
"USW00014822","DETROIT CITY AIRPORT, MI US","2016-09-20","3.13"," 0913","0.00",,"82","63","  360","  350","12.1","13.0",,,,
"USW00014822","DETROIT CITY AIRPORT, MI US","2016-09-21","2.46"," 1231","0.00",,"81","57","  290","  280","10.1","14.1",,,,
"USW00014822","DETROIT CITY AIRPORT, MI US","2016-09-22","4.47"," 1649","0.00",,"86","64","  200","  250","13.0","19.9",,,,
"USW00014822","DETROIT CITY AIRPORT, MI US","2016-09-23","6.93"," 1851","0.00",,"77","62","   10","   10","17.0","23.0",,,,
"USW00014822","DETROIT CITY AIRPORT, MI US","2016-09-24","6.49"," 0003","0.00",,"69","55","   80","   50","14.1","19.0",,,,
"USW00014822","DETROIT CITY AIRPORT, MI US","2016-09-25","6.93"," 1433","0.00",,"71","51","  120","  120","16.1","19.9",,,,
"USW00014822","DETROIT CITY AIRPORT, MI US","2016-09-26","8.72"," 1600","0.27",,"68","56","  260","  240","21.0","27.1",,,,
"USW00014822","DETROIT CITY AIRPORT, MI US","2016-09-27","9.62"," 1137","0.00",,"69","52","  230","  230","25.9","35.1",,,,
"USW00014822","DETROIT CITY AIRPORT, MI US","2016-09-28","4.70"," 1920","0.81",,"61","54","  170","  180","16.1","19.0",,,,
"USW00014822","DETROIT CITY AIRPORT, MI US","2016-09-29","10.96"," 0645","4.07",,"65","57","   70","  100","21.9","29.1",,,,
"USW00014822","DETROIT CITY AIRPORT, MI US","2016-09-30","10.74"," 0028","0.74",,"61","57","   80","   80","18.1","25.1",,,,
"USW00014822","DETROIT CITY AIRPORT, MI US","2016-10-01","6.26"," 2050","0.76",,"69","54","  230","  230","25.9","34.0",,,,
"USW00014822","DETROIT CITY AIRPORT, MI US","2016-10-02","2.01"," 1720","0.01",,"69","52","  260","  290","10.1","14.1",,,,
"USW00014822","DETROIT CITY AIRPORT, MI US","2016-10-03","2.46"," 0746","0.00",,"67","52","  360","  360","8.9","12.1",,,,
"USW00014822","DETROIT CITY AIRPORT, MI US","2016-10-04","6.04"," 1626","0.00",,"72","53","  100","  120","15.0","18.1",,,,
"USW00014822","DETROIT CITY AIRPORT, MI US","2016-10-05","9.17"," 1640","0.00",,"76","60","  150","  150","18.1","21.9",,,,
"USW00014822","DETROIT CITY AIRPORT, MI US","2016-10-06","5.82"," 0054","0.00",,"79","61","  200","  200","14.1","17.0",,,,
"USW00014822","DETROIT CITY AIRPORT, MI US","2016-10-07","6.26"," 2302","0.00",,"79","59","  320","  320","16.1","19.9",,,,
"USW00014822","DETROIT CITY AIRPORT, MI US","2016-10-08","9.40"," 1308","0.00",,"61","46","  310","  280","17.0","25.1",,,,
"USW00014822","DETROIT CITY AIRPORT, MI US","2016-10-09","5.82"," 1336","0.00",,"61","41","   10","  290","15.0","19.9",,,,
"USW00014822","DETROIT CITY AIRPORT, MI US","2016-10-10","3.58"," 1257","0.00",,"60","39","  190","  180","10.1","15.0",,,,
"USW00014822","DETROIT CITY AIRPORT, MI US","2016-10-11","5.14"," 1041","0.00",,"66","47","  200","  200","16.1","19.9",,,,
"USW00014822","DETROIT CITY AIRPORT, MI US","2016-10-12","10.51"," 2123","0.16",,"76","51","  250","  220","21.0","28.0",,,,
"USW00014822","DETROIT CITY AIRPORT, MI US","2016-10-13","6.26"," 0045","0.00",,"57","43","  330","  320","21.0","28.0",,,,
"USW00014822","DETROIT CITY AIRPORT, MI US","2016-10-14","4.03"," 1346","0.00",,"61","38","  140","  170","13.0","19.9",,,,
"USW00014822","DETROIT CITY AIRPORT, MI US","2016-10-15","8.50"," 1434","0.00",,"71","44","  190","  180","18.1","23.0",,,,
"USW00014822","DETROIT CITY AIRPORT, MI US","2016-10-16","9.17"," 1449","0.13",,"69","64","  240","  240","19.9","23.9",,,,
"USW00014822","DETROIT CITY AIRPORT, MI US","2016-10-17","10.51"," 2247","0.00",,"80","64","  210","  220","23.0","31.1",,,,
"USW00014822","DETROIT CITY AIRPORT, MI US","2016-10-18","14.76"," 0905","0.00",,"76","60","  230","  230","25.9","36.0",,,,
"USW00014822","DETROIT CITY AIRPORT, MI US","2016-10-19","2.46"," 1235","0.02",,"71","50","  120","  230","8.9","13.0",,,,
"USW00014822","DETROIT CITY AIRPORT, MI US","2016-10-20","6.93"," 2145","0.69",,"60","49","   10","  350","17.0","23.0",,,,
"USW00014822","DETROIT CITY AIRPORT, MI US","2016-10-21","11.41"," 1247","0.23",,"53","42","   10","   10","21.9","29.1",,,,
"USW00014822","DETROIT CITY AIRPORT, MI US","2016-10-22","8.72"," 1106","0.00",,"52","39","  290","  340","18.1","27.1",,,,
"USW00014822","DETROIT CITY AIRPORT, MI US","2016-10-23","6.93"," 2237","0.00",,"63","45","  360","  330","16.1","21.9",,,,
"USW00014822","DETROIT CITY AIRPORT, MI US","2016-10-24","8.50"," 0846","0.00",,"54","43","  320","  340","18.1","28.0",,,,
"USW00014822","DETROIT CITY AIRPORT, MI US","2016-10-25","4.92"," 1119","0.00",,"54","37","  360","  360","16.1","21.0",,,,
"USW00014822","DETROIT CITY AIRPORT, MI US","2016-10-26","8.50"," 1708","0.12",,"43","34","   80","   80","17.0","23.9",,,,
"USW00014822","DETROIT CITY AIRPORT, MI US","2016-10-27","8.05"," 0153","0.12",,"48","38","   80","  110","18.1","23.9",,,,
"USW00014822","DETROIT CITY AIRPORT, MI US","2016-10-28","6.71"," 2215","0.00",,"54","32","  210","  200","18.1","28.0",,,,
"USW00014822","DETROIT CITY AIRPORT, MI US","2016-10-29","11.41"," 0442","0.00",,"71","54","  240","  220","19.9","25.9",,,,
"USW00014822","DETROIT CITY AIRPORT, MI US","2016-10-30","7.38"," 1155","0.02",,"55","39","  350","  350","15.0","19.9",,,,
"USW00014822","DETROIT CITY AIRPORT, MI US","2016-10-31","4.92"," 1423","0.00",,"52","34","  170","  130","15.0","19.0",,,,
"USW00014822","DETROIT CITY AIRPORT, MI US","2016-11-01","7.83"," 1343","0.00",,"75","45","  230","  210","15.0","21.0",,,,
"USW00014822","DETROIT CITY AIRPORT, MI US","2016-11-02","2.68"," 2341","0.02",,"65","56","   70","  290","8.1","11.0",,,,
"USW00014822","DETROIT CITY AIRPORT, MI US","2016-11-03","6.26"," 0343","0.02",,"60","50","  350","  350","13.0","17.0",,,,
"USW00014822","DETROIT CITY AIRPORT, MI US","2016-11-04","6.26"," 1307","0.00",,"56","44","  360","  280","12.1","16.1",,,,
"USW00014822","DETROIT CITY AIRPORT, MI US","2016-11-05","6.71"," 1409","0.00",,"67","42","  270","  260","14.1","19.0",,,,
"USW00014822","DETROIT CITY AIRPORT, MI US","2016-11-06","2.01"," 1509","0.00",,"63","40","  100","  130","8.1","8.9",,,,
"USW00014822","DETROIT CITY AIRPORT, MI US","2016-11-07","2.46"," 1541","0.00",,"65","39","  210","  180","10.1","13.0",,,,
"USW00014822","DETROIT CITY AIRPORT, MI US","2016-11-08","4.70"," 1907","0.00",,"59","42","  340","  360","21.0","31.1",,,,
"USW00014822","DETROIT CITY AIRPORT, MI US","2016-11-09","8.72"," 0404","0.02",,"52","38","  360","  330","19.9","27.1",,,,
"USW00014822","DETROIT CITY AIRPORT, MI US","2016-11-10","11.63"," 1350","0.00",,"63","39","  260","  250","23.0","30.0",,,,
"USW00014822","DETROIT CITY AIRPORT, MI US","2016-11-11","9.62"," 1321","0.00",,"54","32","  360","  360","23.0","32.0",,,,
"USW00014822","DETROIT CITY AIRPORT, MI US","2016-11-12","6.93"," 1036","0.00",,"49","28","  250","  250","16.1","19.9",,,,
"USW00014822","DETROIT CITY AIRPORT, MI US","2016-11-13","11.41"," 2207","0.00",,"57","34","  220","  220","18.1","23.0",,,,
"USW00014822","DETROIT CITY AIRPORT, MI US","2016-11-14","7.83"," 1413","0.00",,"58","34","  220","  220","16.1","21.0",,,,
"USW00014822","DETROIT CITY AIRPORT, MI US","2016-11-15","3.58"," 2335","0.00",,"57","37","  280","  290","13.0","18.1",,,,
"USW00014822","DETROIT CITY AIRPORT, MI US","2016-11-16","3.80"," 1526","0.00",,"59","39","  260","  270","10.1","14.1",,,,
"USW00014822","DETROIT CITY AIRPORT, MI US","2016-11-17","7.16"," 1333","0.00",,"60","36","  190","  200","16.1","19.9",,,,
"USW00014822","DETROIT CITY AIRPORT, MI US","2016-11-18","10.29"," 2047","0.03",,"71","52","  220","  230","23.0","31.1",,,,
"USW00014822","DETROIT CITY AIRPORT, MI US","2016-11-19","15.21"," 2203","0.04",,"62","32","  310","  330","28.0","38.9",,,,
"USW00014822","DETROIT CITY AIRPORT, MI US","2016-11-20","14.32"," 0836","0.00",,"35","27","  330","  340","25.1","36.9",,,,
"USW00014822","DETROIT CITY AIRPORT, MI US","2016-11-21","10.74"," 1154","0.00",,"38","26","  320","  320","19.9","28.0",,,,
"USW00014822","DETROIT CITY AIRPORT, MI US","2016-11-22","3.80"," 0033","0.00",,"40","23","  320","  320","12.1","17.0",,,,
"USW00014822","DETROIT CITY AIRPORT, MI US","2016-11-23","6.93"," 1835","0.24",,"40","24","  130","  130","14.1","19.0",,,,
"USW00014822","DETROIT CITY AIRPORT, MI US","2016-11-24","6.93"," 1547","0.04",,"46","39","  280","  270","15.0","19.9",,,,
"USW00014822","DETROIT CITY AIRPORT, MI US","2016-11-25","7.61"," 1925","0.02",,"43","39","  270","  270","13.0","17.0",,,,
"USW00014822","DETROIT CITY AIRPORT, MI US","2016-11-26","8.50"," 1554","0.00",,"42","37","  270","  280","15.0","21.0",,,,
"USW00014822","DETROIT CITY AIRPORT, MI US","2016-11-27","6.71"," 1307","0.00",,"46","30","  190","  220","14.1","17.0",,,,
"USW00014822","DETROIT CITY AIRPORT, MI US","2016-11-28","11.18"," 2326","0.33",,"48","35","  150","  150","28.0","40.0",,,,
"USW00014822","DETROIT CITY AIRPORT, MI US","2016-11-29","11.63"," 0027","0.09",,"57","48","  160","  160","28.0","38.0",,,,
"USW00014822","DETROIT CITY AIRPORT, MI US","2016-11-30","8.05"," 2015","0.00",,"57","42","  270","  280","21.0","28.0",,,,
"USW00014822","DETROIT CITY AIRPORT, MI US","2016-12-01","14.09"," 1137","0.01",,"42","35","  240","  240","23.9","29.1",,,,
"USW00014822","DETROIT CITY AIRPORT, MI US","2016-12-02","10.07"," 1331","0.01",,"42","35","  310","  310","18.1","28.0",,,,
"USW00014822","DETROIT CITY AIRPORT, MI US","2016-12-03","6.71"," 1708","0.00",,"39","34","  280","  260","12.1","15.0",,,,
"USW00014822","DETROIT CITY AIRPORT, MI US","2016-12-04","4.92"," 2012","0.12",,"39","33","  150","  130","16.1","21.0",,,,
"USW00014822","DETROIT CITY AIRPORT, MI US","2016-12-05","8.05"," 0828","0.00",,"42","28","  240","  280","15.0","23.9",,,,
"USW00014822","DETROIT CITY AIRPORT, MI US","2016-12-06","6.93"," 0951","0.16",,"41","27","   90","  110","17.0","23.0",,,,
"USW00014822","DETROIT CITY AIRPORT, MI US","2016-12-07","12.75"," 1407","0.00",,"37","30","  230","  220","21.0","25.9",,,,
"USW00014822","DETROIT CITY AIRPORT, MI US","2016-12-08","13.42"," 1533","0.00",,"31","26","  290","  270","21.0","30.0","    1",,,"    1"
"USW00014822","DETROIT CITY AIRPORT, MI US","2016-12-09","9.62"," 1332","0.00",,"33","25","  290","  300","18.1","25.1",,,,
"USW00014822","DETROIT CITY AIRPORT, MI US","2016-12-10","9.62"," 1242","0.00",,"28","23","  250","  260","18.1","23.9",,,,
"USW00014822","DETROIT CITY AIRPORT, MI US","2016-12-11","9.17"," 1529","0.26",,"32","23","  180","  180","19.9","27.1",,"    1",,
"USW00014822","DETROIT CITY AIRPORT, MI US","2016-12-12","10.74"," 1031","0.00",,"35","26","  270","  290","21.0","31.1","    1",,,
"USW00014822","DETROIT CITY AIRPORT, MI US","2016-12-13","9.84"," 2113","0.00",,"27","14","  290","  300","19.9","25.9","    1",,,"    1"
"USW00014822","DETROIT CITY AIRPORT, MI US","2016-12-14","12.30"," 1046","0.00",,"19","10","  230","  230","23.0","31.1","    1",,,"    1"
"USW00014822","DETROIT CITY AIRPORT, MI US","2016-12-15","12.53"," 1126","0.00",,"17","6","  270","  280","21.0","30.0",,,,
"USW00014822","DETROIT CITY AIRPORT, MI US","2016-12-16","8.28"," 2210","0.03",,"20","5","  150","  140","14.1","19.0",,,,
"USW00014822","DETROIT CITY AIRPORT, MI US","2016-12-17","5.37"," 0149","0.01",,"28","19","  170","  140","13.0","17.0",,,,
"USW00014822","DETROIT CITY AIRPORT, MI US","2016-12-18","8.05"," 0454","0.02",,"24","11","  330","  330","18.1","28.0",,,,
"USW00014822","DETROIT CITY AIRPORT, MI US","2016-12-19","8.95"," 1929","0.00",,"16","5","  230","  230","17.0","19.9",,,,
"USW00014822","DETROIT CITY AIRPORT, MI US","2016-12-20","15.21"," 1458","0.00",,"30","10","  230","  230","31.1","44.1",,,,
"USW00014822","DETROIT CITY AIRPORT, MI US","2016-12-21","8.95"," 2217","0.00",,"33","20","  210","  200","15.0","23.0",,,,
"USW00014822","DETROIT CITY AIRPORT, MI US","2016-12-22","9.17"," 1248","0.00",,"41","30","  310","  330","16.1","21.9",,,,
"USW00014822","DETROIT CITY AIRPORT, MI US","2016-12-23","8.05"," 1004","0.04",,"34","25","  230","  220","14.1","19.9",,,,
"USW00014822","DETROIT CITY AIRPORT, MI US","2016-12-24","6.04"," 0036","0.03",,"38","34","  210","  220","14.1","19.0",,,,
"USW00014822","DETROIT CITY AIRPORT, MI US","2016-12-25","6.71"," 2304","0.00",,"35","34","  110","  110","15.0","19.9",,,,
"USW00014822","DETROIT CITY AIRPORT, MI US","2016-12-26","13.42"," 2300","0.41",,"56","34","  260","  280","29.1","42.9",,,,
"USW00014822","DETROIT CITY AIRPORT, MI US","2016-12-27","11.63"," 0034","0.00",,"43","29","  270","  260","31.1","40.9",,,,
"USW00014822","DETROIT CITY AIRPORT, MI US","2016-12-28","8.50"," 2256","0.01",,"37","29","  210","  210","18.1","25.1",,,,
"USW00014822","DETROIT CITY AIRPORT, MI US","2016-12-29","12.75"," 1312","0.03",,"42","31","  280","  280","21.9","31.1",,,,
"USW00014822","DETROIT CITY AIRPORT, MI US","2016-12-30","11.18"," 1355","0.00",,"31","29","  290","  290","21.0","30.0",,,,
"USW00014822","DETROIT CITY AIRPORT, MI US","2016-12-31","15.88"," 1806","0.00",,"46","29","  230","  290","29.1","36.9",,,,
"USW00014822","DETROIT CITY AIRPORT, MI US","2017-01-01","6.04"," 0017","0.00",,"40","24","  190","  280","14.1","21.9",,,,
"USW00014822","DETROIT CITY AIRPORT, MI US","2017-01-02","6.71"," 1816","0.06",,"42","26","   80","  110","15.0","18.1",,,,
"USW00014822","DETROIT CITY AIRPORT, MI US","2017-01-03","6.93"," 2300","0.30",,"43","38","  300","  320","16.1","23.0",,,,
"USW00014822","DETROIT CITY AIRPORT, MI US","2017-01-04","18.12"," 1425","0.00",,"38","18","  270","  260","31.1","44.1",,,,
"USW00014822","DETROIT CITY AIRPORT, MI US","2017-01-05","11.63"," 1159","0.00",,"19","12","  250","  280","18.1","25.1",,,,
"USW00014822","DETROIT CITY AIRPORT, MI US","2017-01-06","7.38"," 1020","0.00",,"15","9","  260","  250","16.1","21.0",,,,
"USW00014822","DETROIT CITY AIRPORT, MI US","2017-01-07","9.17"," 1550","0.00",,"15","6","  260","  260","19.9","25.9",,,,
"USW00014822","DETROIT CITY AIRPORT, MI US","2017-01-08","8.72"," 1116","0.00",,"18","8","  300","  330","17.0","23.9",,,,
"USW00014822","DETROIT CITY AIRPORT, MI US","2017-01-09","12.30"," 0418","0.00",,"29","16","  210","  210","21.0","25.9",,,,
"USW00014822","DETROIT CITY AIRPORT, MI US","2017-01-10","18.34"," 2229","0.30",,"48","27","  260","  270","33.1","49.0",,,,
"USW00014822","DETROIT CITY AIRPORT, MI US","2017-01-11","12.30"," 0105","0.08",,"52","29","  260","  250","30.0","42.9",,,,
"USW00014822","DETROIT CITY AIRPORT, MI US","2017-01-12","9.17"," 0142","0.32",,"57","28","  240","  230","23.0","32.0",,,,
"USW00014822","DETROIT CITY AIRPORT, MI US","2017-01-13","7.16"," 0213","0.00",,"28","19","  310","  330","14.1","19.0",,,,
"USW00014822","DETROIT CITY AIRPORT, MI US","2017-01-14","3.13"," 0040","0.00",,"32","22","   90","   90","10.1","12.1",,,,
"USW00014822","DETROIT CITY AIRPORT, MI US","2017-01-15","4.03"," 1449","0.00",,"33","17","  220","  240","8.9","13.0",,,,
"USW00014822","DETROIT CITY AIRPORT, MI US","2017-01-16","3.58"," 2341","0.15",,"34","19","  100","  100","13.0","16.1",,,,
"USW00014822","DETROIT CITY AIRPORT, MI US","2017-01-17","7.61"," 2035","0.29",,"46","32","  270","  270","16.1","23.0",,,,
"USW00014822","DETROIT CITY AIRPORT, MI US","2017-01-18","9.40"," 2022","0.01",,"41","35","  240","  240","17.0","21.0",,,,
"USW00014822","DETROIT CITY AIRPORT, MI US","2017-01-19","6.93"," 0013","0.00",,"38","32","  240","  250","16.1","21.9",,,,
"USW00014822","DETROIT CITY AIRPORT, MI US","2017-01-20","6.93"," 0738","0.09",,"42","32","   80","   90","15.0","19.9",,,,
"USW00014822","DETROIT CITY AIRPORT, MI US","2017-01-21","3.80"," 1212","0.00",,"57","38","  170","  210","10.1","14.1",,,,
"USW00014822","DETROIT CITY AIRPORT, MI US","2017-01-22","3.36"," 1542","0.00",,"48","38","  100","  110","8.9","11.0",,,,
"USW00014822","DETROIT CITY AIRPORT, MI US","2017-01-23","6.93"," 0247","0.05",,"44","39","   20","   50","10.1","14.1",,,,
"USW00014822","DETROIT CITY AIRPORT, MI US","2017-01-24","5.37"," 1755","0.01",,"40","36","  300","  320","14.1","18.1",,,,
"USW00014822","DETROIT CITY AIRPORT, MI US","2017-01-25","8.50"," 2034","0.02",,"46","36","  250","  250","21.0","30.0",,,,
"USW00014822","DETROIT CITY AIRPORT, MI US","2017-01-26","13.42"," 0237","0.01",,"41","34","  240","  250","21.9","28.0",,,,
"USW00014822","DETROIT CITY AIRPORT, MI US","2017-01-27","13.42"," 2053","0.00",,"34","27","  260","  250","21.9","31.1",,,,
"USW00014822","DETROIT CITY AIRPORT, MI US","2017-01-28","11.86"," 1305","0.00",,"30","27","  250","  240","18.1","23.9",,,,
"USW00014822","DETROIT CITY AIRPORT, MI US","2017-01-29","4.70"," 1404","0.01",,"30","24","  290","  340","13.0","19.0",,,,
"USW00014822","DETROIT CITY AIRPORT, MI US","2017-01-30","6.93"," 2200","0.04",,"26","17","  360","  200","17.0","21.0",,,,
"USW00014822","DETROIT CITY AIRPORT, MI US","2017-01-31","8.05"," 2025","0.03",,"33","24","  270","  270","21.0","30.0",,,,
"USW00014822","DETROIT CITY AIRPORT, MI US","2017-02-01","6.93"," 0006","0.01",,"38","29","  270","  270","16.1","21.9","    1",,,"    1"
"USW00014822","DETROIT CITY AIRPORT, MI US","2017-02-02","11.18"," 1329","0.00",,"30","15","  290","  280","21.0","30.0",,,,
"USW00014822","DETROIT CITY AIRPORT, MI US","2017-02-03","8.72"," 1436","0.00",,"23","13","  320","  290","19.9","32.0",,,,
"USW00014822","DETROIT CITY AIRPORT, MI US","2017-02-04","9.40"," 1450","0.00",,"29","13","  220","  220","17.0","23.0",,,,
"USW00014822","DETROIT CITY AIRPORT, MI US","2017-02-05","9.17"," 0525","0.00",,"37","26","  240","  230","21.0","25.9",,,,
"USW00014822","DETROIT CITY AIRPORT, MI US","2017-02-06","4.92"," 1136","0.00",,"40","20","  220","  220","13.0","16.1",,,,
"USW00014822","DETROIT CITY AIRPORT, MI US","2017-02-07","9.62"," 2031","0.76",,"55","32","  260","  260","25.9","36.9",,,,
"USW00014822","DETROIT CITY AIRPORT, MI US","2017-02-08","9.62"," 0003","0.00",,"41","24","  260","  270","23.0","30.0",,,,
"USW00014822","DETROIT CITY AIRPORT, MI US","2017-02-09","12.08"," 1421","0.00",,"24","16","  290","  280","23.0","30.0",,,,
"USW00014822","DETROIT CITY AIRPORT, MI US","2017-02-10","11.63"," 1448","0.00",,"33","16","  190","  200","23.0","32.0",,,,
"USW00014822","DETROIT CITY AIRPORT, MI US","2017-02-11","5.14"," 0058","0.06",,"46","33","   90","  240","8.9","11.0",,,,
"USW00014822","DETROIT CITY AIRPORT, MI US","2017-02-12","11.86"," 2341","0.18",,"43","33","  300","  320","30.0","45.0",,,,
"USW00014822","DETROIT CITY AIRPORT, MI US","2017-02-13","8.72"," 0000","0.00",,"43","30","  300","  300","23.9","36.9",,,,
"USW00014822","DETROIT CITY AIRPORT, MI US","2017-02-14","12.08"," 1637","0.00",,"50","32","  260","  260","21.9","29.1",,,,
"USW00014822","DETROIT CITY AIRPORT, MI US","2017-02-15","12.53"," 0923","0.00",,"35","25","  300","  310","19.9","31.1",,,,
"USW00014822","DETROIT CITY AIRPORT, MI US","2017-02-16","7.83"," 0030","0.00",,"33","24","  300","  310","15.0","21.9",,,,
"USW00014822","DETROIT CITY AIRPORT, MI US","2017-02-17","6.26"," 1509","0.00",,"45","28","  150","  140","13.0","15.0",,,,
"USW00014822","DETROIT CITY AIRPORT, MI US","2017-02-18","9.40"," 1046","0.00",,"68","32","  240","  250","18.1","23.9",,,,
"USW00014822","DETROIT CITY AIRPORT, MI US","2017-02-19","6.49"," 1329","0.00",,"65","39","  300","  280","14.1","18.1",,,,
"USW00014822","DETROIT CITY AIRPORT, MI US","2017-02-20","7.16"," 2141","0.00",,"50","33","  120","  110","15.0","19.0",,,,
"USW00014822","DETROIT CITY AIRPORT, MI US","2017-02-21","3.80"," 0126","0.00",,"57","35","  230","  110","13.0","16.1",,,,
"USW00014822","DETROIT CITY AIRPORT, MI US","2017-02-22","7.16"," 2234","0.00",,"62","42","  250","  190","16.1","19.9",,,,
"USW00014822","DETROIT CITY AIRPORT, MI US","2017-02-23","10.74"," 0230","0.00",,"67","40","   70","  200","19.9","25.1",,,,
"USW00014822","DETROIT CITY AIRPORT, MI US","2017-02-24","8.05"," 1556","0.41",,"68","38","  200","  290","21.0","35.1",,,,
"USW00014822","DETROIT CITY AIRPORT, MI US","2017-02-25","15.21"," 1323","0.00",,"56","25","  250","  250","29.1","36.9",,,,
"USW00014822","DETROIT CITY AIRPORT, MI US","2017-02-26","13.42"," 1812","0.00",,"41","23","  220","  230","28.0","34.0",,,,
"USW00014822","DETROIT CITY AIRPORT, MI US","2017-02-27","9.84"," 0023","0.00",,"51","34","  230","  240","18.1","25.1",,,,
"USW00014822","DETROIT CITY AIRPORT, MI US","2017-02-28","9.84"," 2358","0.14",,"55","35","  190","  180","21.0","27.1",,,,
"USW00014822","DETROIT CITY AIRPORT, MI US","2017-03-01","16.78"," 1748","0.74",,"57","26","  270","  260","32.0","45.0",,,,
"USW00014822","DETROIT CITY AIRPORT, MI US","2017-03-02","10.74"," 0314","0.00",,"33","24","  310","  310","21.0","33.1",,,,
"USW00014822","DETROIT CITY AIRPORT, MI US","2017-03-03","9.62"," 1220","0.00",,"27","20","  320","  270","18.1","25.9",,,,
"USW00014822","DETROIT CITY AIRPORT, MI US","2017-03-04","6.04"," 1700","0.00",,"30","16","   90","   90","14.1","16.1",,,,
"USW00014822","DETROIT CITY AIRPORT, MI US","2017-03-05","11.18"," 0706","0.00",,"39","23","  130","  130","18.1","23.9",,,,
"USW00014822","DETROIT CITY AIRPORT, MI US","2017-03-06","11.18"," 1448","0.04",,"55","37","  200","  210","23.0","32.0",,,,
"USW00014822","DETROIT CITY AIRPORT, MI US","2017-03-07","14.32"," 1237","0.11",,"59","40","  240","  240","29.1","38.0",,,,
"USW00014822","DETROIT CITY AIRPORT, MI US","2017-03-08","22.15"," 1054","0.00",,"54","38","  250","  260","44.1","61.1",,,,
"USW00014822","DETROIT CITY AIRPORT, MI US","2017-03-09","7.38"," 0314","0.00",,"43","33","  280","  280","21.0","32.0",,,,
"USW00014822","DETROIT CITY AIRPORT, MI US","2017-03-10","13.65"," 1229","0.00",,"37","16","  330","  280","23.0","31.1",,,,
"USW00014822","DETROIT CITY AIRPORT, MI US","2017-03-11","10.29"," 1136","0.00",,"29","14","  290","  290","18.1","27.1",,,,
"USW00014822","DETROIT CITY AIRPORT, MI US","2017-03-12","8.05"," 0042","0.00",,"32","17","  360","  360","16.1","19.9",,,,
"USW00014822","DETROIT CITY AIRPORT, MI US","2017-03-13","11.63"," 0948","0.06",,"25","19","   80","  120","21.0","28.0",,,,
"USW00014822","DETROIT CITY AIRPORT, MI US","2017-03-14","14.32"," 1110","0.00",,"24","16","  360","   20","25.9","36.0",,,,
"USW00014822","DETROIT CITY AIRPORT, MI US","2017-03-15","13.42"," 1023","0.00",,"31","15","  340","  350","21.9","31.1",,,,
"USW00014822","DETROIT CITY AIRPORT, MI US","2017-03-16","6.49"," 1118","0.00",,"40","20","  290","  350","14.1","19.9",,,,
"USW00014822","DETROIT CITY AIRPORT, MI US","2017-03-17","7.16"," 1256","0.08",,"38","23","  180","  160","18.1","21.9",,,,
"USW00014822","DETROIT CITY AIRPORT, MI US","2017-03-18","6.04"," 1335","0.06",,"41","32","  350","  330","12.1","16.1",,,,
"USW00014822","DETROIT CITY AIRPORT, MI US","2017-03-19","6.71"," 1938","0.00",,"45","32","  190","  190","13.0","15.0",,,,
"USW00014822","DETROIT CITY AIRPORT, MI US","2017-03-20","5.37"," 0332","0.05",,"44","33","  200","  180","14.1","17.0",,,,
"USW00014822","DETROIT CITY AIRPORT, MI US","2017-03-21","9.84"," 1955","0.00",,"57","28","  360","  340","23.9","32.0",,,,
"USW00014822","DETROIT CITY AIRPORT, MI US","2017-03-22","9.40"," 0018","0.00",,"36","21","   10","  360","25.1","31.1",,,,
"USW00014822","DETROIT CITY AIRPORT, MI US","2017-03-23","7.61"," 1613","0.06",,"42","20","  140","  150","16.1","21.0",,,,
"USW00014822","DETROIT CITY AIRPORT, MI US","2017-03-24","13.42"," 0923","0.04",,"75","36","  240","  240","23.9","31.1",,,,
"USW00014822","DETROIT CITY AIRPORT, MI US","2017-03-25","10.51"," 2032","0.06",,"45","39","   80","   80","18.1","23.9",,,,
"USW00014822","DETROIT CITY AIRPORT, MI US","2017-03-26","6.49"," 0317","0.16",,"48","38","  100","   90","15.0","19.0",,,,
"USW00014822","DETROIT CITY AIRPORT, MI US","2017-03-27","7.38"," 1134","0.00",,"62","48","  250","  240","15.0","18.1",,,,
"USW00014822","DETROIT CITY AIRPORT, MI US","2017-03-28","9.84"," 1553","0.00",,"52","37","   10","  340","17.0","21.9",,,,
"USW00014822","DETROIT CITY AIRPORT, MI US","2017-03-29","8.05"," 2001","0.00",,"56","32","   80","   80","19.9","25.9",,,,
"USW00014822","DETROIT CITY AIRPORT, MI US","2017-03-30","13.87"," 2105","1.74",,"41","36","  110","  100","25.9","38.0",,,,
"USW00014822","DETROIT CITY AIRPORT, MI US","2017-03-31","10.51"," 1642","0.00",,"41","37","  360","  360","18.1","23.0",,,,
"USW00014822","DETROIT CITY AIRPORT, MI US","2017-04-01","7.16"," 0146","0.00",,"57","37","  360","  360","16.1","21.0",,,,
"USW00014822","DETROIT CITY AIRPORT, MI US","2017-04-02","6.93"," 1421","0.00",,"61","35","  170","  210","15.0","19.9",,,,
"USW00014822","DETROIT CITY AIRPORT, MI US","2017-04-03","8.05"," 1818","0.15",,"54","43","  110","  110","15.0","19.9",,,,
"USW00014822","DETROIT CITY AIRPORT, MI US","2017-04-04","12.53"," 0815","0.08",,"56","46","  240","  250","25.9","36.0",,,,
"USW00014822","DETROIT CITY AIRPORT, MI US","2017-04-05","11.41"," 2139","0.36",,"50","39","   60","   60","25.9","35.1",,,,
"USW00014822","DETROIT CITY AIRPORT, MI US","2017-04-06","16.33"," 1838","0.19",,"43","34","  360","  350","31.1","44.1",,,,
"USW00014822","DETROIT CITY AIRPORT, MI US","2017-04-07","12.30"," 1015","0.00",,"51","35","  360","  360","23.0","32.0",,,,
"USW00014822","DETROIT CITY AIRPORT, MI US","2017-04-08","7.16"," 1635","0.00",,"60","34","  210","  210","17.0","21.9",,,,
"USW00014822","DETROIT CITY AIRPORT, MI US","2017-04-09","13.42"," 1507","0.00",,"74","45","  200","  200","25.1","35.1",,,,
"USW00014822","DETROIT CITY AIRPORT, MI US","2017-04-10","14.09"," 1142","0.20",,"76","60","  240","  250","28.0","35.1",,,,
"USW00014822","DETROIT CITY AIRPORT, MI US","2017-04-11","10.51"," 1431","0.48",,"69","46","  250","  250","21.0","29.1",,,,
"USW00014822","DETROIT CITY AIRPORT, MI US","2017-04-12","6.71"," 0120","0.00",,"60","43","  330","  320","14.1","18.1",,,,
"USW00014822","DETROIT CITY AIRPORT, MI US","2017-04-13","9.17"," 1313","0.00",,"49","43","   80","   80","16.1","19.9",,,,
"USW00014822","DETROIT CITY AIRPORT, MI US","2017-04-14","9.40"," 1129","0.00",,"61","42","  110","  110","17.0","23.9",,,,
"USW00014822","DETROIT CITY AIRPORT, MI US","2017-04-15","11.86"," 1537","0.04",,"82","48","  250","  230","28.0","36.9",,,,
"USW00014822","DETROIT CITY AIRPORT, MI US","2017-04-16","13.65"," 1917","0.00",,"74","58","  270","  290","21.9","31.1",,,,
"USW00014822","DETROIT CITY AIRPORT, MI US","2017-04-17","6.93"," 1325","0.00",,"69","40","   60","   50","18.1","23.9",,,,
"USW00014822","DETROIT CITY AIRPORT, MI US","2017-04-18","10.07"," 2148","0.00",,"63","36","  130","  120","18.1","23.9",,,,
"USW00014822","DETROIT CITY AIRPORT, MI US","2017-04-19","8.72"," 1842","0.48",,"76","48","   60","   50","18.1","23.0",,,,
"USW00014822","DETROIT CITY AIRPORT, MI US","2017-04-20","6.49"," 1517","0.71",,"58","46","   10","   40","19.9","31.1",,,,
"USW00014822","DETROIT CITY AIRPORT, MI US","2017-04-21","10.96"," 1320","0.00",,"54","44","  270","  270","19.9","25.9",,,,
"USW00014822","DETROIT CITY AIRPORT, MI US","2017-04-22","7.16"," 1246","0.00",,"59","39","   10","   40","18.1","25.9",,,,
"USW00014822","DETROIT CITY AIRPORT, MI US","2017-04-23","3.80"," 1539","0.00",,"66","35","  180","  170","17.0","21.0",,,,
"USW00014822","DETROIT CITY AIRPORT, MI US","2017-04-24","10.74"," 2234","0.00",,"69","39","  120","  110","21.0","28.0",,,,
"USW00014822","DETROIT CITY AIRPORT, MI US","2017-04-25","8.95"," 0010","0.00",,"68","50","  110","  130","16.1","21.0",,,,
"USW00014822","DETROIT CITY AIRPORT, MI US","2017-04-26","9.40"," 1501","0.00",,"78","50","  170","  160","23.0","29.1",,,,
"USW00014822","DETROIT CITY AIRPORT, MI US","2017-04-27","14.54"," 1451","0.23",,"72","51","  240","  210","25.9","36.9",,,,
"USW00014822","DETROIT CITY AIRPORT, MI US","2017-04-28","10.29"," 1342","0.00",,"62","47","  220","  220","21.0","27.1",,,,
"USW00014822","DETROIT CITY AIRPORT, MI US","2017-04-29","10.51"," 2251","0.01",,"58","42","   40","   40","19.9","25.9",,,,
"USW00014822","DETROIT CITY AIRPORT, MI US","2017-04-30","9.40"," 1046","0.48",,"54","42","   90","  100","19.9","25.9",,,,
"USW00014822","DETROIT CITY AIRPORT, MI US","2017-05-01","12.08"," 1723","0.11",,"66","50","  230","  220","28.0","42.1",,,,
"USW00014822","DETROIT CITY AIRPORT, MI US","2017-05-02","16.78"," 1111","0.01",,"51","43","  260","  270","28.0","35.1",,,,
"USW00014822","DETROIT CITY AIRPORT, MI US","2017-05-03","6.49"," 0159","0.00",,"58","40","  160","  330","13.0","18.1",,,,
"USW00014822","DETROIT CITY AIRPORT, MI US","2017-05-04","9.17"," 1503","0.89",,"49","44","   80","   80","21.9","27.1",,,,
"USW00014822","DETROIT CITY AIRPORT, MI US","2017-05-05","15.21"," 0920","0.77",,"46","42","   20","   30","25.9","36.0",,,,
"USW00014822","DETROIT CITY AIRPORT, MI US","2017-05-06","10.29"," 1334","0.00",,"58","43","  360","  360","25.9","34.0",,,,
"USW00014822","DETROIT CITY AIRPORT, MI US","2017-05-07","8.95"," 1308","0.00",,"56","39","  310","  330","18.1","25.1",,,,
"USW00014822","DETROIT CITY AIRPORT, MI US","2017-05-08","6.93"," 1303","0.00",,"57","35","  320","  290","15.0","25.1",,,,
"USW00014822","DETROIT CITY AIRPORT, MI US","2017-05-09","4.92"," 0824","0.00",,"59","33","  100","   80","13.0","16.1",,,,
"USW00014822","DETROIT CITY AIRPORT, MI US","2017-05-10","7.61"," 2259","0.00",,"62","41","  100","  100","16.1","21.0",,,,
"USW00014822","DETROIT CITY AIRPORT, MI US","2017-05-11","9.17"," 1335","0.14",,"63","46","  110","   20","17.0","23.0",,,,
"USW00014822","DETROIT CITY AIRPORT, MI US","2017-05-12","6.49"," 1141","0.00",,"66","42","   90","   80","16.1","19.9",,,,
"USW00014822","DETROIT CITY AIRPORT, MI US","2017-05-13","4.47"," 1436","0.08",,"70","44","  250","  240","15.0","19.0",,,,
"USW00014822","DETROIT CITY AIRPORT, MI US","2017-05-14","7.16"," 1415","0.00",,"67","45","   10","  340","17.0","23.9",,,,
"USW00014822","DETROIT CITY AIRPORT, MI US","2017-05-15","4.25"," 1329","0.00",,"69","40","  190","  110","13.0","17.0",,,,
"USW00014822","DETROIT CITY AIRPORT, MI US","2017-05-16","8.50"," 1717","0.27",,"84","51","  200","  210","21.0","27.1",,,,
"USW00014822","DETROIT CITY AIRPORT, MI US","2017-05-17","14.99"," 1420","0.00",,"86","69","  200","  220","29.1","42.1",,,,
"USW00014822","DETROIT CITY AIRPORT, MI US","2017-05-18","17.00"," 1432","0.00",,"87","62","  240","  250","35.1","47.0",,,,
"USW00014822","DETROIT CITY AIRPORT, MI US","2017-05-19","11.18"," 1632","0.00",,"62","46","   30","   40","18.1","25.9",,,,
"USW00014822","DETROIT CITY AIRPORT, MI US","2017-05-20","12.08"," 1026","0.15",,"63","48","   90","   70","21.9","30.0",,,,
"USW00014822","DETROIT CITY AIRPORT, MI US","2017-05-21","8.50"," 1831","0.60",,"76","54","  260","  260","18.1","25.9",,,,
"USW00014822","DETROIT CITY AIRPORT, MI US","2017-05-22","11.18"," 1522","0.00",,"71","52","  250","  240","19.9","27.1",,,,
"USW00014822","DETROIT CITY AIRPORT, MI US","2017-05-23","6.49"," 1422","0.00",,"73","58","  170","  170","13.0","17.0",,,,
"USW00014822","DETROIT CITY AIRPORT, MI US","2017-05-24","9.40"," 1541","0.24",,"64","55","   90","  100","17.0","23.9",,,,
"USW00014822","DETROIT CITY AIRPORT, MI US","2017-05-25","6.26"," 0206","0.82",,"61","56","  100","  100","16.1","23.0",,,,
"USW00014822","DETROIT CITY AIRPORT, MI US","2017-05-26","5.59"," 0245","0.00",,"69","55","  330","  320","13.0","17.0",,,,
"USW00014822","DETROIT CITY AIRPORT, MI US","2017-05-27","4.70"," 1337","0.00",,"74","54","  120","  130","10.1","15.0",,,,
"USW00014822","DETROIT CITY AIRPORT, MI US","2017-05-28","6.71"," 1740","0.17",,"77","56","  110","  120","21.0","27.1",,,,
"USW00014822","DETROIT CITY AIRPORT, MI US","2017-05-29","9.84"," 1758","0.10",,"79","57","  220","  260","23.9","38.0",,,,
"USW00014822","DETROIT CITY AIRPORT, MI US","2017-05-30","10.07"," 1306","0.00",,"74","56","  260","  260","23.0","31.1",,,,
"USW00014822","DETROIT CITY AIRPORT, MI US","2017-05-31","10.51"," 1252","0.01",,"74","55","  270","  240","21.0","30.0",,,,
"USW00014822","DETROIT CITY AIRPORT, MI US","2017-06-01","6.49"," 1430","0.00",,"75","53","  270","  330","15.0","21.0",,,,
"USW00014822","DETROIT CITY AIRPORT, MI US","2017-06-02","5.37"," 1431","0.00",,"81","51","  310","  300","17.0","23.0",,,,
"USW00014822","DETROIT CITY AIRPORT, MI US","2017-06-03","4.92"," 1600","0.00",,"77","52","  200","  210","12.1","15.0",,,,
"USW00014822","DETROIT CITY AIRPORT, MI US","2017-06-04","7.61"," 1703","0.04",,"87","62","  260","  270","17.0","25.1",,,,
"USW00014822","DETROIT CITY AIRPORT, MI US","2017-06-05","10.29"," 1646","0.00",,"70","56","   10","  360","19.9","28.0",,,,
"USW00014822","DETROIT CITY AIRPORT, MI US","2017-06-06","10.74"," 1402","0.01",,"68","54","   20","   20","21.9","30.0",,,,
"USW00014822","DETROIT CITY AIRPORT, MI US","2017-06-07","8.50"," 1304","0.00",,"74","52","   70","   80","19.9","25.9",,,,
"USW00014822","DETROIT CITY AIRPORT, MI US","2017-06-08","4.25"," 1459","0.00",,"74","50","  110","  110","14.1","17.0",,,,
"USW00014822","DETROIT CITY AIRPORT, MI US","2017-06-09","5.59"," 1455","0.01",,"77","57","  210","  220","17.0","21.0",,,,
"USW00014822","DETROIT CITY AIRPORT, MI US","2017-06-10","10.96"," 1442","0.00",,"88","58","  240","  220","23.9","33.1",,,,
"USW00014822","DETROIT CITY AIRPORT, MI US","2017-06-11","13.20"," 1701","0.00",,"90","71","  230","  210","21.0","30.0",,,,
"USW00014822","DETROIT CITY AIRPORT, MI US","2017-06-12","10.96"," 1326","0.00",,"92","72","  210","  230","23.9","32.0",,,,
"USW00014822","DETROIT CITY AIRPORT, MI US","2017-06-13","6.49"," 1557","0.00",,"90","69","   40","   40","17.0","21.9",,,,
"USW00014822","DETROIT CITY AIRPORT, MI US","2017-06-14","9.62"," 1517","0.00",,"84","67","  120","   80","16.1","21.0",,,,
"USW00014822","DETROIT CITY AIRPORT, MI US","2017-06-15","6.26"," 2026","1.14",,"82","67","  310","  310","19.9","23.9",,,,
"USW00014822","DETROIT CITY AIRPORT, MI US","2017-06-16","5.82"," 1635","0.00",,"88","65","  220","  220","21.0","25.1",,,,
"USW00014822","DETROIT CITY AIRPORT, MI US","2017-06-17","10.51"," 2141","0.02",,"88","69","  220","  210","21.0","30.0",,,,
"USW00014822","DETROIT CITY AIRPORT, MI US","2017-06-18","13.20"," 0926","0.01",,"85","69","  220","  220","25.1","35.1",,,,
"USW00014822","DETROIT CITY AIRPORT, MI US","2017-06-19","7.83"," 1414","0.03",,"79","59","  260","  260","31.1","40.9",,,,
"USW00014822","DETROIT CITY AIRPORT, MI US","2017-06-20","10.29"," 1226","0.00",,"77","58","  240","  270","21.0","28.0",,,,
"USW00014822","DETROIT CITY AIRPORT, MI US","2017-06-21","4.70"," 1726","0.00",,"76","57","  160","  160","15.0","18.1",,,,
"USW00014822","DETROIT CITY AIRPORT, MI US","2017-06-22","10.29"," 1842",,,"87","62","  220","  200","31.1","47.0",,,,
"USW00014822","DETROIT CITY AIRPORT, MI US","2017-06-23","9.17"," 0123",,,"80","67","  220","  210","18.1","23.9",,,,
"USW00014822","DETROIT CITY AIRPORT, MI US","2017-06-24","9.40"," 1623","0.00",,"78","63","  270","  280","19.9","27.1",,,,
"USW00014822","DETROIT CITY AIRPORT, MI US","2017-06-25","8.50"," 1014","0.00",,"72","58","  280","  270","19.9","31.1",,,,
"USW00014822","DETROIT CITY AIRPORT, MI US","2017-06-26","10.29"," 1323","0.01",,"72","55","  250","  270","21.9","31.1",,,,
"USW00014822","DETROIT CITY AIRPORT, MI US","2017-06-27","7.61"," 1312","0.00",,"73","52","  320","  320","16.1","21.9",,,,
"USW00014822","DETROIT CITY AIRPORT, MI US","2017-06-28","9.40"," 1455","0.00",,"77","53","  210","  180","19.9","27.1",,,,
"USW00014822","DETROIT CITY AIRPORT, MI US","2017-06-29","13.87"," 1345","0.00",,"87","69","  220","  200","28.0","38.0",,,,
"USW00014822","DETROIT CITY AIRPORT, MI US","2017-06-30","8.72"," 0106","0.32",,"86","68","  240","  230","21.9","29.1",,,,
"USW00014822","DETROIT CITY AIRPORT, MI US","2017-07-01","8.95"," 1337","0.00",,"84","68","  320","  300","23.0","36.0",,,,
"USW00014822","DETROIT CITY AIRPORT, MI US","2017-07-02","8.50"," 1102","0.00",,"85","66","  250","  250","16.1","23.9",,,,
"USW00014822","DETROIT CITY AIRPORT, MI US","2017-07-03","5.59"," 1858","0.00",,"80","64","   50","   70","15.0","19.0",,,,
"USW00014822","DETROIT CITY AIRPORT, MI US","2017-07-04","6.04"," 1213","0.00",,"80","59","  110","  130","13.0","16.1",,,,
"USW00014822","DETROIT CITY AIRPORT, MI US","2017-07-05","3.80"," 1227","0.00",,"84","61","   80","   70","13.0","17.0",,,,
"USW00014822","DETROIT CITY AIRPORT, MI US","2017-07-06","4.70"," 1552","0.00",,"87","63","  190","  220","14.1","18.1",,,,
"USW00014822","DETROIT CITY AIRPORT, MI US","2017-07-07","7.61"," 0131","0.88",,"86","67","  360","   10","19.9","23.9",,,,
"USW00014822","DETROIT CITY AIRPORT, MI US","2017-07-08","7.16"," 1128","0.00",,"78","64","  360","  360","15.0","19.9",,,,
"USW00014822","DETROIT CITY AIRPORT, MI US","2017-07-09","8.72"," 1130","0.00",,"82","60","  240","  190","17.0","29.1",,,,
"USW00014822","DETROIT CITY AIRPORT, MI US","2017-07-10","5.82"," 1628","0.64",,"77","67","  210","  220","15.0","18.1",,,,
"USW00014822","DETROIT CITY AIRPORT, MI US","2017-07-11","3.80"," 1416","0.59",,"83","66","  220","  210","15.0","21.0",,,,
"USW00014822","DETROIT CITY AIRPORT, MI US","2017-07-12","6.93"," 1205","0.19",,"83","71","  300","  290","21.9","32.0",,,,
"USW00014822","DETROIT CITY AIRPORT, MI US","2017-07-13","8.50"," 0434","0.19",,"83","73","  200","  200","17.0","21.9",,,,
"USW00014822","DETROIT CITY AIRPORT, MI US","2017-07-14","8.05"," 1758","0.00",,"82","68","  310","  290","15.0","19.9",,,,
"USW00014822","DETROIT CITY AIRPORT, MI US","2017-07-15","5.37"," 1554","0.00",,"81","63","  240","  230","14.1","19.0",,,,
"USW00014822","DETROIT CITY AIRPORT, MI US","2017-07-16","8.50"," 1456","0.00",,"82","63","   10","  340","16.1","23.0",,,,
"USW00014822","DETROIT CITY AIRPORT, MI US","2017-07-17","4.70"," 0441","0.00",,"79","61","  360","  360","15.0","18.1",,,,
"USW00014822","DETROIT CITY AIRPORT, MI US","2017-07-18","3.80"," 1313","0.00",,"85","62","  220","  190","14.1","18.1",,,,
"USW00014822","DETROIT CITY AIRPORT, MI US","2017-07-19","5.37"," 1746","0.00",,"92","71","  220","  230","14.1","19.0",,,,
"USW00014822","DETROIT CITY AIRPORT, MI US","2017-07-20","6.93"," 0958","0.00",,"88","72","  280","  280","17.0","23.9",,,,
"USW00014822","DETROIT CITY AIRPORT, MI US","2017-07-21","4.70"," 1316","0.00",,"86","72","  160","  140","12.1","14.1",,,,
"USW00014822","DETROIT CITY AIRPORT, MI US","2017-07-22","6.71"," 1703","0.02",,"86","74","  360","  360","16.1","23.9",,,,
"USW00014822","DETROIT CITY AIRPORT, MI US","2017-07-23","5.59"," 2044","0.00",,"83","71","   20","   20","19.9","23.9",,,,
"USW00014822","DETROIT CITY AIRPORT, MI US","2017-07-24","9.62"," 1444","0.00",,"74","62","   10","  340","18.1","25.1",,,,
"USW00014822","DETROIT CITY AIRPORT, MI US","2017-07-25","6.71"," 1309","0.00",,"77","57","  100","   70","13.0","17.0",,,,
"USW00014822","DETROIT CITY AIRPORT, MI US","2017-07-26","6.49"," 1230","0.00",,"82","62","  190","  160","14.1","19.0",,,,
"USW00014822","DETROIT CITY AIRPORT, MI US","2017-07-27","6.26"," 1801","0.00",,"84","67","   10","   10","17.0","21.9",,,,
"USW00014822","DETROIT CITY AIRPORT, MI US","2017-07-28","10.96"," 1531","0.00",,"78","60","   20","   20","21.9","31.1",,,,
"USW00014822","DETROIT CITY AIRPORT, MI US","2017-07-29","10.07"," 1009","0.00",,"83","59","   80","   80","17.0","23.9",,,,
"USW00014822","DETROIT CITY AIRPORT, MI US","2017-07-30","4.03"," 1123","0.00",,"86","61","   40","   70","12.1","16.1",,,,
"USW00014822","DETROIT CITY AIRPORT, MI US","2017-07-31","3.80"," 1717","0.00",,"88","63","  290","  330","12.1","18.1",,,,
"USW00014822","DETROIT CITY AIRPORT, MI US","2017-08-01","6.71"," 1141","0.00",,"88","68","  290","  290","15.0","21.0",,,,
"USW00014822","DETROIT CITY AIRPORT, MI US","2017-08-02","6.04"," 1537","1.14",,"87","66","   70","   30","23.0","29.1",,,,
"USW00014822","DETROIT CITY AIRPORT, MI US","2017-08-03","5.37"," 1644","0.12",,"85","66","  180","  190","15.0","19.9",,,,
"USW00014822","DETROIT CITY AIRPORT, MI US","2017-08-04","12.97"," 1528","0.00",,"77","62","  240","  280","25.9","36.9",,,,
"USW00014822","DETROIT CITY AIRPORT, MI US","2017-08-05","8.50"," 1008","0.00",,"77","57","  270","  310","17.0","23.9",,,,
"USW00014822","DETROIT CITY AIRPORT, MI US","2017-08-06","4.25"," 1808","0.00",,"78","59","  210","  210","19.9","21.9",,,,
"USW00014822","DETROIT CITY AIRPORT, MI US","2017-08-07","4.92"," 1334","0.00",,"79","60","   40","   10","14.1","19.0",,,,
"USW00014822","DETROIT CITY AIRPORT, MI US","2017-08-08","4.47"," 1352","0.00",,"83","57","  310","  320","13.0","19.9",,,,
"USW00014822","DETROIT CITY AIRPORT, MI US","2017-08-09","5.82"," 1345","0.00",,"84","63","  210","  240","15.0","23.0",,,,
"USW00014822","DETROIT CITY AIRPORT, MI US","2017-08-10","5.14"," 1352","0.00",,"83","64","  150","  150","13.0","18.1",,,,
"USW00014822","DETROIT CITY AIRPORT, MI US","2017-08-11","8.05"," 0513","0.17",,"83","66","  240","  220","17.0","23.0",,,,
"USW00014822","DETROIT CITY AIRPORT, MI US","2017-08-12","6.71"," 1558","0.01",,"78","62","  320","  350","19.9","23.0",,,,
"USW00014822","DETROIT CITY AIRPORT, MI US","2017-08-13","3.80"," 1609","0.00",,"80","59","  110","  110","13.0","16.1",,,,
"USW00014822","DETROIT CITY AIRPORT, MI US","2017-08-14","5.59"," 1335","0.00",,"82","62","  200","  130","14.1","19.0",,,,
"USW00014822","DETROIT CITY AIRPORT, MI US","2017-08-15","4.25"," 1802","0.07",,"82","65","   70","   80","13.0","15.0",,,,
"USW00014822","DETROIT CITY AIRPORT, MI US","2017-08-16","6.49"," 1323","0.00",,"82","61","  120","  100","15.0","18.1",,,,
"USW00014822","DETROIT CITY AIRPORT, MI US","2017-08-17","8.50"," 2105","0.98",,"80","69","  230","  220","17.0","23.0",,,,
"USW00014822","DETROIT CITY AIRPORT, MI US","2017-08-18","11.18"," 1318","0.00",,"78","67","  270","  270","21.9","30.0",,,,
"USW00014822","DETROIT CITY AIRPORT, MI US","2017-08-19","6.04"," 1406","0.00",,"80","64","  310","  320","15.0","21.0",,,,
"USW00014822","DETROIT CITY AIRPORT, MI US","2017-08-20","4.92"," 1543","0.00",,"83","61","  180","  170","13.0","17.0",,,,
"USW00014822","DETROIT CITY AIRPORT, MI US","2017-08-21","5.59"," 1325","0.00",,"87","67","  210","  210","15.0","18.1",,,,
"USW00014822","DETROIT CITY AIRPORT, MI US","2017-08-22","12.97"," 1635","0.08",,"80","65","  270","  280","21.0","29.1",,,,
"USW00014822","DETROIT CITY AIRPORT, MI US","2017-08-23","6.93"," 1401","0.00",,"75","57","  360","  280","16.1","23.0",,,,
"USW00014822","DETROIT CITY AIRPORT, MI US","2017-08-24","6.71"," 1407","0.00",,"72","56","  330","  320","17.0","23.0",,,,
"USW00014822","DETROIT CITY AIRPORT, MI US","2017-08-25","4.03"," 1224","0.00",,"72","51","   20","   30","13.0","17.0",,,,
"USW00014822","DETROIT CITY AIRPORT, MI US","2017-08-26","4.92"," 1355","0.00",,"72","52","   90","  100","13.0","18.1",,,,
"USW00014822","DETROIT CITY AIRPORT, MI US","2017-08-27","5.59"," 1453","0.00",,"75","55","  100","   90","13.0","16.1",,,,
"USW00014822","DETROIT CITY AIRPORT, MI US","2017-08-28","5.82"," 1533","1.65",,"73","62","  130","  110","16.1","21.0","    1",,,
"USW00014822","DETROIT CITY AIRPORT, MI US","2017-08-29",,,,,"73","61",,,,,,,,
"USW00014822","DETROIT CITY AIRPORT, MI US","2017-08-30","2.91"," 1645","0.00",,"81","70","  310","  290","8.9","14.1",,,,
"USW00014822","DETROIT CITY AIRPORT, MI US","2017-08-31","10.51"," 1640","0.00",,"71","53","   40","   40","17.0","23.0",,,,
"USW00014822","DETROIT CITY AIRPORT, MI US","2017-09-01","10.74"," 0843","0.00",,"64","53","   60","  110","18.1","27.1",,,,
"USW00014822","DETROIT CITY AIRPORT, MI US","2017-09-02","7.38"," 0843","0.00",,"69","49","  120","   90","18.1","23.0",,,,
"USW00014822","DETROIT CITY AIRPORT, MI US","2017-09-03","7.83"," 1246","0.02",,"76","56","  280","  290","16.1","21.9",,,,
"USW00014822","DETROIT CITY AIRPORT, MI US","2017-09-04","11.41"," 1521","0.51",,"83","59","  230","  230","28.0","36.9",,,,
"USW00014822","DETROIT CITY AIRPORT, MI US","2017-09-05","6.26"," 1133","0.04",,"71","55","  270","  300","15.0","21.9",,,,
"USW00014822","DETROIT CITY AIRPORT, MI US","2017-09-06","3.80"," 1104","0.00",,"65","50","  300","  290","10.1","13.0",,,,
"USW00014822","DETROIT CITY AIRPORT, MI US","2017-09-07","7.83"," 1553","0.17",,"68","50","  280","  280","21.0","28.0",,,,
"USW00014822","DETROIT CITY AIRPORT, MI US","2017-09-08","7.16"," 1534","0.00",,"67","50","   10","   20","19.9","23.9",,,,
"USW00014822","DETROIT CITY AIRPORT, MI US","2017-09-09","6.71"," 1836","0.00",,"65","45","   80","  340","16.1","19.0",,,,
"USW00014822","DETROIT CITY AIRPORT, MI US","2017-09-10","3.80"," 1442","0.00",,"68","46","  160","  170","12.1","14.1",,,,
"USW00014822","DETROIT CITY AIRPORT, MI US","2017-09-11","2.91"," 1511","0.00",,"72","50","  140","   90","8.9","12.1",,,,
"USW00014822","DETROIT CITY AIRPORT, MI US","2017-09-12","4.92"," 1425","0.00",,"76","53","   60","   80","10.1","14.1",,,,
"USW00014822","DETROIT CITY AIRPORT, MI US","2017-09-13","4.47"," 1449","0.00",,"75","57","  200","  220","14.1","18.1",,,,
"USW00014822","DETROIT CITY AIRPORT, MI US","2017-09-14","2.91"," 1432","0.00",,"76","59","  150","  150","12.1","14.1",,,,
"USW00014822","DETROIT CITY AIRPORT, MI US","2017-09-15","3.80"," 1327","0.00",,"79","59","  150","  180","10.1","15.0",,,,
"USW00014822","DETROIT CITY AIRPORT, MI US","2017-09-16","4.25"," 1404","0.00",,"81","59","  180","  210","12.1","19.0",,,,
"USW00014822","DETROIT CITY AIRPORT, MI US","2017-09-17","5.59"," 1347","0.00",,"83","60","  200","  180","14.1","19.9",,,,
"USW00014822","DETROIT CITY AIRPORT, MI US","2017-09-18","3.80"," 1713","0.21",,"74","64","   10","   90","10.1","14.1",,,,
"USW00014822","DETROIT CITY AIRPORT, MI US","2017-09-19","4.47"," 1049","0.16",,"70","63","  110","  100","10.1","13.0",,,,
"USW00014822","DETROIT CITY AIRPORT, MI US","2017-09-20","3.36"," 1252","0.00",,"81","63","  210","  220","10.1","14.1",,,,
"USW00014822","DETROIT CITY AIRPORT, MI US","2017-09-21","4.92"," 1352","0.00",,"88","65","  150","  180","12.1","15.0",,,,
"USW00014822","DETROIT CITY AIRPORT, MI US","2017-09-22","2.91"," 1253","0.00",,"87","67","  110","  110","8.1","11.0",,,,
"USW00014822","DETROIT CITY AIRPORT, MI US","2017-09-23","2.46"," 1254","0.00",,"90","64","  130","  130","8.9","12.1",,,,
"USW00014822","DETROIT CITY AIRPORT, MI US","2017-09-24","3.58"," 1439","0.00",,"88","65","  110","  110","10.1","16.1",,,,
"USW00014822","DETROIT CITY AIRPORT, MI US","2017-09-25","2.91"," 1332","0.00",,"89","67","  120","  150","10.1","14.1",,,,
"USW00014822","DETROIT CITY AIRPORT, MI US","2017-09-26","4.25"," 1401","0.00",,"90","68","  230","  230","14.1","18.1",,,,
"USW00014822","DETROIT CITY AIRPORT, MI US","2017-09-27","6.93"," 2159","0.00",,"79","60","   10","   10","17.0","23.9",,,,
"USW00014822","DETROIT CITY AIRPORT, MI US","2017-09-28","5.82"," 1128","0.00",,"67","52","  360","  310","15.0","19.0",,,,
"USW00014822","DETROIT CITY AIRPORT, MI US","2017-09-29","8.95"," 1324","0.10",,"68","52","   10","  320","23.0","31.1",,,,
"USW00014822","DETROIT CITY AIRPORT, MI US","2017-09-30","4.92"," 0921","0.00",,"63","46","   30","   30","14.1","19.0",,,,
"USW00014822","DETROIT CITY AIRPORT, MI US","2017-10-01","4.47"," 1605","0.00",,"67","43","  110","  100","14.1","18.1",,,,
"USW00014822","DETROIT CITY AIRPORT, MI US","2017-10-02","3.58"," 1119","0.00",,"74","45","  140","  110","10.1","14.1",,,,
"USW00014822","DETROIT CITY AIRPORT, MI US","2017-10-03","8.28"," 1534","0.00",,"82","53","  200","  190","18.1","23.0",,,,
"USW00014822","DETROIT CITY AIRPORT, MI US","2017-10-04","10.96"," 1018","0.02",,"79","66","  240","  240","21.0","27.1",,,,
"USW00014822","DETROIT CITY AIRPORT, MI US","2017-10-05","5.14"," 1353","0.06",,"74","51","  240","  230","16.1","21.0",,,,
"USW00014822","DETROIT CITY AIRPORT, MI US","2017-10-06","3.80"," 0300","0.18",,"64","56","   20","   20","8.1","10.1",,,,
"USW00014822","DETROIT CITY AIRPORT, MI US","2017-10-07","12.97"," 2030","0.10",,"81","64","  240","  200","29.1","40.9",,,,
"USW00014822","DETROIT CITY AIRPORT, MI US","2017-10-08","8.50"," 0033","0.00",,"73","62","  230","  240","25.1","38.0",,,,
"USW00014822","DETROIT CITY AIRPORT, MI US","2017-10-09","3.80"," 0324","0.08",,"78","60","  360","  360","13.0","16.1",,,,
"USW00014822","DETROIT CITY AIRPORT, MI US","2017-10-10","7.16"," 2314","0.00",,"69","55","   50","   60","16.1","23.0",,,,
"USW00014822","DETROIT CITY AIRPORT, MI US","2017-10-11","12.75"," 1836","0.89",,"60","50","   60","   60","25.9","33.1",,,,
"USW00014822","DETROIT CITY AIRPORT, MI US","2017-10-12","6.04"," 1055","0.00",,"59","49","   20","   20","10.1","14.1",,,,
"USW00014822","DETROIT CITY AIRPORT, MI US","2017-10-13","4.25"," 1412","0.00",,"70","57","  200","  190","12.1","15.0",,,,
"USW00014822","DETROIT CITY AIRPORT, MI US","2017-10-14","5.59"," 1110","0.17",,"66","60","  110","  110","12.1","14.1",,,,
"USW00014822","DETROIT CITY AIRPORT, MI US","2017-10-15","14.32"," 1431","0.02",,"74","47","  270","  270","31.1","42.9",,,,
"USW00014822","DETROIT CITY AIRPORT, MI US","2017-10-16","3.58"," 0937","0.00",,"58","43","  360","   10","13.0","15.0",,,,
"USW00014822","DETROIT CITY AIRPORT, MI US","2017-10-17","11.41"," 1458","0.00",,"68","44","  230","  220","21.0","28.0",,,,
"USW00014822","DETROIT CITY AIRPORT, MI US","2017-10-18","10.51"," 1604","0.00",,"67","48","  190","  200","19.9","25.1",,,,
"USW00014822","DETROIT CITY AIRPORT, MI US","2017-10-19","9.17"," 1427","0.00",,"70","53","  270","  260","17.0","21.9",,,,
"USW00014822","DETROIT CITY AIRPORT, MI US","2017-10-20","5.59"," 1319","0.00",,"69","41","  190","  180","14.1","17.0",,,,
"USW00014822","DETROIT CITY AIRPORT, MI US","2017-10-21","6.04"," 1146","0.00",,"72","50","  230","  230","14.1","17.0",,,,
"USW00014822","DETROIT CITY AIRPORT, MI US","2017-10-22","10.07"," 1400","0.00",,"76","53","  200","  210","21.0","25.9",,,,
"USW00014822","DETROIT CITY AIRPORT, MI US","2017-10-23","12.08"," 2120","0.22",,"67","53","  200","  210","29.1","38.9",,,,
"USW00014822","DETROIT CITY AIRPORT, MI US","2017-10-24","17.90"," 1758","0.09",,"55","43","  230","  210","33.1","48.1",,,,
"USW00014822","DETROIT CITY AIRPORT, MI US","2017-10-25","5.37"," 0301","0.01",,"51","39","  240","  250","14.1","19.0",,,,
"USW00014822","DETROIT CITY AIRPORT, MI US","2017-10-26","4.03"," 1125","0.00",,"54","33","  230","  240","13.0","17.0",,,,
"USW00014822","DETROIT CITY AIRPORT, MI US","2017-10-27","9.84"," 1321","0.12",,"60","41","  230","  220","19.9","25.1",,,,
"USW00014822","DETROIT CITY AIRPORT, MI US","2017-10-28","9.40"," 1500","0.00",,"45","38","  220","  240","17.0","21.0",,,,
"USW00014822","DETROIT CITY AIRPORT, MI US","2017-10-29","5.14"," 1512","0.00",,"47","38","  330","  330","10.1","14.1",,,,
"USW00014822","DETROIT CITY AIRPORT, MI US","2017-10-30","11.63"," 1428","0.00",,"47","37","  230","  230","21.9","29.1",,,,
"USW00014822","DETROIT CITY AIRPORT, MI US","2017-10-31","11.41"," 0254","0.00",,"42","36","  260","  240","19.9","30.0",,,,
"USW00014822","DETROIT CITY AIRPORT, MI US","2017-11-01","4.47"," 1039","0.04",,"45","35","  200","  200","15.0","21.0",,,,
"USW00014822","DETROIT CITY AIRPORT, MI US","2017-11-02","4.47"," 1609","0.16",,"60","45","  360","  210","13.0","17.0",,,,
"USW00014822","DETROIT CITY AIRPORT, MI US","2017-11-03","8.05"," 1133",,,"52","36","   10","   10","15.0","23.0",,,,
"USW00014822","DETROIT CITY AIRPORT, MI US","2017-11-04","8.50"," 1636","0.42",,"52","39","   90","  110","21.0","27.1",,,,
"USW00014822","DETROIT CITY AIRPORT, MI US","2017-11-05","6.49"," 1347","0.28",,"63","49","  180","  180","21.9","30.0",,,,
"USW00014822","DETROIT CITY AIRPORT, MI US","2017-11-06","6.71"," 0625","0.00",,"49","37","   10","   10","16.1","21.9",,,,
"USW00014822","DETROIT CITY AIRPORT, MI US","2017-11-07","3.80"," 1404","0.00",,"49","33","   20","   30","12.1","15.0",,,,
"USW00014822","DETROIT CITY AIRPORT, MI US","2017-11-08","4.70"," 1419","0.00",,"48","29","  270","  250","12.1","15.0",,,,
"USW00014822","DETROIT CITY AIRPORT, MI US","2017-11-09","11.41"," 1736","0.00",,"48","25","  290","  280","25.1","40.0",,,,
"USW00014822","DETROIT CITY AIRPORT, MI US","2017-11-10","7.83"," 0037","0.00",,"29","19","  330","  340","17.0","25.1",,,,
"USW00014822","DETROIT CITY AIRPORT, MI US","2017-11-11","7.83"," 1125","0.00",,"37","22","  170","  140","16.1","25.1",,,,
"USW00014822","DETROIT CITY AIRPORT, MI US","2017-11-12","2.24"," 0307","0.14",,"40","33","   10","  230","6.9","10.1",,,,
"USW00014822","DETROIT CITY AIRPORT, MI US","2017-11-13","4.70"," 1338","0.00",,"43","35","  290","  300","12.1","16.1",,,,
"USW00014822","DETROIT CITY AIRPORT, MI US","2017-11-14","4.70"," 1620","0.00",,"47","33","  170","  170","10.1","13.0",,,,
"USW00014822","DETROIT CITY AIRPORT, MI US","2017-11-15","12.30"," 2208","0.23",,"47","38","  280","  280","23.0","32.0",,,,
"USW00014822","DETROIT CITY AIRPORT, MI US","2017-11-16","12.30"," 0342","0.00",,"45","36","  280","  270","21.9","36.0",,,,
"USW00014822","DETROIT CITY AIRPORT, MI US","2017-11-17","8.50"," 1358","0.00",,"56","33","  180","  180","17.0","23.0",,,,
"USW00014822","DETROIT CITY AIRPORT, MI US","2017-11-18","9.17"," 1823","1.59",,"65","38","  360","  360","25.9","35.1",,,,
"USW00014822","DETROIT CITY AIRPORT, MI US","2017-11-19","12.30"," 0234","0.00",,,,"  330","  340","25.1","36.9",,,,
"USW00014822","DETROIT CITY AIRPORT, MI US","2017-11-20","15.43"," 1255","0.00",,,,"  230","  220","25.1","35.1",,,,
"USW00014822","DETROIT CITY AIRPORT, MI US","2017-11-21","14.09"," 1056","0.08",,,,"  240","  240","28.0","36.0",,,,
"USW00014822","DETROIT CITY AIRPORT, MI US","2017-11-22","6.04"," 0558","0.00",,"35","27","  360","   10","16.1","23.9",,,,
"USW00014822","DETROIT CITY AIRPORT, MI US","2017-11-23","9.84"," 1525","0.00",,"39","27","  220","  200","16.1","21.0",,,,
"USW00014822","DETROIT CITY AIRPORT, MI US","2017-11-24","12.30"," 1936","0.00",,"52","31","  200","  210","25.9","38.0",,,,
"USW00014822","DETROIT CITY AIRPORT, MI US","2017-11-25","11.41"," 2205","0.00",,"51","35","  320","  310","21.9","31.1",,,,
"USW00014822","DETROIT CITY AIRPORT, MI US","2017-11-26","8.72"," 2025","0.00",,"43","27","  250","  250","19.9","25.1",,,,
"USW00014822","DETROIT CITY AIRPORT, MI US","2017-11-27","4.25"," 2109","0.00",,"44","29","  150","  140","8.9","12.1",,,,
"USW00014822","DETROIT CITY AIRPORT, MI US","2017-11-28","14.54"," 1221","0.00",,"63","41","  220","  220","25.1","33.1",,,,
"USW00014822","DETROIT CITY AIRPORT, MI US","2017-11-29","6.49"," 0006","0.00",,"53","33","  290","  300","15.0","19.9",,,,
"USW00014822","DETROIT CITY AIRPORT, MI US","2017-11-30","7.83"," 1622","0.11",,"51","29","  300","  300","19.9","29.1",,,,
"USW00014822","DETROIT CITY AIRPORT, MI US","2017-12-01","3.80"," 1527","0.00",,"48","29","  200","  260","8.9","13.0",,,,
"USW00014822","DETROIT CITY AIRPORT, MI US","2017-12-02","4.25"," 1451","0.00",,"49","33","  200","  200","12.1","14.1",,,,
"USW00014822","DETROIT CITY AIRPORT, MI US","2017-12-03","4.25"," 1455","0.00",,"53","30","  240","  250","8.9","12.1",,,,
"USW00014822","DETROIT CITY AIRPORT, MI US","2017-12-04","12.08"," 2350","0.04",,"54","37","  210","  200","25.9","35.1",,,,
"USW00014822","DETROIT CITY AIRPORT, MI US","2017-12-05","19.69"," 0634","0.02",,"56","30","  240","  230","33.1","46.1",,,,
"USW00014822","DETROIT CITY AIRPORT, MI US","2017-12-06","15.88"," 1116","0.00",,"40","27","  240","  240","25.1","34.0",,,,
"USW00014822","DETROIT CITY AIRPORT, MI US","2017-12-07","10.07"," 1419","0.00",,"33","24","  280","  270","18.1","25.9",,,,
"USW00014822","DETROIT CITY AIRPORT, MI US","2017-12-08","12.75"," 1249","0.00",,"32","20","  230","  230","23.0","31.1",,,,
"USW00014822","DETROIT CITY AIRPORT, MI US","2017-12-09","8.05"," 0012","0.00",,"29","26","  230","  240","15.0","19.9",,,,
"USW00014822","DETROIT CITY AIRPORT, MI US","2017-12-10","10.51"," 1209","0.00",,"28","24","  250","  240","19.9","28.0",,,,
"USW00014822","DETROIT CITY AIRPORT, MI US","2017-12-11","5.59"," 0032","0.15",,"31","22","  190","  320","14.1","21.9",,,,
"USW00014822","DETROIT CITY AIRPORT, MI US","2017-12-12","12.30"," 1341","0.00",,"31","13","  300","  300","25.1","35.1",,,,
"USW00014822","DETROIT CITY AIRPORT, MI US","2017-12-13","8.50"," 2217","0.13",,"24","13","   30","   20","16.1","21.0",,,,
"USW00014822","DETROIT CITY AIRPORT, MI US","2017-12-14","6.49"," 0140","0.00",,"23","6","   10","   20","16.1","21.9",,,,
"USW00014822","DETROIT CITY AIRPORT, MI US","2017-12-15","11.41"," 1346","0.00",,"26","15","  250","  250","21.9","29.1",,,,
"USW00014822","DETROIT CITY AIRPORT, MI US","2017-12-16","7.61"," 0403","0.01",,"32","21","  230","  240","16.1","23.0","    1",,,"    1"
"USW00014822","DETROIT CITY AIRPORT, MI US","2017-12-17","6.26"," 1349","0.00",,"34","21","   90","   90","14.1","17.0","    1",,,
"USW00014822","DETROIT CITY AIRPORT, MI US","2017-12-18","9.40"," 2253","0.01",,"42","29","  240","  230","17.0","23.0","    1",,,
"USW00014822","DETROIT CITY AIRPORT, MI US","2017-12-19","13.42"," 1059","0.00",,"48","37","  240","  240","23.9","34.0",,,,
"USW00014822","DETROIT CITY AIRPORT, MI US","2017-12-20","5.37"," 0147","0.00",,"38","27","  300","  320","16.1","23.9",,,,
"USW00014822","DETROIT CITY AIRPORT, MI US","2017-12-21","8.05"," 1900","0.00",,"34","27","   80","   90","18.1","23.0",,,,
"USW00014822","DETROIT CITY AIRPORT, MI US","2017-12-22","5.14"," 0131","0.00",,"34","32","   90","   90","17.0","23.0","    1",,,"    1"
"USW00014822","DETROIT CITY AIRPORT, MI US","2017-12-23","6.49"," 1620","0.02",,"38","28","  300","  330","15.0","19.9","    1",,,
"USW00014822","DETROIT CITY AIRPORT, MI US","2017-12-24","7.16"," 2351","0.22",,"28","21","  310","  310","13.0","21.0","    1",,,
"USW00014822","DETROIT CITY AIRPORT, MI US","2017-12-25","11.86"," 1626",,,"22","10","  270","  250","25.1","36.0","    1",,,"    1"
"USW00014822","DETROIT CITY AIRPORT, MI US","2017-12-26","6.93"," 1406",,,"13","2","  250","  250","16.1","23.0",,,,"    1"
"USW00014822","DETROIT CITY AIRPORT, MI US","2017-12-27","5.82"," 1214","0.00",,"13","0","  310","  310","13.0","17.0",,,,
"USW00014822","DETROIT CITY AIRPORT, MI US","2017-12-28","3.36"," 1611",,,"14","-4","  140","  140","8.9","11.0","    1",,,
"USW00014822","DETROIT CITY AIRPORT, MI US","2017-12-29","7.61"," 2229",,,"19","11","  230","  230","14.1","18.1",,,,
"USW00014822","DETROIT CITY AIRPORT, MI US","2017-12-30","9.62"," 1458",,,"17","6","  290","  290","19.9","27.1",,,,
"USW00014822","DETROIT CITY AIRPORT, MI US","2017-12-31","4.70"," 1554","0.00",,"17","-1","  340","  330","12.1","14.1",,,,
"USW00014822","DETROIT CITY AIRPORT, MI US","2018-01-01","8.50"," 1140","0.00",,"15","-2","  300","  290","18.1","23.9",,,,
"USW00014822","DETROIT CITY AIRPORT, MI US","2018-01-02","13.42"," 1729","0.00",,"12","2","  240","  250","21.0","27.1",,,,
"USW00014822","DETROIT CITY AIRPORT, MI US","2018-01-03","11.86"," 0309","0.00",,"16","2","  240","  240","21.0","29.1",,,,
"USW00014822","DETROIT CITY AIRPORT, MI US","2018-01-04","11.41"," 1136","0.00",,"16","0","  330","  310","19.9","28.0",,,,
"USW00014822","DETROIT CITY AIRPORT, MI US","2018-01-05","9.17"," 1505","0.00",,"7","-3","  340","  330","17.0","25.1",,,,
"USW00014822","DETROIT CITY AIRPORT, MI US","2018-01-06","5.59"," 1050","0.00",,"9","-4","  320","  330","14.1","19.9",,,,
"USW00014822","DETROIT CITY AIRPORT, MI US","2018-01-07","12.30"," 1943","0.00",,"30","-3","  220","  220","23.0","31.1",,,,
"USW00014822","DETROIT CITY AIRPORT, MI US","2018-01-08","12.75"," 1339","0.09",,"37","29","  230","  250","19.9","25.1",,,,
"USW00014822","DETROIT CITY AIRPORT, MI US","2018-01-09","5.82"," 0112","0.00",,"37","27","  170","  260","12.1","17.0",,,,
"USW00014822","DETROIT CITY AIRPORT, MI US","2018-01-10","8.05"," 2058","0.06",,"47","24","  210","  210","19.9","27.1",,,,
"USW00014822","DETROIT CITY AIRPORT, MI US","2018-01-11","14.99"," 1248","0.00",,"56","45","  200","  210","21.9","32.0",,,,
"USW00014822","DETROIT CITY AIRPORT, MI US","2018-01-12","17.45"," 2359","0.15",,"54","15","  360","  340","29.1","38.9",,,,
"USW00014822","DETROIT CITY AIRPORT, MI US","2018-01-13","9.40"," 0024","0.00",,"19","9","  350","  340","23.9","33.1",,,,
"USW00014822","DETROIT CITY AIRPORT, MI US","2018-01-14","6.04"," 1358","0.00",,"20","6","  180","  210","15.0","19.9",,,,
"USW00014822","DETROIT CITY AIRPORT, MI US","2018-01-15","6.93"," 1321","0.00",,"22","15","  110","  100","14.1","17.0",,,,
"USW00014822","DETROIT CITY AIRPORT, MI US","2018-01-16","9.17"," 0826","0.00",,"22","10","  240","  260","13.0","16.1",,,,
"USW00014822","DETROIT CITY AIRPORT, MI US","2018-01-17","11.18"," 2214","0.00",,"24","4","  240","  230","23.0","30.0",,,,
"USW00014822","DETROIT CITY AIRPORT, MI US","2018-01-18","14.32"," 2113","0.00",,"28","14","  240","  230","23.0","30.0",,,,
"USW00014822","DETROIT CITY AIRPORT, MI US","2018-01-19","15.88"," 2307","0.00",,"37","23","  230","  250","25.1","35.1",,,,
"USW00014822","DETROIT CITY AIRPORT, MI US","2018-01-20","12.08"," 0144","0.00",,"44","33","  240","  230","23.0","31.1",,,,
"USW00014822","DETROIT CITY AIRPORT, MI US","2018-01-21","3.80"," 1045","0.00",,"42","35","  200","  180","12.1","16.1",,,,
"USW00014822","DETROIT CITY AIRPORT, MI US","2018-01-22","7.38"," 1859","0.44",,"53","36","  180","  190","15.0","19.9",,,,
"USW00014822","DETROIT CITY AIRPORT, MI US","2018-01-23","12.97"," 1424","0.07",,"48","27","  270","  260","23.0","35.1",,,,
"USW00014822","DETROIT CITY AIRPORT, MI US","2018-01-24","6.71"," 0339","0.00",,"29","24","  300","  300","14.1","18.1",,,,
"USW00014822","DETROIT CITY AIRPORT, MI US","2018-01-25","6.71"," 1426","0.00",,"33","24","  200","  190","14.1","18.1",,,,
"USW00014822","DETROIT CITY AIRPORT, MI US","2018-01-26","10.96"," 2325","0.00",,"52","27","  210","  210","23.9","32.0",,,,
"USW00014822","DETROIT CITY AIRPORT, MI US","2018-01-27","14.99"," 0458","0.00",,"50","36","  230","  230","28.0","38.0",,,,
"USW00014822","DETROIT CITY AIRPORT, MI US","2018-01-28","5.82"," 2215","0.00",,"45","27","   50","   50","17.0","21.0",,,,
"USW00014822","DETROIT CITY AIRPORT, MI US","2018-01-29","13.42"," 2023","0.09",,"30","17","   10","  330","23.0","31.1",,,,
"USW00014822","DETROIT CITY AIRPORT, MI US","2018-01-30","6.93"," 0004","0.00",,"23","12","  350","  350","19.9","25.9",,,,
"USW00014822","DETROIT CITY AIRPORT, MI US","2018-01-31","14.99"," 0922","0.00",,"41","19","  200","  200","25.9","36.9",,,,
"USW00014822","DETROIT CITY AIRPORT, MI US","2018-02-01","12.97"," 1316","0.00",,"38","10","  290","  280","21.0","31.1",,,,
"USW00014822","DETROIT CITY AIRPORT, MI US","2018-02-02","10.51"," 1613","0.00",,"20","10","  270","  250","17.0","23.0",,,,
"USW00014822","DETROIT CITY AIRPORT, MI US","2018-02-03","13.20"," 2143","0.00",,"34","12","  200","  200","25.9","34.0",,,,
"USW00014822","DETROIT CITY AIRPORT, MI US","2018-02-04","11.41"," 0115",,,"35","12","  250","  240","28.0","36.0",,,,
"USW00014822","DETROIT CITY AIRPORT, MI US","2018-02-05","9.40"," 1943",,,"19","6","  230","  240","18.1","23.0",,,,
"USW00014822","DETROIT CITY AIRPORT, MI US","2018-02-06","5.14"," 0225",,,"24","11","  260","  280","10.1","16.1",,,,
"USW00014822","DETROIT CITY AIRPORT, MI US","2018-02-07","5.37"," 1425",,,"26","17","  290","  320","13.0","18.1",,,,
"USW00014822","DETROIT CITY AIRPORT, MI US","2018-02-08","7.61"," 1322","0.00",,"21","9","  240","  230","19.9","25.1",,,,
"USW00014822","DETROIT CITY AIRPORT, MI US","2018-02-09","5.82"," 1126",,,"24","14","  110","  100","13.0","18.1",,,,
"USW00014822","DETROIT CITY AIRPORT, MI US","2018-02-10","7.38"," 1524",,,"23","20","   10","   10","15.0","18.1",,,,
"USW00014822","DETROIT CITY AIRPORT, MI US","2018-02-11","8.28"," 2105",,,"28","20","  290","  280","14.1","21.9",,,,
"USW00014822","DETROIT CITY AIRPORT, MI US","2018-02-12","4.70"," 0011","0.00",,"29","12","  350","  290","10.1","14.1",,,,
"USW00014822","DETROIT CITY AIRPORT, MI US","2018-02-13","4.47"," 1001","0.00",,"25","6","  130","  130","13.0","16.1",,,,
"USW00014822","DETROIT CITY AIRPORT, MI US","2018-02-14","9.62"," 1415","0.00",,"44","22","  220","  230","18.1","23.9",,,,
"USW00014822","DETROIT CITY AIRPORT, MI US","2018-02-15","8.72"," 0944","0.07",,"46","38","  240","  230","17.0","23.0",,,,
"USW00014822","DETROIT CITY AIRPORT, MI US","2018-02-16","7.61"," 1356","0.00",,"42","22","  330","  340","17.0","23.9",,,,
"USW00014822","DETROIT CITY AIRPORT, MI US","2018-02-17","6.71"," 1139","0.00",,"33","19","  200","  200","14.1","18.1",,,,
"USW00014822","DETROIT CITY AIRPORT, MI US","2018-02-18","8.05"," 1451","0.00",,"37","28","  210","  190","16.1","21.0",,,,
"USW00014822","DETROIT CITY AIRPORT, MI US","2018-02-19","8.05"," 2106","0.47",,"59","31","  230","  220","25.9","38.9",,,,
"USW00014822","DETROIT CITY AIRPORT, MI US","2018-02-20","10.96"," 1410","1.07",,"65","52","  220","  220","21.9","32.0",,,,
"USW00014822","DETROIT CITY AIRPORT, MI US","2018-02-21","8.05"," 0544","0.43",,"56","30","  330","  330","17.0","23.9",,,,
"USW00014822","DETROIT CITY AIRPORT, MI US","2018-02-22","9.40"," 0505","0.00",,"38","29","   60","   50","15.0","19.0",,,,
"USW00014822","DETROIT CITY AIRPORT, MI US","2018-02-23","9.40"," 1627","0.05",,"49","33","  270","  270","18.1","25.1","    1",,,
"USW00014822","DETROIT CITY AIRPORT, MI US","2018-02-24","8.95"," 2343","0.02",,"41","35","  110","  130","21.9","28.0","    1",,,
"USW00014822","DETROIT CITY AIRPORT, MI US","2018-02-25","17.00"," 1357","0.03",,"50","35","  260","  230","32.0","44.1","    1",,,
"USW00014822","DETROIT CITY AIRPORT, MI US","2018-02-26","7.83"," 1443","0.00",,"50","29","  230","  260","17.0","21.9",,,,
"USW00014822","DETROIT CITY AIRPORT, MI US","2018-02-27","10.51"," 1703","0.00",,"59","36","  230","  210","23.0","29.1",,,,
"USW00014822","DETROIT CITY AIRPORT, MI US","2018-02-28","10.51"," 1140","0.00",,"62","37","  240","  240","18.1","23.9",,,,
"USW00014822","DETROIT CITY AIRPORT, MI US","2018-03-01","13.20"," 1617","0.88",,"37","32","  350","   10","21.9","31.1",,,,
"USW00014822","DETROIT CITY AIRPORT, MI US","2018-03-02","9.40"," 0710","0.00",,"40","29","  340","  330","17.0","25.1",,,,
"USW00014822","DETROIT CITY AIRPORT, MI US","2018-03-03","8.05"," 1524","0.00",,"40","26","  360","  360","15.0","19.0",,,,
"USW00014822","DETROIT CITY AIRPORT, MI US","2018-03-04","7.83"," 1712","0.00",,"40","24","   10","   10","16.1","19.0",,,,
"USW00014822","DETROIT CITY AIRPORT, MI US","2018-03-05","7.38"," 1213","0.00",,"37","22","   90","   90","13.0","18.1",,,,
"USW00014822","DETROIT CITY AIRPORT, MI US","2018-03-06","8.72"," 0828","0.02",,"41","31","  120","  100","17.0","23.0",,,,
"USW00014822","DETROIT CITY AIRPORT, MI US","2018-03-07","9.40"," 1430","0.04",,"35","26","  280","  310","19.9","25.9",,,,
"USW00014822","DETROIT CITY AIRPORT, MI US","2018-03-08","13.20"," 1603","0.00",,"32","22","  270","  280","21.9","31.1",,,,
"USW00014822","DETROIT CITY AIRPORT, MI US","2018-03-09","9.17"," 1439","0.00",,"34","28","  270","  280","16.1","21.9",,,,
"USW00014822","DETROIT CITY AIRPORT, MI US","2018-03-10","6.93"," 1041","0.00",,"36","23","  350","  350","14.1","23.9",,,,
"USW00014822","DETROIT CITY AIRPORT, MI US","2018-03-11","3.58"," 1657","0.00",,"39","20","   80","   80","12.1","15.0",,,,
"USW00014822","DETROIT CITY AIRPORT, MI US","2018-03-12","4.25"," 1617","0.00",,"35","21","  320","  330","15.0","21.0",,,,
"USW00014822","DETROIT CITY AIRPORT, MI US","2018-03-13","9.62"," 1339","0.00",,"34","26","  320","  330","17.0","23.9",,,,
"USW00014822","DETROIT CITY AIRPORT, MI US","2018-03-14","10.51"," 0914","0.00",,"39","22","  290","  320","18.1","28.0",,,,
"USW00014822","DETROIT CITY AIRPORT, MI US","2018-03-15","10.96"," 2231","0.00",,"35","23","  340","  310","21.0","31.1",,,,
"USW00014822","DETROIT CITY AIRPORT, MI US","2018-03-16","6.71"," 0009","0.00",,"38","21","  350","  350","19.9","28.0",,,,
"USW00014822","DETROIT CITY AIRPORT, MI US","2018-03-17","3.80"," 1804","0.00",,"46","22","   30","   20","14.1","17.0",,,,
"USW00014822","DETROIT CITY AIRPORT, MI US","2018-03-18","6.71"," 1327","0.00",,"58","26","   80","  270","16.1","23.0",,,,
"USW00014822","DETROIT CITY AIRPORT, MI US","2018-03-19","10.96"," 2106","0.00",,"42","26","   20","   40","18.1","23.9",,,,
"USW00014822","DETROIT CITY AIRPORT, MI US","2018-03-20","14.09"," 1715","0.00",,"41","25","   30","   20","23.0","32.0",,,,
"USW00014822","DETROIT CITY AIRPORT, MI US","2018-03-21","12.97"," 1216","0.00",,"40","28","   10","  360","21.9","28.0",,,,
"USW00014822","DETROIT CITY AIRPORT, MI US","2018-03-22","7.16"," 1148","0.00",,"45","28","  360","  320","17.0","29.1",,,,
"USW00014822","DETROIT CITY AIRPORT, MI US","2018-03-23","7.61"," 1529","0.00",,"43","25","   20","   10","16.1","21.0",,,,
"USW00014822","DETROIT CITY AIRPORT, MI US","2018-03-24","11.41"," 2328","0.00",,"41","24","   40","   50","23.9","30.0",,,,
"USW00014822","DETROIT CITY AIRPORT, MI US","2018-03-25","13.42"," 0055","0.00",,"38","22","   60","   40","21.9","30.0",,,,
"USW00014822","DETROIT CITY AIRPORT, MI US","2018-03-26","13.20"," 0958","0.00",,"50","31","  130","  130","21.0","27.1",,,,
"USW00014822","DETROIT CITY AIRPORT, MI US","2018-03-27","11.63"," 1604","0.20",,"54","40","  160","  240","18.1","23.9",,,,
"USW00014822","DETROIT CITY AIRPORT, MI US","2018-03-28","6.04"," 0146","0.00",,"45","37","   10","   20","15.0","19.0",,,,
"USW00014822","DETROIT CITY AIRPORT, MI US","2018-03-29","7.16"," 2347","0.36",,"44","38","   10","   10","16.1","21.9",,,,
"USW00014822","DETROIT CITY AIRPORT, MI US","2018-03-30","8.50"," 0409","0.00",,"45","32","  360","  350","16.1","21.0",,,,
"USW00014822","DETROIT CITY AIRPORT, MI US","2018-03-31","13.65"," 1249","0.06",,"50","31","  220","  210","29.1","36.9",,,,
"USW00014822","DETROIT CITY AIRPORT, MI US","2018-04-01","6.71"," 0002","0.00",,"41","30","  320","  310","18.1","29.1",,,,
"USW00014822","DETROIT CITY AIRPORT, MI US","2018-04-02","5.59"," 1335","0.00",,"41","23","  160","  150","14.1","19.9",,,,
"USW00014822","DETROIT CITY AIRPORT, MI US","2018-04-03","10.29"," 1622","0.73",,"40","33","  100","  100","21.0","27.1",,,,
"USW00014822","DETROIT CITY AIRPORT, MI US","2018-04-04","16.33"," 1239","0.00",,"37","29","  270","  290","30.0","46.1",,,,
"USW00014822","DETROIT CITY AIRPORT, MI US","2018-04-05","9.40"," 1530","0.00",,"43","24","  250","  250","19.9","23.0",,,,
"USW00014822","DETROIT CITY AIRPORT, MI US","2018-04-06","12.30"," 1229","0.10",,"44","27","  250","  270","28.0","36.0",,,,
"USW00014822","DETROIT CITY AIRPORT, MI US","2018-04-07","7.16"," 1441","0.00",,"39","23","  270","  290","16.1","23.9",,,,
"USW00014822","DETROIT CITY AIRPORT, MI US","2018-04-08","6.93"," 1548","0.00",,"40","22","   80","   70","14.1","17.0",,,,
"USW00014822","DETROIT CITY AIRPORT, MI US","2018-04-09","5.37"," 0746","0.01",,"38","30","  140","  120","10.1","14.1",,,,
"USW00014822","DETROIT CITY AIRPORT, MI US","2018-04-10","6.93"," 1946","0.00",,"46","30","  240","  240","15.0","19.9",,,,
"USW00014822","DETROIT CITY AIRPORT, MI US","2018-04-11","10.51"," 1107","0.00",,"57","34","  230","  250","21.9","29.1",,,,
"USW00014822","DETROIT CITY AIRPORT, MI US","2018-04-12","12.97"," 1510","0.01",,"75","41","  240","  260","29.1","38.9",,,,
"USW00014822","DETROIT CITY AIRPORT, MI US","2018-04-13","9.62"," 1716","0.00",,"57","37","   70","   70","15.0","21.0",,,,
"USW00014822","DETROIT CITY AIRPORT, MI US","2018-04-14","16.11"," 1722","0.73",,"44","30","   60","   70","23.9","36.0",,,,
"USW00014822","DETROIT CITY AIRPORT, MI US","2018-04-15","13.65"," 0602","0.93",,"39","30","   80","   80","23.9","31.1",,,,
"USW00014822","DETROIT CITY AIRPORT, MI US","2018-04-16","10.96"," 1448","0.00",,"38","31","  260","  260","19.9","27.1",,,,
"USW00014822","DETROIT CITY AIRPORT, MI US","2018-04-17","13.42"," 0726","0.01",,"36","28","  290","  320","19.9","25.9",,,,
"USW00014822","DETROIT CITY AIRPORT, MI US","2018-04-18",," 2218","0.00",,"41","32","   30","   30","17.0","25.1",,,,
"USW00014822","DETROIT CITY AIRPORT, MI US","2018-04-19","9.62"," 1612","0.00",,"52","34","  330","  330","21.0","29.1",,,,
"USW00014822","DETROIT CITY AIRPORT, MI US","2018-04-20","5.82"," 1136","0.00",,"55","33","   70","  320","14.1","16.1",,,,
"USW00014822","DETROIT CITY AIRPORT, MI US","2018-04-21","2.91"," 1444","0.00",,"54","29","  150","  120","8.1","10.1",,,,
"USW00014822","DETROIT CITY AIRPORT, MI US","2018-04-22","6.49"," 1359","0.00",,"60","32","   80","   80","15.0","19.9",,,,
"USW00014822","DETROIT CITY AIRPORT, MI US","2018-04-23","8.50"," 1932","0.00",,"70","40","  170","  200","17.0","27.1",,,,
"USW00014822","DETROIT CITY AIRPORT, MI US","2018-04-24","7.16"," 1111","0.13",,"60","49","  120","  160","15.0","17.0",,,,
"USW00014822","DETROIT CITY AIRPORT, MI US","2018-04-25","8.95"," 1246","0.02",,"58","41","  360","  340","18.1","25.1",,,,
"USW00014822","DETROIT CITY AIRPORT, MI US","2018-04-26","5.82"," 1332","0.00",,"62","36","  220","  200","15.0","19.9",,,,
"USW00014822","DETROIT CITY AIRPORT, MI US","2018-04-27","6.71"," 1514","0.00",,"65","39","  190","  200","19.9","25.1",,,,
"USW00014822","DETROIT CITY AIRPORT, MI US","2018-04-28","8.95"," 1131","0.01",,"50","36","   90","  330","17.0","23.0",,,,
"USW00014822","DETROIT CITY AIRPORT, MI US","2018-04-29","6.26"," 1123","0.00",,"58","31","  360","   20","16.1","23.0",,,,
"USW00014822","DETROIT CITY AIRPORT, MI US","2018-04-30","6.04"," 1620","0.00",,"71","36","  220","  210","16.1","23.0",,,,
"USW00014822","DETROIT CITY AIRPORT, MI US","2018-05-01","12.97"," 1645","0.00",,"83","51","  220","  210","25.1","32.0",,,,
"USW00014822","DETROIT CITY AIRPORT, MI US","2018-05-02","14.09"," 1556","0.34",,"84","62","  240","  250","25.9","34.0",,,,
"USW00014822","DETROIT CITY AIRPORT, MI US","2018-05-03","8.72"," 1523","0.75",,"73","51","  230","  280","21.9","29.1",,,,
"USW00014822","DETROIT CITY AIRPORT, MI US","2018-05-04","15.21"," 1222","0.18",,"75","53","  240","  230","38.0","52.1",,,,
"USW00014822","DETROIT CITY AIRPORT, MI US","2018-05-05","9.62"," 1350","0.00",,"76","54","  200","  180","21.0","25.9",,,,
"USW00014822","DETROIT CITY AIRPORT, MI US","2018-05-06","7.61"," 1804","0.01",,"72","51","   20","   10","23.0","29.1",,,,
"USW00014822","DETROIT CITY AIRPORT, MI US","2018-05-07","6.71"," 1525","0.00",,"66","45","  140","  130","13.0","17.0",,,,
"USW00014822","DETROIT CITY AIRPORT, MI US","2018-05-08","4.70"," 1403","0.00",,"75","44","  180","  190","14.1","18.1",,,,
"USW00014822","DETROIT CITY AIRPORT, MI US","2018-05-09","8.95"," 2341","0.08",,"80","51","  190","  220","25.9","36.0",,,,
"USW00014822","DETROIT CITY AIRPORT, MI US","2018-05-10","11.41"," 0010","0.06",,"72","45","  260","  260","25.1","35.1",,,,
"USW00014822","DETROIT CITY AIRPORT, MI US","2018-05-11","9.40"," 1530","0.50",,"47","41","  110","  110","17.0","21.9",,,,
"USW00014822","DETROIT CITY AIRPORT, MI US","2018-05-12","5.59"," 0415","2.60",,"51","42","   30","   60","13.0","18.1",,,,
"USW00014822","DETROIT CITY AIRPORT, MI US","2018-05-13","4.25"," 1542","0.48",,"65","43","  220","  160","10.1","13.0",,,,
"USW00014822","DETROIT CITY AIRPORT, MI US","2018-05-14","5.14"," 1535","0.03",,"76","51","  230","  230","17.0","23.0",,,,
"USW00014822","DETROIT CITY AIRPORT, MI US","2018-05-15","6.49"," 0214","0.67",,"72","52","  360","  290","17.0","23.9",,,,
"USW00014822","DETROIT CITY AIRPORT, MI US","2018-05-16","4.47"," 1505","0.00",,"74","49","  130","  130","12.1","14.1",,,,
"USW00014822","DETROIT CITY AIRPORT, MI US","2018-05-17","8.72"," 1946","0.00",,"77","54","   10","   30","18.1","25.9",,,,
"USW00014822","DETROIT CITY AIRPORT, MI US","2018-05-18","12.30"," 0914","0.00",,"73","52","   80","   70","21.0","27.1",,,,
"USW00014822","DETROIT CITY AIRPORT, MI US","2018-05-19","8.05"," 0017","0.24",,"76","56","  210","   80","16.1","23.0",,,,
"USW00014822","DETROIT CITY AIRPORT, MI US","2018-05-20","5.82"," 0229","0.00",,"66","50","   80","  340","13.0","17.0",,,,
"USW00014822","DETROIT CITY AIRPORT, MI US","2018-05-21","6.04"," 1149","0.31",,"66","47","   90","   80","14.1","19.9",,,,
"USW00014822","DETROIT CITY AIRPORT, MI US","2018-05-22","4.92"," 1727","0.00",,"76","54","  350","  290","15.0","21.0",,,,
"USW00014822","DETROIT CITY AIRPORT, MI US","2018-05-23","3.80"," 1547","0.00",,"79","49","  180","  140","12.1","16.1",,,,
"USW00014822","DETROIT CITY AIRPORT, MI US","2018-05-24","4.03"," 1512","0.00",,"82","55","  170","  210","15.0","19.9",,,,
"USW00014822","DETROIT CITY AIRPORT, MI US","2018-05-25","7.38"," 1345","0.00",,"86","58","  200","  190","16.1","19.9",,,,
"USW00014822","DETROIT CITY AIRPORT, MI US","2018-05-26","4.25"," 1545","0.00",,"82","64","  160","  180","12.1","16.1",,,,
"USW00014822","DETROIT CITY AIRPORT, MI US","2018-05-27","4.92"," 1546","0.00",,"89","64","  220","  200","13.0","18.1",,,,
"USW00014822","DETROIT CITY AIRPORT, MI US","2018-05-28","4.03"," 1529","0.00",,"93","67","  110","  130","14.1","17.0",,,,
"USW00014822","DETROIT CITY AIRPORT, MI US","2018-05-29","6.93"," 1521","0.00",,"89","69","  100","  130","14.1","18.1",,,,
"USW00014822","DETROIT CITY AIRPORT, MI US","2018-05-30","12.08"," 2030","0.01",,"85","69","  200","  190","25.9","35.1",,,,
"USW00014822","DETROIT CITY AIRPORT, MI US","2018-05-31","12.08"," 1304","0.00",,"89","74","  230","  230","21.9","29.1",,,,
"USW00014822","DETROIT CITY AIRPORT, MI US","2018-06-01","7.16"," 2127","0.00",,"81","58","   20","   30","17.0","23.9",,,,
"USW00014822","DETROIT CITY AIRPORT, MI US","2018-06-02","8.28"," 0051","0.00",,"72","54","   30","   10","16.1","19.9",,,,
"USW00014822","DETROIT CITY AIRPORT, MI US","2018-06-03","6.71"," 1757","0.86",,"76","55","  280","  270","21.0","28.0",,,,
"USW00014822","DETROIT CITY AIRPORT, MI US","2018-06-04","13.42"," 1617","0.00",,"73","60","  300","  280","21.9","31.1",,,,
"USW00014822","DETROIT CITY AIRPORT, MI US","2018-06-05","8.05"," 0012","0.16",,"67","51","  290","  280","21.9","32.0",,,,
"USW00014822","DETROIT CITY AIRPORT, MI US","2018-06-06","5.14"," 1206","0.00",,"69","47","  120","   20","13.0","18.1",,,,
"USW00014822","DETROIT CITY AIRPORT, MI US","2018-06-07","6.93"," 2003","0.00",,"83","60","   80","   90","15.0","19.0",,,,
"USW00014822","DETROIT CITY AIRPORT, MI US","2018-06-08","7.38"," 1901","0.00",,"81","59","   80","   70","15.0","19.0",,,,
"USW00014822","DETROIT CITY AIRPORT, MI US","2018-06-09","7.61"," 2112","0.07",,"67","62","   80","   70","15.0","19.0",,,,
"USW00014822","DETROIT CITY AIRPORT, MI US","2018-06-10","9.40"," 1658","0.00",,"68","60","   80","   80","15.0","23.0",,,,
"USW00014822","DETROIT CITY AIRPORT, MI US","2018-06-11","11.86"," 1204","0.00",,"76","58","  120","  130","21.0","27.1",,,,
"USW00014822","DETROIT CITY AIRPORT, MI US","2018-06-12","6.49"," 1423","0.01",,"78","60","  160","  190","14.1","23.0",,,,"    1"
"USW00014822","DETROIT CITY AIRPORT, MI US","2018-06-13","9.84"," 1635","0.00",,"86","68","  300","  300","21.9","31.1",,,,
"USW00014822","DETROIT CITY AIRPORT, MI US","2018-06-14","7.16"," 1217","0.00",,"85","60","  330","  290","17.0","25.1",,,,
"USW00014822","DETROIT CITY AIRPORT, MI US","2018-06-15","4.70"," 1624","0.00",,"79","58","  220","  100","13.0","15.0",,,,
"USW00014822","DETROIT CITY AIRPORT, MI US","2018-06-16","5.14"," 0627","0.04",,"86","66","  260","  320","13.0","17.0",,,,
"USW00014822","DETROIT CITY AIRPORT, MI US","2018-06-17","6.26"," 1551","0.00",,"95","67","  200","  210","16.1","19.9",,,,
"USW00014822","DETROIT CITY AIRPORT, MI US","2018-06-18","12.30"," 1622","0.25",,"94","69","  270","  280","23.9","33.1",,,,
"USW00014822","DETROIT CITY AIRPORT, MI US","2018-06-19","7.61"," 0926","0.00",,"76","65","  110","   80","14.1","19.0",,,,
"USW00014822","DETROIT CITY AIRPORT, MI US","2018-06-20","4.92"," 1555","0.35",,"71","58","   30","   70","10.1","14.1",,,,
"USW00014822","DETROIT CITY AIRPORT, MI US","2018-06-21","8.05"," 1145","0.00",,"77","58","   80","  110","16.1","19.0",,,,
"USW00014822","DETROIT CITY AIRPORT, MI US","2018-06-22","11.18"," 1425","0.03",,"71","63","  100","   80","19.9","25.9",,,,
"USW00014822","DETROIT CITY AIRPORT, MI US","2018-06-23","4.47"," 1747","0.16",,"79","66","  240","  240","13.0","16.1",,,,
"USW00014822","DETROIT CITY AIRPORT, MI US","2018-06-24","6.49"," 1801","0.03",,"75","60","   10","   10","16.1","19.0",,,,
"USW00014822","DETROIT CITY AIRPORT, MI US","2018-06-25","8.05"," 1315","0.00",,"74","55","   60","   60","15.0","19.0",,,,
"USW00014822","DETROIT CITY AIRPORT, MI US","2018-06-26","7.38"," 1923","0.01",,"78","53","  100","  100","16.1","19.9",,,,
"USW00014822","DETROIT CITY AIRPORT, MI US","2018-06-27","8.05"," 2005","1.04",,"79","68","  320","  320","16.1","25.1",,,,
"USW00014822","DETROIT CITY AIRPORT, MI US","2018-06-28","5.82"," 1556","0.00",,"85","67","  200","  120","14.1","17.0",,,,
"USW00014822","DETROIT CITY AIRPORT, MI US","2018-06-29","7.61"," 1149","0.00",,"88","68","  200","  170","16.1","21.9",,,,
"USW00014822","DETROIT CITY AIRPORT, MI US","2018-06-30","9.62"," 1654","0.00",,"92","76","  190","  210","17.0","21.9",,,,
"USW00014822","DETROIT CITY AIRPORT, MI US","2018-07-01","8.72"," 1538","0.00",,"93","76","  190","  200","19.9","25.1",,,,
"USW00014822","DETROIT CITY AIRPORT, MI US","2018-07-02","7.61"," 1558","0.00",,"89","73","  290","  310","13.0","18.1",,,,
"USW00014822","DETROIT CITY AIRPORT, MI US","2018-07-03","7.16"," 1550","0.00",,"88","69","  110","   80","15.0","21.0",,,,
"USW00014822","DETROIT CITY AIRPORT, MI US","2018-07-04","5.59"," 1226","0.00",,"92","73","  120","  130","14.1","18.1",,,,
"USW00014822","DETROIT CITY AIRPORT, MI US","2018-07-05","7.61"," 2350","0.02",,"95","76","   30","   60","18.1","23.0",,,,
"USW00014822","DETROIT CITY AIRPORT, MI US","2018-07-06","12.75"," 1414","0.00",,"79","61","  360","  360","19.9","28.0",,,,
"USW00014822","DETROIT CITY AIRPORT, MI US","2018-07-07","6.04"," 1609","0.00",,"78","56","  120","   80","15.0","17.0",,,,
"USW00014822","DETROIT CITY AIRPORT, MI US","2018-07-08","4.92"," 1442","0.00",,"85","58","  120","  160","13.0","18.1",,,,
"USW00014822","DETROIT CITY AIRPORT, MI US","2018-07-09","7.16"," 1403","0.00",,"91","63","  230","  240","16.1","21.9",,,,
"USW00014822","DETROIT CITY AIRPORT, MI US","2018-07-10","7.38"," 1636","0.00",,"88","67","   70","   80","19.9","23.9",,,,
"USW00014822","DETROIT CITY AIRPORT, MI US","2018-07-11","4.92"," 1650","0.00",,"85","61","   80","   70","15.0","21.0",,,,
"USW00014822","DETROIT CITY AIRPORT, MI US","2018-07-12","5.82"," 1809","0.00",,"83","61","  110","  110","16.1","19.9",,,,
"USW00014822","DETROIT CITY AIRPORT, MI US","2018-07-13","5.82"," 1514","0.00",,"89","66","  180","  160","13.0","18.1",,,,
"USW00014822","DETROIT CITY AIRPORT, MI US","2018-07-14","5.37"," 1553","0.00",,"86","73","  300","  300","13.0","16.1",,,,
"USW00014822","DETROIT CITY AIRPORT, MI US","2018-07-15","3.36"," 1916","0.64",,"89","75","  270","  270","19.9","23.0",,,,
"USW00014822","DETROIT CITY AIRPORT, MI US","2018-07-16","5.14"," 1409","0.06",,"90","73","  220","  230","17.0","21.9",,,,
"USW00014822","DETROIT CITY AIRPORT, MI US","2018-07-17","8.72"," 1449","0.00",,"82","65","  300","  320","17.0","32.0",,,,
"USW00014822","DETROIT CITY AIRPORT, MI US","2018-07-18","5.37"," 1431","0.00",,"79","62","  110","  100","12.1","15.0",,,,
"USW00014822","DETROIT CITY AIRPORT, MI US","2018-07-19","6.93"," 1418","0.00",,"82","61","  140","  150","16.1","21.0",,,,
"USW00014822","DETROIT CITY AIRPORT, MI US","2018-07-20","8.50"," 1209","0.13",,"82","66","  190","  190","18.1","23.9",,,,
"USW00014822","DETROIT CITY AIRPORT, MI US","2018-07-21","8.72"," 1809","0.06",,"73","69","  110","  350","14.1","25.9",,,,
"USW00014822","DETROIT CITY AIRPORT, MI US","2018-07-22","7.38"," 0743","0.11",,"73","63","   30","   70","17.0","23.0",,,,
"USW00014822","DETROIT CITY AIRPORT, MI US","2018-07-23","2.68"," 1713","0.00",,"81","60","  220","  140","10.1","14.1",,,,
"USW00014822","DETROIT CITY AIRPORT, MI US","2018-07-24","3.58"," 1342","0.21",,"83","69","  270","  280","12.1","15.0",,,,
"USW00014822","DETROIT CITY AIRPORT, MI US","2018-07-25","4.03"," 1257","0.00",,"89","68","   80","  280","12.1","14.1",,,,
"USW00014822","DETROIT CITY AIRPORT, MI US","2018-07-26","8.28"," 1224","0.22",,"86","68","  310","  310","23.0","35.1",,,,
"USW00014822","DETROIT CITY AIRPORT, MI US","2018-07-27","6.71"," 1649","0.01",,"79","61","  310","  290","18.1","25.9",,,,
"USW00014822","DETROIT CITY AIRPORT, MI US","2018-07-28","5.59"," 1303","0.00",,"81","60","  320","  310","13.0","19.0",,,,
"USW00014822","DETROIT CITY AIRPORT, MI US","2018-07-29","4.03"," 1720","0.00",,"82","65","  190","  200","15.0","19.9",,,,
"USW00014822","DETROIT CITY AIRPORT, MI US","2018-07-30","4.70"," 1451","0.00",,"79","62","  110","  110","14.1","17.0",,,,
"USW00014822","DETROIT CITY AIRPORT, MI US","2018-07-31","6.93"," 1437","0.78",,"79","64","   90","   90","16.1","23.0",,,,
"USW00014822","DETROIT CITY AIRPORT, MI US","2018-08-01","5.59"," 0020","0.61",,"80","66","   50","   30","16.1","21.0",,,,
"USW00014822","DETROIT CITY AIRPORT, MI US","2018-08-02","7.83"," 1419","0.00",,"84","64","  190","  210","17.0","23.0",,,,
"USW00014822","DETROIT CITY AIRPORT, MI US","2018-08-03","6.04"," 1353","0.00",,"86","68","  220","  190","16.1","21.9",,,,
"USW00014822","DETROIT CITY AIRPORT, MI US","2018-08-04","2.91"," 1422","0.00",,"88","65","  190","  190","12.1","16.1",,,,
"USW00014822","DETROIT CITY AIRPORT, MI US","2018-08-05","10.29"," 1811","0.00",,"91","73","  240","  240","21.0","27.1",,,,
"USW00014822","DETROIT CITY AIRPORT, MI US","2018-08-06","6.26"," 1814","0.76",,"88","71","  280","  270","28.0","45.0",,,,
"USW00014822","DETROIT CITY AIRPORT, MI US","2018-08-07","4.25"," 1844","0.05",,"84","70","  130","  350","12.1","18.1",,,,
"USW00014822","DETROIT CITY AIRPORT, MI US","2018-08-08","7.16"," 0727","0.08",,"84","71","   30","  290","16.1","21.0",,,,
"USW00014822","DETROIT CITY AIRPORT, MI US","2018-08-09","7.61"," 1745","0.00",,"86","67","  290","  310","19.9","25.9",,,,
"USW00014822","DETROIT CITY AIRPORT, MI US","2018-08-10","6.71"," 1149","0.00",,"82","67","   90","   80","14.1","18.1",,,,
"USW00014822","DETROIT CITY AIRPORT, MI US","2018-08-11","2.91"," 1218","0.00",,"83","62","  120","  140","12.1","15.0",,,,
"USW00014822","DETROIT CITY AIRPORT, MI US","2018-08-12","4.70"," 1137","0.00",,"82","67","   80","   80","14.1","18.1",,,,
"USW00014822","DETROIT CITY AIRPORT, MI US","2018-08-13","2.91"," 1758","0.00",,"84","66","  130","  130","10.1","13.0",,,,
"USW00014822","DETROIT CITY AIRPORT, MI US","2018-08-14","6.71"," 1615","0.00",,"88","67","  270","  260","15.0","19.9",,,,
"USW00014822","DETROIT CITY AIRPORT, MI US","2018-08-15","6.93"," 1502","0.00",,"87","71","  230","  230","16.1","21.9",,,,
"USW00014822","DETROIT CITY AIRPORT, MI US","2018-08-16","6.93"," 1523","0.23",,"77","71","  180","  180","14.1","17.0",,,,
"USW00014822","DETROIT CITY AIRPORT, MI US","2018-08-17","5.14"," 0939","0.24",,"80","73","  360","  250","12.1","15.0",,,,
"USW00014822","DETROIT CITY AIRPORT, MI US","2018-08-18","5.82"," 1734","0.00",,"83","70","   90","   90","13.0","17.0",,,,
"USW00014822","DETROIT CITY AIRPORT, MI US","2018-08-19","4.47"," 1511","0.00",,"80","68","  140","  170","10.1","14.1",,,,
"USW00014822","DETROIT CITY AIRPORT, MI US","2018-08-20","6.71"," 1422","0.00",,"80","64","   70","   80","14.1","19.0",,,,
"USW00014822","DETROIT CITY AIRPORT, MI US","2018-08-21","8.95"," 1832","0.16",,"84","66","  330","  330","19.9","28.0",,,,
"USW00014822","DETROIT CITY AIRPORT, MI US","2018-08-22","8.28"," 1242","0.00",,"75","62","  360","  340","17.0","23.9",,,,
"USW00014822","DETROIT CITY AIRPORT, MI US","2018-08-23","6.71"," 1805","0.00",,"82","57","  240","  240","16.1","21.9",,,,
"USW00014822","DETROIT CITY AIRPORT, MI US","2018-08-24","7.61"," 1253","0.00",,"80","59","  180","  180","19.9","25.9",,,,
"USW00014822","DETROIT CITY AIRPORT, MI US","2018-08-25","10.07"," 1404","0.34",,"78","69","  210","  210","23.0","30.0",,,,
"USW00014822","DETROIT CITY AIRPORT, MI US","2018-08-26","4.70"," 1549","0.00",,"86","66","  250","  230","12.1","16.1",,,,
"USW00014822","DETROIT CITY AIRPORT, MI US","2018-08-27","11.86"," 1543","0.00",,"91","71","  220","  240","23.9","31.1",,,,
"USW00014822","DETROIT CITY AIRPORT, MI US","2018-08-28","12.97"," 1140","0.00",,"91","78","  220","  230","28.0","35.1",,,,
"USW00014822","DETROIT CITY AIRPORT, MI US","2018-08-29","10.07"," 1456","0.00",,"85","70","  290","  300","17.0","25.1",,,,
"USW00014822","DETROIT CITY AIRPORT, MI US","2018-08-30","7.38"," 0142","0.00",,"75","62","   10","   10","14.1","18.1",,,,
"USW00014822","DETROIT CITY AIRPORT, MI US","2018-08-31","5.14"," 1647","0.00",,"80","59","  110","  110","16.1","19.9",,,,
"USW00014822","DETROIT CITY AIRPORT, MI US","2018-09-01","8.05"," 1550","0.19",,"88","68","  270","  260","23.9","35.1",,,,
"USW00014822","DETROIT CITY AIRPORT, MI US","2018-09-02","10.29"," 1534","0.00",,"90","73","  220","  210","19.9","25.1",,,,
"USW00014822","DETROIT CITY AIRPORT, MI US","2018-09-03","6.04"," 1247","0.63",,"90","72","  210","  240","28.0","42.9",,,,
"USW00014822","DETROIT CITY AIRPORT, MI US","2018-09-04","5.14"," 1528","0.02",,"91","71","  200","  220","13.0","16.1",,,,
"USW00014822","DETROIT CITY AIRPORT, MI US","2018-09-05","9.17"," 2139","0.26",,"93","72","  310","  310","23.0","31.1",,,,
"USW00014822","DETROIT CITY AIRPORT, MI US","2018-09-06","6.93"," 0340","0.03",,"77","65","   20","   20","15.0","19.0",,,,
"USW00014822","DETROIT CITY AIRPORT, MI US","2018-09-07","8.50"," 1842","0.00",,"72","62","   20","   20","15.0","19.9",,,,
"USW00014822","DETROIT CITY AIRPORT, MI US","2018-09-08","11.63"," 2216","0.00",,"65","57","   70","   80","19.9","25.9",,,,
"USW00014822","DETROIT CITY AIRPORT, MI US","2018-09-09","14.32"," 1039","0.00",,"61","56","   60","   40","21.9","32.0",,,,
"USW00014822","DETROIT CITY AIRPORT, MI US","2018-09-10","10.29"," 0125","0.24",,"63","56","   60","   50","21.0","29.1",,,,
"USW00014822","DETROIT CITY AIRPORT, MI US","2018-09-11","4.47"," 1113","0.00",,"74","59","   10","  330","10.1","15.0",,,,
"USW00014822","DETROIT CITY AIRPORT, MI US","2018-09-12","3.58"," 1321","0.00",,"75","55","  100","   80","13.0","16.1",,,,
"USW00014822","DETROIT CITY AIRPORT, MI US","2018-09-13","3.80"," 1723","0.00",,"74","60","  100","  110","8.9","11.0",,,,
"USW00014822","DETROIT CITY AIRPORT, MI US","2018-09-14","2.46"," 1505","0.00",,"82","64","  130","  110","8.1","12.1",,,,
"USW00014822","DETROIT CITY AIRPORT, MI US","2018-09-15","6.26"," 1643","0.00",,"85","69","  110","  110","13.0","17.0","    1",,,"    1"
"USW00014822","DETROIT CITY AIRPORT, MI US","2018-09-16","6.26"," 1352","0.00",,"85","66","  110","  100","15.0","21.0",,,,
"USW00014822","DETROIT CITY AIRPORT, MI US","2018-09-17","2.91"," 1449","0.00",,"83","66","  120","  120","12.1","14.1",,,,
"USW00014822","DETROIT CITY AIRPORT, MI US","2018-09-18","4.70"," 2014","0.01",,"88","66","   60","   60","12.1","15.0",,,,
"USW00014822","DETROIT CITY AIRPORT, MI US","2018-09-19","5.14"," 1723","0.00",,"75","63","   70","   80","12.1","15.0",,,,
"USW00014822","DETROIT CITY AIRPORT, MI US","2018-09-20","4.92"," 1401","0.77",,"73","62","  110","  110","13.0","17.0",,,,
"USW00014822","DETROIT CITY AIRPORT, MI US","2018-09-21","15.21"," 1221","0.00",,"86","60","  250","  240","28.0","40.0",,,,
"USW00014822","DETROIT CITY AIRPORT, MI US","2018-09-22","6.71"," 0109","0.00",,"62","50","  360","  360","19.9","25.9",,,,
"USW00014822","DETROIT CITY AIRPORT, MI US","2018-09-23","4.92"," 1008","0.00",,"69","47","   80","   50","12.1","16.1",,,,
"USW00014822","DETROIT CITY AIRPORT, MI US","2018-09-24","8.95"," 0916","0.47",,"67","56","  110","  120","18.1","23.9",,,,
"USW00014822","DETROIT CITY AIRPORT, MI US","2018-09-25","8.50"," 2335","1.69",,"74","65","  210","  220","19.9","28.0",,,,
"USW00014822","DETROIT CITY AIRPORT, MI US","2018-09-26","8.05"," 1512","0.01",,"72","51","  290","  280","19.9","25.9",,,,
"USW00014822","DETROIT CITY AIRPORT, MI US","2018-09-27","2.24"," 1508","0.00",,"63","46","  220","  200","10.1","15.0",,,,
"USW00014822","DETROIT CITY AIRPORT, MI US","2018-09-28","7.61"," 1849","0.02",,"70","48","  310","  310","17.0","25.1",,,,
"USW00014822","DETROIT CITY AIRPORT, MI US","2018-09-29","4.92"," 1120","0.00",,"62","45","  290","  300","14.1","19.0",,,,
"USW00014822","DETROIT CITY AIRPORT, MI US","2018-09-30","7.16"," 0327","0.09",,"60","45","   10","   30","12.1","16.1",,,,
"USW00014822","DETROIT CITY AIRPORT, MI US","2018-10-01","6.71"," 0359","1.04",,"62","53","   20","   10","14.1","18.1",,,,
"USW00014822","DETROIT CITY AIRPORT, MI US","2018-10-02","6.71"," 1317","0.34",,"71","56","  270","  280","18.1","25.1",,,,
"USW00014822","DETROIT CITY AIRPORT, MI US","2018-10-03","8.95"," 2209","0.00",,"79","56","  210","  210","25.1","32.0",,,,
"USW00014822","DETROIT CITY AIRPORT, MI US","2018-10-04","12.30"," 0836","0.03",,"76","46","  350","  340","23.0","30.0",,,,
"USW00014822","DETROIT CITY AIRPORT, MI US","2018-10-05","6.93"," 1536","0.00",,"60","42","  120","  150","15.0","18.1",,,,
"USW00014822","DETROIT CITY AIRPORT, MI US","2018-10-06","4.92"," 0948","1.89",,"78","60","   30","  330","14.1","19.9",,,,
"USW00014822","DETROIT CITY AIRPORT, MI US","2018-10-07","7.38"," 0009","0.02",,"60","56","   20","   20","14.1","17.0",,,,
"USW00014822","DETROIT CITY AIRPORT, MI US","2018-10-08","5.82"," 1425","0.00",,"82","56","  220","  220","14.1","17.0",,,,
"USW00014822","DETROIT CITY AIRPORT, MI US","2018-10-09","8.28"," 1537","0.00",,"84","69","  190","  180","16.1","21.0",,,,
"USW00014822","DETROIT CITY AIRPORT, MI US","2018-10-10","10.29"," 2338","0.04",,"80","67","  220","  240","18.1","25.9",,,,
"USW00014822","DETROIT CITY AIRPORT, MI US","2018-10-11","13.87"," 1427","0.00",,"70","46","  270","  260","21.9","33.1",,,,
"USW00014822","DETROIT CITY AIRPORT, MI US","2018-10-12","8.50"," 0135","0.08",,"48","41","  300","  320","16.1","25.1",,,,
"USW00014822","DETROIT CITY AIRPORT, MI US","2018-10-13","6.04"," 1320","0.02",,"52","41","  250","  260","15.0","21.0",,,,
"USW00014822","DETROIT CITY AIRPORT, MI US","2018-10-14","5.82"," 1201","0.00",,"58","40","  210","  180","15.0","19.0",,,,
"USW00014822","DETROIT CITY AIRPORT, MI US","2018-10-15","8.95"," 1603","0.04",,"53","36","  270","  300","23.0","33.1",,,,
"USW00014822","DETROIT CITY AIRPORT, MI US","2018-10-16","11.18"," 1256","0.00",,"55","32","  230","  220","21.9","32.0",,,,
"USW00014822","DETROIT CITY AIRPORT, MI US","2018-10-17","10.96"," 1334","0.00",,"50","36","  300","  310","21.0","30.0",,,,
"USW00014822","DETROIT CITY AIRPORT, MI US","2018-10-18","7.61"," 1541","0.00",,"51","29","  240","  240","17.0","21.0",,,,
"USW00014822","DETROIT CITY AIRPORT, MI US","2018-10-19","13.20"," 1821","0.01",,"58","41","  230","  240","25.1","32.0",,,,
"USW00014822","DETROIT CITY AIRPORT, MI US","2018-10-20","11.18"," 1306","0.16",,"56","37","  290","  290","35.1","47.0",,,,
"USW00014822","DETROIT CITY AIRPORT, MI US","2018-10-21","8.95"," 0159","0.00",,"43","35","  320","  340","21.0","29.1",,,,
"USW00014822","DETROIT CITY AIRPORT, MI US","2018-10-22","7.38"," 0829","0.00",,"56","37","  220","  240","13.0","18.1",,,,
"USW00014822","DETROIT CITY AIRPORT, MI US","2018-10-23","9.17"," 0929","0.00",,"53","40","  330","  330","21.0","27.1",,,,
"USW00014822","DETROIT CITY AIRPORT, MI US","2018-10-24","4.92"," 0954","0.00",,"50","33","  360","  360","16.1","19.9",,,,
"USW00014822","DETROIT CITY AIRPORT, MI US","2018-10-25","2.46"," 1415","0.00",,"50","30","  220","  210","8.9","12.1",,,,
"USW00014822","DETROIT CITY AIRPORT, MI US","2018-10-26","8.95"," 2018","0.00",,"50","41","   60","   70","19.9","23.0",,,,
"USW00014822","DETROIT CITY AIRPORT, MI US","2018-10-27","8.95"," 0258","0.09",,"45","41","   10","   50","14.1","21.0",,,,
"USW00014822","DETROIT CITY AIRPORT, MI US","2018-10-28","6.26"," 2208","0.11",,"47","39","  200","  340","15.0","19.0",,,,
"USW00014822","DETROIT CITY AIRPORT, MI US","2018-10-29","7.83"," 1511","0.00",,"53","38","  290","  280","17.0","23.9",,,,
"USW00014822","DETROIT CITY AIRPORT, MI US","2018-10-30","5.82"," 2351","0.02",,"56","34","  190","  210","14.1","21.9",,,,
"USW00014822","DETROIT CITY AIRPORT, MI US","2018-10-31","6.26"," 0112","0.74",,"57","45","  200","  200","19.9","27.1",,,,
"USW00014822","DETROIT CITY AIRPORT, MI US","2018-11-01","6.71"," 2228","1.04",,"48","43","   40","   50","23.9","30.0",,,,
"USW00014822","DETROIT CITY AIRPORT, MI US","2018-11-02","7.83"," 0234","0.20",,"47","41","  360","  350","17.0","21.9",,,,
"USW00014822","DETROIT CITY AIRPORT, MI US","2018-11-03","6.26"," 1348","0.00",,"48","33","  270","  270","18.1","23.9",,,,
"USW00014822","DETROIT CITY AIRPORT, MI US","2018-11-04","9.62"," 1503","0.00",,"52","35","  110","  120","21.9","29.1",,,,
"USW00014822","DETROIT CITY AIRPORT, MI US","2018-11-05","9.62"," 1420","0.08",,"56","47","  230","  240","19.9","28.0",,,,
"USW00014822","DETROIT CITY AIRPORT, MI US","2018-11-06","16.55"," 1534","0.20",,"57","45","  240","  250","31.1","40.9","    1",,,
"USW00014822","DETROIT CITY AIRPORT, MI US","2018-11-07","13.20"," 0351","0.00",,"46","39","  270","  270","21.0","30.0",,,,
"USW00014822","DETROIT CITY AIRPORT, MI US","2018-11-08","5.82"," 0226","0.00",,"41","37","  300","  320","16.1","21.9",,,,
"USW00014822","DETROIT CITY AIRPORT, MI US","2018-11-09","9.17"," 2205","0.28",,"39","29","  280","  260","25.1","33.1",,,,
"USW00014822","DETROIT CITY AIRPORT, MI US","2018-11-10","11.63"," 0716","0.00",,"37","23","  240","  250","23.0","31.1",,,,
"USW00014822","DETROIT CITY AIRPORT, MI US","2018-11-11","8.50"," 1152","0.00",,"39","28","  220","  220","16.1","19.9",,,,
"USW00014822","DETROIT CITY AIRPORT, MI US","2018-11-12","3.36"," 2120","0.05",,"42","27","  360","   10","14.1","17.0",,,,
"USW00014822","DETROIT CITY AIRPORT, MI US","2018-11-13","8.50"," 2212","0.01",,"35","24","  300","  320","16.1","23.0",,,,
"USW00014822","DETROIT CITY AIRPORT, MI US","2018-11-14","5.59"," 0000","0.00",,"32","20","  300","  310","16.1","21.9",,,,
"USW00014822","DETROIT CITY AIRPORT, MI US","2018-11-15","6.49"," 0942","0.17",,"35","29","  150","  150","14.1","18.1",,,,
"USW00014822","DETROIT CITY AIRPORT, MI US","2018-11-16","10.51"," 0847","0.00",,"38","31","  250","  250","21.0","27.1",,,,
"USW00014822","DETROIT CITY AIRPORT, MI US","2018-11-17","5.82"," 0406","0.00",,"38","34","  300","  300","16.1","23.0",,,,
"USW00014822","DETROIT CITY AIRPORT, MI US","2018-11-18","2.24"," 1334","0.04",,"36","30","  330","  350","6.9","8.9",,,,
"USW00014822","DETROIT CITY AIRPORT, MI US","2018-11-19","4.47"," 1535","0.00",,"38","23","  240","  240","10.1","14.1",,,,
"USW00014822","DETROIT CITY AIRPORT, MI US","2018-11-20","9.84"," 2349","0.02",,"34","26","  240","  240","19.9","25.9",,,,
"USW00014822","DETROIT CITY AIRPORT, MI US","2018-11-21","12.08"," 0008","0.00",,"35","21","  250","  240","19.9","27.1",,,,
"USW00014822","DETROIT CITY AIRPORT, MI US","2018-11-22","10.07"," 1831","0.00",,"30","20","  120","  120","15.0","23.0",,,,
"USW00014822","DETROIT CITY AIRPORT, MI US","2018-11-23","8.72"," 2056","0.00",,"44","28","  190","  160","13.0","15.0",,,,
"USW00014822","DETROIT CITY AIRPORT, MI US","2018-11-24","10.96"," 1339","0.24",,"48","40","  200","  220","16.1","21.9",,,,
"USW00014822","DETROIT CITY AIRPORT, MI US","2018-11-25","7.61"," 2342","0.00",,"46","40","   40","   40","17.0","21.9",,,,
"USW00014822","DETROIT CITY AIRPORT, MI US","2018-11-26","16.11"," 0411","0.56",,"40","30","  350","   50","25.9","36.0",,,,
"USW00014822","DETROIT CITY AIRPORT, MI US","2018-11-27","11.18"," 0212","0.00",,"31","27","  290","  310","21.0","29.1",,,,
"USW00014822","DETROIT CITY AIRPORT, MI US","2018-11-28","10.29"," 1106","0.00",,"30","27","  290","  290","21.0","25.9",,,,
"USW00014822","DETROIT CITY AIRPORT, MI US","2018-11-29","6.49"," 1756","0.01",,"32","26","  130","  120","12.1","14.1",,,,
"USW00014822","DETROIT CITY AIRPORT, MI US","2018-11-30","2.68"," 1611","0.00",,"42","30","  120","  110","8.1","10.1",,,,
"USW00014822","DETROIT CITY AIRPORT, MI US","2018-12-01","11.41"," 1348","0.19",,"41","30","  100","  120","21.9","30.0","    1",,,
"USW00014822","DETROIT CITY AIRPORT, MI US","2018-12-02","12.30"," 1902","0.20",,"58","39","  240","  250","23.0","30.0","    1",,,
"USW00014822","DETROIT CITY AIRPORT, MI US","2018-12-03","10.29"," 0003","0.00",,"40","31","  240","  240","17.0","23.0",,,,
"USW00014822","DETROIT CITY AIRPORT, MI US","2018-12-04","5.37"," 0141","0.00",,"33","23","  340","  310","12.1","15.0",,,,
"USW00014822","DETROIT CITY AIRPORT, MI US","2018-12-05","7.38"," 2322","0.00",,"34","23","  240","  240","18.1","27.1",,,,
"USW00014822","DETROIT CITY AIRPORT, MI US","2018-12-06","10.29"," 0234","0.00",,"34","27","  210","  220","19.9","25.1","    1",,,"    1"
"USW00014822","DETROIT CITY AIRPORT, MI US","2018-12-07","6.04"," 2001","0.00",,"32","25","  270","  290","17.0","23.0",,,,
"USW00014822","DETROIT CITY AIRPORT, MI US","2018-12-08","5.82"," 0201","0.00",,"30","19","  320","  300","17.0","23.9",,,,"    1"
"USW00014822","DETROIT CITY AIRPORT, MI US","2018-12-09","2.91"," 1540","0.00",,"35","16","  240","  270","8.9","11.0","    1",,,"    1"
"USW00014822","DETROIT CITY AIRPORT, MI US","2018-12-10","5.82"," 2326","0.00",,"29","19","  210","  220","21.0","25.9","    1",,,"    1"
"USW00014822","DETROIT CITY AIRPORT, MI US","2018-12-11","9.40"," 0000","0.00",,"33","25","  230","  230","17.0","23.0","    1",,,"    1"
"USW00014822","DETROIT CITY AIRPORT, MI US","2018-12-12","6.71"," 2105","0.07",,"39","22","  220","  220","21.0","25.1","    1",,,"    1"
"USW00014822","DETROIT CITY AIRPORT, MI US","2018-12-13","4.70"," 1328","0.00",,"40","29","  180","  200","12.1","14.1","    1",,,"    1"
"USW00014822","DETROIT CITY AIRPORT, MI US","2018-12-14","2.91"," 2201","0.04",,"48","34","  360","  330","8.1","11.0","    1",,,"    1"
"USW00014822","DETROIT CITY AIRPORT, MI US","2018-12-15","7.83"," 1659","0.00",,"40","32","   30","   40","13.0","18.1",,"    1",,"    1"
"USW00014822","DETROIT CITY AIRPORT, MI US","2018-12-16","6.04"," 1845","0.00",,"46","31","  270","  270","12.1","15.0","    1",,,"    1"
"USW00014822","DETROIT CITY AIRPORT, MI US","2018-12-17","6.71"," 1537","0.00",,"39","26","  290","  320","14.1","18.1",,,,
"USW00014822","DETROIT CITY AIRPORT, MI US","2018-12-18","5.82"," 0110","0.00",,"36","27","  190","   10","12.1","14.1",,,,
"USW00014822","DETROIT CITY AIRPORT, MI US","2018-12-19","7.61"," 0614","0.00",,"44","26","  220","  220","14.1","19.0","    1",,,
"USW00014822","DETROIT CITY AIRPORT, MI US","2018-12-20","4.25"," 2026","0.21",,"43","34","  100","  110","13.0","16.1","    1",,,
"USW00014822","DETROIT CITY AIRPORT, MI US","2018-12-21","9.84"," 1710","0.19",,"41","33","  330","  320","17.0","25.9","    1",,,
"USW00014822","DETROIT CITY AIRPORT, MI US","2018-12-22","8.05"," 1331","0.00",,"33","31","  270","  270","16.1","23.0",,,,
"USW00014822","DETROIT CITY AIRPORT, MI US","2018-12-23","5.82"," 2110","0.00",,"37","32","  240","  240","13.0","16.1","    1",,,"    1"
"USW00014822","DETROIT CITY AIRPORT, MI US","2018-12-24","9.17"," 1148","0.00",,"35","31","  270","  280","17.0","23.0",,,,
"USW00014822","DETROIT CITY AIRPORT, MI US","2018-12-25","3.80"," 1205","0.00",,"33","25","  210","  250","12.1","14.1",,,,"    1"
"USW00014822","DETROIT CITY AIRPORT, MI US","2018-12-26","5.37"," 2323","0.00",,"47","31","   80","   80","14.1","17.0","    1",,,"    1"
"USW00014822","DETROIT CITY AIRPORT, MI US","2018-12-27","13.42"," 2045","0.21",,"47","33","  150","  150","25.1","36.0","    1",,,"    1"
"USW00014822","DETROIT CITY AIRPORT, MI US","2018-12-28","14.32"," 1433","0.04",,"57","35","  230","  250","28.0","38.9","    1",,,
"USW00014822","DETROIT CITY AIRPORT, MI US","2018-12-29","6.26"," 0129","0.02",,"35","28","  260","  250","16.1","21.0",,,,
"USW00014822","DETROIT CITY AIRPORT, MI US","2018-12-30","11.18"," 0632","0.02",,"35","28","  230","  280","17.0","23.0",,,,
"USW00014822","DETROIT CITY AIRPORT, MI US","2018-12-31","6.71"," 2315","0.72",,"47","30","  280","  280","21.9","30.0",,,,
"USW00014822","DETROIT CITY AIRPORT, MI US","2019-01-01","8.28"," 0017","0.00",,"43","25","  320","  290","17.0","23.9",,,,
"USW00014822","DETROIT CITY AIRPORT, MI US","2019-01-02","7.16"," 2206","0.03",,"35","25","  290","  280","21.0","28.0","    1",,,"    1"
"USW00014822","DETROIT CITY AIRPORT, MI US","2019-01-03","12.75"," 0238","0.00",,"37","31","  230","  270","19.9","27.1",,,,
"USW00014822","DETROIT CITY AIRPORT, MI US","2019-01-04","7.61"," 1329","0.00",,"49","30","  210","  210","16.1","21.0",,,,
"USW00014822","DETROIT CITY AIRPORT, MI US","2019-01-05","5.82"," 2222","0.00",,"50","26","  310","  330","16.1","23.0","    1",,,"    1"
"USW00014822","DETROIT CITY AIRPORT, MI US","2019-01-06","9.17"," 0308","0.00",,"41","31","  360","  350","15.0","21.0",,,,
"USW00014822","DETROIT CITY AIRPORT, MI US","2019-01-07","15.88"," 2107","0.07",,"53","30","  230","  230","25.1","36.9",,,,
"USW00014822","DETROIT CITY AIRPORT, MI US","2019-01-08","9.84"," 1800","0.04",,"53","35","  300","  300","23.0","35.1",,,,
"USW00014822","DETROIT CITY AIRPORT, MI US","2019-01-09","13.20"," 1705","0.00",,"35","24","  310","  310","21.0","30.0",,,,
"USW00014822","DETROIT CITY AIRPORT, MI US","2019-01-10","10.29"," 0606","0.00",,"27","21","  330","  330","18.1","27.1",,,,
"USW00014822","DETROIT CITY AIRPORT, MI US","2019-01-11","3.80"," 1632","0.00",,"30","18","  200","  170","10.1","13.0",,,,
"USW00014822","DETROIT CITY AIRPORT, MI US","2019-01-12","8.95"," 1518","0.00",,"31","25","   90","   80","17.0","21.9",,,,
"USW00014822","DETROIT CITY AIRPORT, MI US","2019-01-13","9.40"," 0118","0.00",,"31","19","   50","   60","16.1","21.0",,,,
"USW00014822","DETROIT CITY AIRPORT, MI US","2019-01-14","2.91"," 1442","0.00",,"34","15","  190","  230","8.9","12.1",,,,
"USW00014822","DETROIT CITY AIRPORT, MI US","2019-01-15","11.63"," 2024","0.00",,"28","25","  230","  220","21.9","29.1",,,,
"USW00014822","DETROIT CITY AIRPORT, MI US","2019-01-16","8.95"," 0033","0.00",,"33","19","  250","  260","19.9","27.1",,,,
"USW00014822","DETROIT CITY AIRPORT, MI US","2019-01-17","6.71"," 0907","0.00",,"32","19","  150","  140","14.1","18.1",,,,
"USW00014822","DETROIT CITY AIRPORT, MI US","2019-01-18","6.04"," 1411","0.00",,"31","27","  300","  310","15.0","21.0",,,,
"USW00014822","DETROIT CITY AIRPORT, MI US","2019-01-19","13.20"," 2337","0.15",,"27","18","   30","   30","23.9","33.1",,,,
"USW00014822","DETROIT CITY AIRPORT, MI US","2019-01-20","14.09"," 0428","0.00",,"18","0","  360","  350","25.9","36.0",,,,
"USW00014822","DETROIT CITY AIRPORT, MI US","2019-01-21","6.49"," 0008","0.00",,"16","-4","  330","  330","15.0","19.9",,,,
"USW00014822","DETROIT CITY AIRPORT, MI US","2019-01-22","8.72"," 0948","0.17",,"31","3","  160","  140","18.1","27.1",,,,
"USW00014822","DETROIT CITY AIRPORT, MI US","2019-01-23","10.51"," 1131","0.36",,"43","31","  200","  190","23.0","31.1",,,,
"USW00014822","DETROIT CITY AIRPORT, MI US","2019-01-24","11.63"," 2250","0.00",,"32","24","  250","  260","21.0","27.1",,,,
"USW00014822","DETROIT CITY AIRPORT, MI US","2019-01-25","14.99"," 0204","0.00",,"24","10","  250","  250","23.0","32.0",,,,
"USW00014822","DETROIT CITY AIRPORT, MI US","2019-01-26","5.59"," 1715","0.01",,"20","6","  190","  200","13.0","17.0",,,,
"USW00014822","DETROIT CITY AIRPORT, MI US","2019-01-27","7.83"," 1552","0.05",,"19","1","  270","  260","18.1","25.1",,,,
"USW00014822","DETROIT CITY AIRPORT, MI US","2019-01-28","11.41"," 2245","0.10",,"35","0","  240","  240","29.1","38.0",,,,
"USW00014822","DETROIT CITY AIRPORT, MI US","2019-01-29","17.00"," 1643","0.00",,"28","2","  240","  240","29.1","36.0",,,,
"USW00014822","DETROIT CITY AIRPORT, MI US","2019-01-30","18.12"," 1258","0.00",,"2","-12","  240","  270","25.9","34.0",,,,
"USW00014822","DETROIT CITY AIRPORT, MI US","2019-01-31","11.86"," 0004","0.00",,"3","-12","  230","  250","19.9","23.0",,,,
"USW00014822","DETROIT CITY AIRPORT, MI US","2019-02-01","2.91"," 0033","0.00",,"13","-1","  250","  250","8.9","13.0",,,,
"USW00014822","DETROIT CITY AIRPORT, MI US","2019-02-02","10.96"," 1306","0.00",,"40","11","  230","  250","18.1","23.9",,,,
"USW00014822","DETROIT CITY AIRPORT, MI US","2019-02-03","10.51"," 1510","0.00",,"54","35","  240","  230","19.9","27.1",,,,
"USW00014822","DETROIT CITY AIRPORT, MI US","2019-02-04","9.62"," 2038","0.09",,"52","43","  230","  230","19.9","25.9",,,,
"USW00014822","DETROIT CITY AIRPORT, MI US","2019-02-05","8.72"," 0027","0.00",,"49","27","  270","  270","17.0","25.1",,,,
"USW00014822","DETROIT CITY AIRPORT, MI US","2019-02-06","7.16"," 0311","0.33",,"34","27","  310","  320","15.0","21.0",,,,
"USW00014822","DETROIT CITY AIRPORT, MI US","2019-02-07","11.18"," 2117","0.04",,"55","31","  260","  260","32.0","42.1",,,,
"USW00014822","DETROIT CITY AIRPORT, MI US","2019-02-08","19.01"," 0124","0.00",,"37","14","  270","  270","32.0","45.0",,,,
"USW00014822","DETROIT CITY AIRPORT, MI US","2019-02-09","6.04"," 0206","0.00",,"24","11","  290","  290","16.1","21.9",,,,
"USW00014822","DETROIT CITY AIRPORT, MI US","2019-02-10","6.26"," 1919","0.02",,"26","16","   90","   80","14.1","17.0",,,,
"USW00014822","DETROIT CITY AIRPORT, MI US","2019-02-11","9.84"," 2335","0.00",,"30","22","   80","   80","17.0","23.0",,,,
"USW00014822","DETROIT CITY AIRPORT, MI US","2019-02-12","15.43"," 0610","0.42",,"35","26","  230","   80","25.9","36.0",,,,
"USW00014822","DETROIT CITY AIRPORT, MI US","2019-02-13","16.33"," 1634","0.00",,"30","20","  240","  280","28.0","38.0",,,,
"USW00014822","DETROIT CITY AIRPORT, MI US","2019-02-14","8.28"," 1210","0.00",,"42","18","  200","  200","17.0","23.0",,,,
"USW00014822","DETROIT CITY AIRPORT, MI US","2019-02-15","14.32"," 0845","0.00",,"42","21","  270","  270","25.9","36.9",,,,
"USW00014822","DETROIT CITY AIRPORT, MI US","2019-02-16","6.04"," 0030","0.00",,"27","21","  290","  300","13.0","17.0",,,,
"USW00014822","DETROIT CITY AIRPORT, MI US","2019-02-17","10.74"," 1057","0.08",,"26","22","   80","   90","19.9","25.1",,,,
"USW00014822","DETROIT CITY AIRPORT, MI US","2019-02-18","6.71"," 0021","0.01",,"29","13","   10","   10","15.0","19.9",,,,
"USW00014822","DETROIT CITY AIRPORT, MI US","2019-02-19","2.46"," 1803","0.00",,"30","9","  100","  100","8.9","11.0",,,,
"USW00014822","DETROIT CITY AIRPORT, MI US","2019-02-20","10.74"," 1342","0.01",,"37","20","   90","  100","19.9","28.0",,,,
"USW00014822","DETROIT CITY AIRPORT, MI US","2019-02-21","12.08"," 0254","0.00",,"40","30","  270","  260","21.9","31.1",,,,
"USW00014822","DETROIT CITY AIRPORT, MI US","2019-02-22","4.25"," 1502","0.00",,"36","24","  150","  150","10.1","12.1",,,,
"USW00014822","DETROIT CITY AIRPORT, MI US","2019-02-23","9.62"," 1449","0.00",,"38","26","  110","  110","17.0","21.9",,,,
"USW00014822","DETROIT CITY AIRPORT, MI US","2019-02-24","19.91"," 1646","0.16",,"49","26","  260","  260","36.0","61.1",,,,
"USW00014822","DETROIT CITY AIRPORT, MI US","2019-02-25","15.21"," 0235","0.00",,"27","17","  280","  280","35.1","46.1",,,,
"USW00014822","DETROIT CITY AIRPORT, MI US","2019-02-26","6.93"," 2020","0.00",,"24","16","   80","   70","12.1","15.0",,,,
"USW00014822","DETROIT CITY AIRPORT, MI US","2019-02-27","7.61"," 2027","0.04",,"25","16","  320","  320","15.0","23.0",,,,
"USW00014822","DETROIT CITY AIRPORT, MI US","2019-02-28","4.03"," 1907","0.00",,"25","5","  120","  160","12.1","14.1",,,,
"USW00014822","DETROIT CITY AIRPORT, MI US","2019-03-01","3.36"," 1355","0.00",,"31","13","  120","  120","10.1","12.1",,,,
"USW00014822","DETROIT CITY AIRPORT, MI US","2019-03-02","4.47"," 1526","0.00",,"35","24","  310","  310","15.0","21.0",,,,
"USW00014822","DETROIT CITY AIRPORT, MI US","2019-03-03","3.80"," 2017",,,"28","16","  320","  310","14.1","21.0",,,,
"USW00014822","DETROIT CITY AIRPORT, MI US","2019-03-04","10.07"," 1754",,,"18","8","  250","  260","19.9","23.9",,,,
"USW00014822","DETROIT CITY AIRPORT, MI US","2019-03-05","13.20"," 1243",,,"21","9","  270","  270","21.0","29.1",,,,
"USW00014822","DETROIT CITY AIRPORT, MI US","2019-03-06","9.40"," 1547","0.00",,"22","9","  250","  270","19.9","23.9",,,,
"USW00014822","DETROIT CITY AIRPORT, MI US","2019-03-07","5.82"," 0903","0.00",,"27","16","  310","  310","13.0","18.1",,,,
"USW00014822","DETROIT CITY AIRPORT, MI US","2019-03-08","4.25"," 1555","0.00",,"36","15","  120","  120","10.1","14.1",,,,
"USW00014822","DETROIT CITY AIRPORT, MI US","2019-03-09","10.74"," 1922","0.49",,"37","19","  110","  110","25.9","36.9",,,,
"USW00014822","DETROIT CITY AIRPORT, MI US","2019-03-10","19.91"," 0609","0.02",,"48","35","  240","  230","33.1","45.0",,,,
"USW00014822","DETROIT CITY AIRPORT, MI US","2019-03-11","11.18"," 1459","0.00",,"42","29","  280","  290","23.0","32.0",,,,
"USW00014822","DETROIT CITY AIRPORT, MI US","2019-03-12","6.71"," 1331","0.00",,"43","21","  180","  220","14.1","19.0",,,,
"USW00014822","DETROIT CITY AIRPORT, MI US","2019-03-13","7.38"," 1316","0.00",,"53","30","  220","  210","19.9","23.0",,,,
"USW00014822","DETROIT CITY AIRPORT, MI US","2019-03-14","13.20"," 2306","0.30",,"63","39","  200","  220","30.0","40.0",,,,
"USW00014822","DETROIT CITY AIRPORT, MI US","2019-03-15","16.55"," 0128","0.05",,"48","34","  250","  220","31.1","44.1",,,,
"USW00014822","DETROIT CITY AIRPORT, MI US","2019-03-16","9.62"," 1217","0.00",,"37","28","  300","  310","18.1","27.1",,,,
"USW00014822","DETROIT CITY AIRPORT, MI US","2019-03-17","5.82"," 1341","0.00",,"38","20","  210","  240","14.1","18.1",,,,
"USW00014822","DETROIT CITY AIRPORT, MI US","2019-03-18","4.70"," 1459","0.00",,"42","26","  310","  280","12.1","14.1",,,,
"USW00014822","DETROIT CITY AIRPORT, MI US","2019-03-19","6.04"," 1409","0.00",,"48","25","  220","  250","16.1","21.0",,,,
"USW00014822","DETROIT CITY AIRPORT, MI US","2019-03-20","8.72"," 1355","0.04",,"49","29","  200","  180","21.0","27.1",,,,
"USW00014822","DETROIT CITY AIRPORT, MI US","2019-03-21","5.82"," 1818","0.01",,"43","38","  290","  290","14.1","19.0",,,,
"USW00014822","DETROIT CITY AIRPORT, MI US","2019-03-22","12.08"," 1618","0.01",,"43","30","  360","  320","23.9","33.1",,,,
"USW00014822","DETROIT CITY AIRPORT, MI US","2019-03-23","6.49"," 1345","0.00",,"49","25","  260","  270","14.1","17.0",,,,
"USW00014822","DETROIT CITY AIRPORT, MI US","2019-03-24","8.50"," 2245","0.00",,"55","32","   20","   40","18.1","23.0",,,,
"USW00014822","DETROIT CITY AIRPORT, MI US","2019-03-25","10.74"," 0821","0.00",,"44","28","   50","   40","21.9","30.0",,,,
"USW00014822","DETROIT CITY AIRPORT, MI US","2019-03-26","5.82"," 1000","0.00",,"43","25","  130","   40","13.0","18.1",,,,
"USW00014822","DETROIT CITY AIRPORT, MI US","2019-03-27","6.26"," 1719","0.00",,"51","26","  210","  210","17.0","25.1",,,,
"USW00014822","DETROIT CITY AIRPORT, MI US","2019-03-28","12.53"," 1458","0.00",,"67","39","   10","  200","19.9","25.9",,,,
"USW00014822","DETROIT CITY AIRPORT, MI US","2019-03-29","8.28"," 1217","0.02",,"51","38","  100","   80","15.0","21.9",,,,
"USW00014822","DETROIT CITY AIRPORT, MI US","2019-03-30","8.95"," 2217","1.19",,"44","31","   10","   10","21.0","28.0",,,,
"USW00014822","DETROIT CITY AIRPORT, MI US","2019-03-31","11.63"," 0133","0.01",,"33","24","  310","  320","19.9","30.0",,,,
"USW00014822","DETROIT CITY AIRPORT, MI US","2019-04-01","8.50"," 1504","0.00",,"42","24","  200","  200","19.9","23.9",,,,
"USW00014822","DETROIT CITY AIRPORT, MI US","2019-04-02","12.08"," 1615","0.00",,"53","33","  180","  190","23.0","30.0",,,,
"USW00014822","DETROIT CITY AIRPORT, MI US","2019-04-03","11.63"," 1528","0.00",,"54","40","  270","  270","25.1","38.9",,,,
"USW00014822","DETROIT CITY AIRPORT, MI US","2019-04-04","9.40"," 0222","0.00",,"43","33","   60","   20","16.1","21.9",,,,
"USW00014822","DETROIT CITY AIRPORT, MI US","2019-04-05","6.26"," 0019","0.01",,"58","35","   80","  100","15.0","19.9",,,,
"USW00014822","DETROIT CITY AIRPORT, MI US","2019-04-06","4.25"," 1733","0.00",,"66","45","  140","  150","14.1","17.0",,,,
"USW00014822","DETROIT CITY AIRPORT, MI US","2019-04-07","6.04"," 1517","0.03",,"68","42","  110","  100","14.1","17.0",,,,
"USW00014822","DETROIT CITY AIRPORT, MI US","2019-04-08","9.62"," 0432","0.00",,"72","57","  270","  280","21.0","31.1",,,,
"USW00014822","DETROIT CITY AIRPORT, MI US","2019-04-09","11.86"," 1600","0.00",,"63","46","  300","  270","21.9","31.1",,,,
"USW00014822","DETROIT CITY AIRPORT, MI US","2019-04-10","9.62"," 0726","0.01",,"46","33","   70","   30","17.0","21.9",,,,
"USW00014822","DETROIT CITY AIRPORT, MI US","2019-04-11","17.22"," 1251","0.02",,"47","32","  100","  100","30.0","38.9",,,,
"USW00014822","DETROIT CITY AIRPORT, MI US","2019-04-12","15.43"," 1521","0.09",,"66","43","  240","  240","33.1","42.9",,,,
"USW00014822","DETROIT CITY AIRPORT, MI US","2019-04-13","12.30"," 1227","0.00",,"59","42","  240","  260","23.9","32.0",,,,
"USW00014822","DETROIT CITY AIRPORT, MI US","2019-04-14","12.30"," 1916","0.43",,"42","35","   10","   10","23.0","29.1",,,,
"USW00014822","DETROIT CITY AIRPORT, MI US","2019-04-15","10.51"," 1527","0.00",,"55","35","  290","  290","19.9","27.1",,,,
"USW00014822","DETROIT CITY AIRPORT, MI US","2019-04-16","5.82"," 1836","0.01",,"55","39","   60","   40","14.1","18.1",,,,
"USW00014822","DETROIT CITY AIRPORT, MI US","2019-04-17","10.07"," 1453","0.01",,"57","43","  110","  110","18.1","23.9",,,,
"USW00014822","DETROIT CITY AIRPORT, MI US","2019-04-18","12.97"," 1441","0.09",,"70","49","  230","  240","25.9","36.0",,,,
"USW00014822","DETROIT CITY AIRPORT, MI US","2019-04-19","15.21"," 1854","0.49",,"49","39","   10","   10","25.1","35.1",,,,
"USW00014822","DETROIT CITY AIRPORT, MI US","2019-04-20","11.41"," 0457","0.82",,"44","38","   20","   10","23.0","29.1",,,,
"USW00014822","DETROIT CITY AIRPORT, MI US","2019-04-21","5.59"," 1430","0.00",,"66","42","  160","  150","14.1","18.1",,,,
"USW00014822","DETROIT CITY AIRPORT, MI US","2019-04-22","8.05"," 1521","0.00",,"69","45","  190","  150","16.1","23.0",,,,
"USW00014822","DETROIT CITY AIRPORT, MI US","2019-04-23","11.41"," 1058","0.05",,"71","47","  260","  260","25.1","35.1",,,,
"USW00014822","DETROIT CITY AIRPORT, MI US","2019-04-24","5.14"," 1525","0.00",,"61","39","  110","  130","13.0","15.0",,,,
"USW00014822","DETROIT CITY AIRPORT, MI US","2019-04-25","5.37"," 1712","0.47",,"57","46","  110","  110","12.1","13.0",,,,
"USW00014822","DETROIT CITY AIRPORT, MI US","2019-04-26","12.53"," 1524","0.70",,"61","45","  320","  300","29.1","44.1",,,,
"USW00014822","DETROIT CITY AIRPORT, MI US","2019-04-27","9.62"," 0129","0.18",,"53","37","  310","  300","23.0","32.0",,,,
"USW00014822","DETROIT CITY AIRPORT, MI US","2019-04-28","10.74"," 0747","0.09",,"54","35","  360","   20","17.0","21.9",,,,
"USW00014822","DETROIT CITY AIRPORT, MI US","2019-04-29","8.28"," 1424","0.25",,"45","36","  100","   80","18.1","25.1",,,,
"USW00014822","DETROIT CITY AIRPORT, MI US","2019-04-30","8.28"," 2054","0.93",,"49","41","   70","   80","21.0","25.1",,,,
"USW00014822","DETROIT CITY AIRPORT, MI US","2019-05-01","9.84"," 1308","1.11",,"69","44","  240","  250","23.0","31.1",,,,
"USW00014822","DETROIT CITY AIRPORT, MI US","2019-05-02","5.37"," 0830","0.09",,"58","45","  110","  100","12.1","13.0",,,,
"USW00014822","DETROIT CITY AIRPORT, MI US","2019-05-03","8.50"," 1344","0.05",,"52","43","   30","   10","15.0","19.9",,,,
"USW00014822","DETROIT CITY AIRPORT, MI US","2019-05-04","6.49"," 1139","0.00",,"60","44","  140","   20","13.0","16.1",,,,
"USW00014822","DETROIT CITY AIRPORT, MI US","2019-05-05","4.47"," 1255","0.00",,"66","39","  130","  140","13.0","16.1",,,,
"USW00014822","DETROIT CITY AIRPORT, MI US","2019-05-06","5.82"," 1557","0.08",,"74","48","  210","  350","15.0","19.0",,,,
"USW00014822","DETROIT CITY AIRPORT, MI US","2019-05-07","8.28"," 0245","0.27",,"50","40","   30","   30","16.1","23.9",,,,
"USW00014822","DETROIT CITY AIRPORT, MI US","2019-05-08","12.97"," 1032","0.00",,"60","40","  100","  110","23.0","31.1",,,,
"USW00014822","DETROIT CITY AIRPORT, MI US","2019-05-09","11.41"," 1120","0.12",,"73","50","  200","  200","25.1","35.1",,,,
"USW00014822","DETROIT CITY AIRPORT, MI US","2019-05-10","8.05"," 0712","0.03",,"65","49","  270","  270","21.0","27.1",,,,
"USW00014822","DETROIT CITY AIRPORT, MI US","2019-05-11","8.50"," 1544","0.00",,"53","39","   30","   70","16.1","21.9",,,,
"USW00014822","DETROIT CITY AIRPORT, MI US","2019-05-12","10.29"," 0619","0.18",,"54","43","   40","   60","15.0","21.9","    1",,,"    1"
"USW00014822","DETROIT CITY AIRPORT, MI US","2019-05-13","8.95"," 1541","0.04",,"52","43","  360","   20","16.1","21.9",,,,
"USW00014822","DETROIT CITY AIRPORT, MI US","2019-05-14","6.26"," 1232","0.00",,"69","40","  360","  360","18.1","23.9",,,,
"USW00014822","DETROIT CITY AIRPORT, MI US","2019-05-15","6.93"," 1427","0.00",,"74","49","  270","  260","19.9","27.1",,,,
"USW00014822","DETROIT CITY AIRPORT, MI US","2019-05-16","8.05"," 1639","0.00",,"76","46","  220","  230","23.9","36.0",,,,
"USW00014822","DETROIT CITY AIRPORT, MI US","2019-05-17","6.93"," 1839","0.00",,"67","52","   80","   80","16.1","19.9",,,,
"USW00014822","DETROIT CITY AIRPORT, MI US","2019-05-18","5.59"," 1105","0.18",,"68","48","  120","  120","13.0","16.1",,,,
"USW00014822","DETROIT CITY AIRPORT, MI US","2019-05-19","9.62"," 1340","0.64",,"79","53","  210","  210","32.0","40.0",,,,
"USW00014822","DETROIT CITY AIRPORT, MI US","2019-05-20","10.74"," 1005","0.00",,"63","46","  280","  280","21.0","29.1",,,,
"USW00014822","DETROIT CITY AIRPORT, MI US","2019-05-21","5.59"," 1402","0.00",,"63","43","  100","   80","14.1","17.0",,,,
"USW00014822","DETROIT CITY AIRPORT, MI US","2019-05-22","8.28"," 0536","0.17",,"69","50","  110","  120","18.1","25.9",,,,
"USW00014822","DETROIT CITY AIRPORT, MI US","2019-05-23","12.30"," 1612","0.12",,"80","56","  260","  260","29.1","42.9",,,,
"USW00014822","DETROIT CITY AIRPORT, MI US","2019-05-24","6.04"," 1107","0.08",,"65","53","   90","   90","14.1","16.1",,,,
"USW00014822","DETROIT CITY AIRPORT, MI US","2019-05-25","9.62"," 1507","0.12",,"86","57","  280","  300","28.0","40.9",,,,
"USW00014822","DETROIT CITY AIRPORT, MI US","2019-05-26","4.47"," 0718","0.27",,"70","52","   90","   70","13.0","15.0",,,,
"USW00014822","DETROIT CITY AIRPORT, MI US","2019-05-27","4.70"," 1744","0.09",,"73","47","  100","  100","15.0","18.1","    1",,,
"USW00014822","DETROIT CITY AIRPORT, MI US","2019-05-28","8.50"," 1116","0.04",,"81","57","  250","  240","19.9","27.1",,,,
"USW00014822","DETROIT CITY AIRPORT, MI US","2019-05-29","4.25"," 0234","0.15",,"66","54","   70","   80","14.1","18.1",,,,
"USW00014822","DETROIT CITY AIRPORT, MI US","2019-05-30","4.92"," 0813","0.15",,"72","59","  250","  240","17.0","21.9",,,,
"USW00014822","DETROIT CITY AIRPORT, MI US","2019-05-31","6.71"," 1654","0.00",,"82","52","  240","  260","17.0","23.0",,,,
"USW00014822","DETROIT CITY AIRPORT, MI US","2019-06-01","8.05"," 1350","0.74",,"77","61","  300","  300","23.9","32.0",,,,
"USW00014822","DETROIT CITY AIRPORT, MI US","2019-06-02","8.05"," 1837","0.00",,"72","49","  320","  320","16.1","23.9",,,,
"USW00014822","DETROIT CITY AIRPORT, MI US","2019-06-03","6.71"," 1706","0.00",,"64","46","  150","  150","16.1","21.0",,,,
"USW00014822","DETROIT CITY AIRPORT, MI US","2019-06-04","7.83"," 1444","0.00",,"75","52","  230","  230","21.9","28.0",,,,
"USW00014822","DETROIT CITY AIRPORT, MI US","2019-06-05","6.71"," 1835","0.32",,"78","63","  360","   10","16.1","25.9",,,,
"USW00014822","DETROIT CITY AIRPORT, MI US","2019-06-06","4.47"," 0151","0.00",,"74","57","   20","   10","12.1","16.1",,,,
"USW00014822","DETROIT CITY AIRPORT, MI US","2019-06-07","6.26"," 1525","0.00",,"78","57","   70","   50","14.1","19.0",,,,
"USW00014822","DETROIT CITY AIRPORT, MI US","2019-06-08","10.51"," 1408","0.00",,"79","55","   80","   70","21.0","27.1",,,,
"USW00014822","DETROIT CITY AIRPORT, MI US","2019-06-09","8.50"," 1005","0.00",,"76","64","  120","  130","15.0","19.0",,,,
"USW00014822","DETROIT CITY AIRPORT, MI US","2019-06-10","9.62"," 1559","0.16",,"72","56","  310","  330","23.0","33.1",,,,
"USW00014822","DETROIT CITY AIRPORT, MI US","2019-06-11","6.71"," 1407","0.00",,"78","50","  270","  280","15.0","19.0",,,,
"USW00014822","DETROIT CITY AIRPORT, MI US","2019-06-12","9.40"," 2220","0.14",,"76","57","  140","  130","18.1","23.9",,,,
"USW00014822","DETROIT CITY AIRPORT, MI US","2019-06-13","6.26"," 1752","0.27",,"67","54","  330","  320","19.9","32.0",,,,
"USW00014822","DETROIT CITY AIRPORT, MI US","2019-06-14","11.63"," 1359","0.00",,"73","48","  240","  250","21.9","28.0",,,,
"USW00014822","DETROIT CITY AIRPORT, MI US","2019-06-15","12.30"," 0233","0.02",,"71","58","  230","  240","21.0","29.1",,,,
"USW00014822","DETROIT CITY AIRPORT, MI US","2019-06-16","5.82"," 0025","0.29",,"62","56","   40","   30","12.1","15.0",,,,
"USW00014822","DETROIT CITY AIRPORT, MI US","2019-06-17","5.14"," 1252","0.00",,"71","57","   80","  150","10.1","13.0",,,,
"USW00014822","DETROIT CITY AIRPORT, MI US","2019-06-18","3.58"," 1606","0.00",,"78","57","  110","  120","10.1","14.1",,,,
"USW00014822","DETROIT CITY AIRPORT, MI US","2019-06-19","5.14"," 1508","0.00",,"81","60","   60","  120","13.0","17.0",,,,
"USW00014822","DETROIT CITY AIRPORT, MI US","2019-06-20","7.83"," 1841","0.41",,"66","58","  360","  360","18.1","23.9",,,,
"USW00014822","DETROIT CITY AIRPORT, MI US","2019-06-21","5.82"," 1701","0.00",,"79","54","   70","   60","16.1","21.0",,,,
"USW00014822","DETROIT CITY AIRPORT, MI US","2019-06-22","5.59"," 1415","0.00",,"77","52","   90","  100","14.1","18.1",,,,
"USW00014822","DETROIT CITY AIRPORT, MI US","2019-06-23","5.82"," 1118","0.00",,"79","53","  160","  180","14.1","18.1",,,,
"USW00014822","DETROIT CITY AIRPORT, MI US","2019-06-24","8.72"," 2008","0.07",,"80","66","  250","  240","23.0","31.1",,,,
"USW00014822","DETROIT CITY AIRPORT, MI US","2019-06-25","12.53"," 1217","0.00",,"85","64","  260","  260","21.9","30.0",,,,
"USW00014822","DETROIT CITY AIRPORT, MI US","2019-06-26","8.50"," 1331","0.00",,"88","70","  250","  240","17.0","25.9",,,,
"USW00014822","DETROIT CITY AIRPORT, MI US","2019-06-27","3.80"," 0455","0.00",,"88","68","  260","  260","15.0","19.9",,,,
"USW00014822","DETROIT CITY AIRPORT, MI US","2019-06-28","4.92"," 1551","0.00",,"90","68","  190","  190","21.9","29.1",,,,
"USW00014822","DETROIT CITY AIRPORT, MI US","2019-06-29","5.59"," 1556","0.04",,"90","73","  360","  290","17.0","19.9",,,,
"USW00014822","DETROIT CITY AIRPORT, MI US","2019-06-30","6.04"," 1445","0.00",,"82","65","   80","  120","14.1","17.0",,,,
"USW00014822","DETROIT CITY AIRPORT, MI US","2019-07-01","5.82"," 1645","0.00",,"89","62","  220","  190","14.1","18.1",,,,
"USW00014822","DETROIT CITY AIRPORT, MI US","2019-07-02","3.80"," 1857","0.76",,"92","71","  310","  310","23.9","35.1","    1",,"    1","    1"
"USW00014822","DETROIT CITY AIRPORT, MI US","2019-07-03","6.04"," 1613","0.01",,"85","71","   60","   50","13.0","16.1","    1",,,
"USW00014822","DETROIT CITY AIRPORT, MI US","2019-07-04","4.25"," 1244","0.00",,"88","66","  120","  130","14.1","18.1",,,,"    1"
"USW00014822","DETROIT CITY AIRPORT, MI US","2019-07-05","4.25"," 2008","0.71",,"93","73","  190","  200","29.1","36.0",,"    1",,"    1"
"USW00014822","DETROIT CITY AIRPORT, MI US","2019-07-06","5.37"," 2247","0.63",,"85","69","  360","   10","13.0","17.0","    1",,"    1","    1"
"USW00014822","DETROIT CITY AIRPORT, MI US","2019-07-07","9.40"," 0030","0.00",,"82","65","   20","   10","14.1","18.1",,,,"    1"
"USW00014822","DETROIT CITY AIRPORT, MI US","2019-07-08","6.49"," 1218","0.00",,"79","59","  120","   80","12.1","14.1",,,,
"USW00014822","DETROIT CITY AIRPORT, MI US","2019-07-09","4.25"," 1707","0.00",,"82","60","   90","  100","10.1","15.0",,,,
"USW00014822","DETROIT CITY AIRPORT, MI US","2019-07-10","6.49"," 1209","0.00",,"90","64","  210","  190","16.1","21.0",,,,
"USW00014822","DETROIT CITY AIRPORT, MI US","2019-07-11","8.05"," 1427","0.00",,"87","67","  320","  310","16.1","21.9",,,,
"USW00014822","DETROIT CITY AIRPORT, MI US","2019-07-12","4.92"," 0341","0.00",,"81","62","   10","   10","12.1","14.1",,,,
"USW00014822","DETROIT CITY AIRPORT, MI US","2019-07-13","9.84"," 1546","0.00",,"91","65","  270","  270","21.9","31.1",,,,
"USW00014822","DETROIT CITY AIRPORT, MI US","2019-07-14","5.59"," 1704","0.00",,"82","68","   70","  140","12.1","16.1",,,,
"USW00014822","DETROIT CITY AIRPORT, MI US","2019-07-15","6.71"," 1911","0.26",,"90","64","  250","  240","18.1","23.9","    1",,,
"USW00014822","DETROIT CITY AIRPORT, MI US","2019-07-16","5.37"," 1633","0.56",,"82","72","  210","  220","18.1","29.1","    1",,"    1","    1"
"USW00014822","DETROIT CITY AIRPORT, MI US","2019-07-17","4.70"," 1440","0.01",,"89","72","   70","   40","14.1","18.1",,,,
"USW00014822","DETROIT CITY AIRPORT, MI US","2019-07-18","6.04"," 1517","0.00",,"89","66","  180","  180","19.9","23.0",,,,
"USW00014822","DETROIT CITY AIRPORT, MI US","2019-07-19","8.72"," 1408","0.17",,"94","75","  260","  270","18.1","23.9","    1",,"    1",
"USW00014822","DETROIT CITY AIRPORT, MI US","2019-07-20","9.84"," 1757","0.04",,"96","75","  320","  290","35.1","52.1","    1",,,"    1"
"USW00014822","DETROIT CITY AIRPORT, MI US","2019-07-21","6.04"," 1659","0.10",,"81","68","   60","   50","14.1","18.1","    1",,,
"USW00014822","DETROIT CITY AIRPORT, MI US","2019-07-22","7.61"," 1704","0.02",,"78","64","   20","   10","18.1","23.9",,,,
"USW00014822","DETROIT CITY AIRPORT, MI US","2019-07-23","5.14"," 1710","0.05",,"80","58","  350","  360","21.0","30.0",,,"    1",
"USW00014822","DETROIT CITY AIRPORT, MI US","2019-07-24","4.25"," 1457","0.00",,"81","59","  360","   10","14.1","19.9",,,,
"USW00014822","DETROIT CITY AIRPORT, MI US","2019-07-25","4.03"," 1109","0.00",,"85","64","  290","  360","10.1","14.1",,,,
"USW00014822","DETROIT CITY AIRPORT, MI US","2019-07-26","6.26"," 1201","0.00",,"84","67","  200","  180","14.1","19.9",,,,
"USW00014822","DETROIT CITY AIRPORT, MI US","2019-07-27","11.86"," 1738","0.00",,"87","71","  230","  240","23.0","29.1",,,,
"USW00014822","DETROIT CITY AIRPORT, MI US","2019-07-28","8.50"," 1803","0.11",,"90","72","  330","  310","19.9","28.0",,,,
"USW00014822","DETROIT CITY AIRPORT, MI US","2019-07-29","9.40"," 1538","0.38",,"93","71","  260","  260","32.0","46.1",,,,
"USW00014822","DETROIT CITY AIRPORT, MI US","2019-07-30","6.71"," 1549","0.00",,"87","68","  330","  320","14.1","21.0",,,,
"USW00014822","DETROIT CITY AIRPORT, MI US","2019-07-31","7.61"," 0108","0.00",,"80","64","   30","   30","14.1","18.1",,,,
"USW00014822","DETROIT CITY AIRPORT, MI US","2019-08-01","6.26"," 1412","0.00",,"80","59","  110","   90","12.1","17.0",,,,
"USW00014822","DETROIT CITY AIRPORT, MI US","2019-08-02","5.14"," 1456","0.00",,"82","59","   50","   80","12.1","23.0",,,,
"USW00014822","DETROIT CITY AIRPORT, MI US","2019-08-03","2.68"," 2317","0.00",,"86","59","  190","  310","10.1","15.0",,,,
"USW00014822","DETROIT CITY AIRPORT, MI US","2019-08-04","3.36"," 1520","0.72",,"84","68","   60","   50","15.0","21.0",,,,
"USW00014822","DETROIT CITY AIRPORT, MI US","2019-08-05","3.80"," 1629","0.00",,"89","66","  260","  240","15.0","31.1",,,,
"USW00014822","DETROIT CITY AIRPORT, MI US","2019-08-06","4.25"," 0904","0.02",,"79","70","  280","  300","13.0","17.0",,,,
"USW00014822","DETROIT CITY AIRPORT, MI US","2019-08-07","3.36"," 1809","0.00",,"86","65","  310","  290","12.1","18.1",,,,
"USW00014822","DETROIT CITY AIRPORT, MI US","2019-08-08","9.84"," 1454","0.00",,"84","68","  270","  260","21.9","34.0",,,,
"USW00014822","DETROIT CITY AIRPORT, MI US","2019-08-09","6.93"," 1231","0.00",,"82","61","  330","  300","17.0","23.9",,,,
"USW00014822","DETROIT CITY AIRPORT, MI US","2019-08-10","4.25"," 1327","0.00",,"82","60","  300","  300","14.1","23.9",,,,
"USW00014822","DETROIT CITY AIRPORT, MI US","2019-08-11","4.03"," 1233","0.00",,"83","62","  270","  260","13.0","21.0",,,,
"USW00014822","DETROIT CITY AIRPORT, MI US","2019-08-12","7.61"," 1935","0.00",,"86","70","  230","  220","19.9","27.1",,,,
"USW00014822","DETROIT CITY AIRPORT, MI US","2019-08-13","6.93"," 1416","0.00",,"87","69","   50","   40","14.1","19.9",,,,
"USW00014822","DETROIT CITY AIRPORT, MI US","2019-08-14","7.83"," 1819","0.00",,"82","66","   60","   60","15.0","19.9",,,,
"USW00014822","DETROIT CITY AIRPORT, MI US","2019-08-15","7.83"," 1452","0.00",,"79","64","  360","  100","13.0","21.0",,,,
"USW00014822","DETROIT CITY AIRPORT, MI US","2019-08-16","5.82"," 1644","0.01",,"81","64","  220","  230","16.1","21.0",,,,
"USW00014822","DETROIT CITY AIRPORT, MI US","2019-08-17","7.61"," 1251","0.08",,"87","69","  210","  230","17.0","29.1","    1",,,
"USW00014822","DETROIT CITY AIRPORT, MI US","2019-08-18","8.50"," 1244","0.33",,"87","68","  260","  260","29.1","40.9",,,,
"USW00014822","DETROIT CITY AIRPORT, MI US","2019-08-19","5.59"," 0005","0.00",,"83","67","  230","  230","15.0","21.9",,,,"    1"
"USW00014822","DETROIT CITY AIRPORT, MI US","2019-08-20","6.49"," 1926","0.52",,"88","72","  240","  230","29.1","44.1",,,,
"USW00014822","DETROIT CITY AIRPORT, MI US","2019-08-21","5.37"," 1802","0.05",,"88","68","  310","  310","21.9","35.1",,,,
"USW00014822","DETROIT CITY AIRPORT, MI US","2019-08-22","6.93"," 1740","0.00",,"76","61","   20","   20","14.1","19.0",,,,
"USW00014822","DETROIT CITY AIRPORT, MI US","2019-08-23","7.16"," 1528","0.00",,"76","58","   70","   80","17.0","23.9",,,,
"USW00014822","DETROIT CITY AIRPORT, MI US","2019-08-24","7.83"," 1039","0.00",,"72","54","   70","   30","18.1","25.1",,,,
"USW00014822","DETROIT CITY AIRPORT, MI US","2019-08-25","9.84"," 1357","0.00",,"75","60","  120","  110","17.0","25.1",,,,
"USW00014822","DETROIT CITY AIRPORT, MI US","2019-08-26","11.18"," 1306","0.34",,"76","63","  170","  130","19.9","30.0",,,,
"USW00014822","DETROIT CITY AIRPORT, MI US","2019-08-27","9.84"," 0035","0.57",,"82","66","  190","  200","17.0","30.0",,,,
"USW00014822","DETROIT CITY AIRPORT, MI US","2019-08-28","10.07"," 1407","0.00",,"78","63","  270","  250","21.0","31.1",,,,
"USW00014822","DETROIT CITY AIRPORT, MI US","2019-08-29","10.74"," 2213","0.01",,"80","59","  220","  210","23.9","35.1",,,,
"USW00014822","DETROIT CITY AIRPORT, MI US","2019-08-30","6.49"," 0002","0.00",,"78","63","  300","  270","15.0","23.0",,,,
"USW00014822","DETROIT CITY AIRPORT, MI US","2019-08-31","7.61"," 1413","0.00",,"73","55","  110","  110","15.0","23.0",,,,
"USW00014822","DETROIT CITY AIRPORT, MI US","2019-09-01","4.03"," 1057","0.17",,"70","61","   90","   90","10.1","14.1",,,,
"USW00014822","DETROIT CITY AIRPORT, MI US","2019-09-02","5.82"," 1638","0.22",,"81","63","  360","  360","21.0","31.1",,,,
"USW00014822","DETROIT CITY AIRPORT, MI US","2019-09-03","9.62"," 1458","0.16",,"78","62","  210","  210","23.0","33.1",,,,
"USW00014822","DETROIT CITY AIRPORT, MI US","2019-09-04","6.71"," 0018","0.12",,"73","59","  250","  240","17.0","25.1",,,,
"USW00014822","DETROIT CITY AIRPORT, MI US","2019-09-05","4.25"," 1420","0.00",,"73","55","  110","  150","12.1","15.0",,,,
"USW00014822","DETROIT CITY AIRPORT, MI US","2019-09-06","3.13"," 0944","0.03",,"71","56","  180","  180","10.1","14.1",,,,
"USW00014822","DETROIT CITY AIRPORT, MI US","2019-09-07","6.93"," 2041","0.00",,"76","61","  270","  290","14.1","21.9",,,,
"USW00014822","DETROIT CITY AIRPORT, MI US","2019-09-08","7.38"," 1554","0.00",,"69","57","   40","   50","13.0","19.0",,,,
"USW00014822","DETROIT CITY AIRPORT, MI US","2019-09-09","5.82"," 1224","0.00",,"69","55","   90","   80","10.1","14.1",,,,
"USW00014822","DETROIT CITY AIRPORT, MI US","2019-09-10","8.05"," 0938","0.00",,"86","63","  190","  200","15.0","19.0",,,,
"USW00014822","DETROIT CITY AIRPORT, MI US","2019-09-11","5.59"," 1416","0.60",,"88","66","  220","  200","23.0","32.0",,,,
"USW00014822","DETROIT CITY AIRPORT, MI US","2019-09-12","8.05"," 0544","0.11",,"71","63","   90","  350","14.1","19.9",,,,
"USW00014822","DETROIT CITY AIRPORT, MI US","2019-09-13","10.29"," 1612","0.65",,"86","62","  210","  210","23.9","36.9",,,,
"USW00014822","DETROIT CITY AIRPORT, MI US","2019-09-14","7.16"," 1114","0.00",,"76","58","  280","  260","15.0","23.9",,,,
"USW00014822","DETROIT CITY AIRPORT, MI US","2019-09-15","3.36"," 1054","0.13",,"74","59","  210","  240","16.1","25.1",,,,
"USW00014822","DETROIT CITY AIRPORT, MI US","2019-09-16","4.03"," 1917","0.00",,"78","64","   50","   50","14.1","18.1",,,,
"USW00014822","DETROIT CITY AIRPORT, MI US","2019-09-17","6.26"," 1331","0.00",,"74","61","  110","   90","12.1","19.9",,,,
"USW00014822","DETROIT CITY AIRPORT, MI US","2019-09-18","6.71"," 1417","0.00",,"76","57","   90","  100","14.1","21.0",,,,
"USW00014822","DETROIT CITY AIRPORT, MI US","2019-09-19","4.47"," 1551","0.00",,"76","57","  110","  110","12.1","17.0",,,,
"USW00014822","DETROIT CITY AIRPORT, MI US","2019-09-20","4.03"," 1541","0.00",,"83","60","  180","  180","14.1","19.0",,,,
"USW00014822","DETROIT CITY AIRPORT, MI US","2019-09-21","4.92"," 1755","0.02",,"87","65","  220","  210","21.0","30.0",,,,
"USW00014822","DETROIT CITY AIRPORT, MI US","2019-09-22","13.42"," 1437","0.00",,"86","73","  210","  230","29.1","38.0",,,,
"USW00014822","DETROIT CITY AIRPORT, MI US","2019-09-23","10.96"," 0148","0.00",,"77","60","  230","  240","25.1","36.0",,,,
"USW00014822","DETROIT CITY AIRPORT, MI US","2019-09-24","6.04"," 1147","0.00",,"78","56","  280","  280","15.0","23.9",,,,
"USW00014822","DETROIT CITY AIRPORT, MI US","2019-09-25","12.30"," 1225","0.00",,"77","63","  230","  230","23.9","38.0",,,,
"USW00014822","DETROIT CITY AIRPORT, MI US","2019-09-26","6.71"," 1114","0.00",,"71","53","  280","  270","21.0","32.0",,,,
"USW00014822","DETROIT CITY AIRPORT, MI US","2019-09-27","9.40"," 1208","0.15",,"77","51","  200","  220","19.9","27.1",,,,
"USW00014822","DETROIT CITY AIRPORT, MI US","2019-09-28","7.38"," 0022","0.47",,"69","54","  250","  240","21.0","30.0",,,,
"USW00014822","DETROIT CITY AIRPORT, MI US","2019-09-29","8.28"," 1542","0.11",,"63","52","   90","  100","19.9","27.1",,,,
"USW00014822","DETROIT CITY AIRPORT, MI US","2019-09-30","5.82"," 1604","0.01",,"77","56","  180","  180","14.1","17.0",,,,
"USW00014822","DETROIT CITY AIRPORT, MI US","2019-10-01","6.26"," 1533","0.00",,"87","67","  330","  360","15.0","21.0",,,,
"USW00014822","DETROIT CITY AIRPORT, MI US","2019-10-02","7.61"," 0114","0.28",,"74","55","   20","  320","16.1","25.1",,,,
"USW00014822","DETROIT CITY AIRPORT, MI US","2019-10-03","8.50"," 1752","0.38",,"68","53","  270","  290","17.0","25.9",,,,
"USW00014822","DETROIT CITY AIRPORT, MI US","2019-10-04","9.62"," 0609","0.00",,"59","45","   70","   10","16.1","25.1",,,,
"USW00014822","DETROIT CITY AIRPORT, MI US","2019-10-05","8.28"," 1057","0.00",,"61","45","  120","   80","17.0","23.9",,,,
"USW00014822","DETROIT CITY AIRPORT, MI US","2019-10-06","7.61"," 1400","0.09",,"70","57","  260","  270","17.0","28.0",,,,
"USW00014822","DETROIT CITY AIRPORT, MI US","2019-10-07","5.82"," 1240","0.00",,"70","53","  270","  250","13.0","19.9",,,,
"USW00014822","DETROIT CITY AIRPORT, MI US","2019-10-08","4.25"," 1001","0.00",,"70","47","   80","   80","12.1","15.0",,,,
"USW00014822","DETROIT CITY AIRPORT, MI US","2019-10-09","6.26"," 1304","0.00",,"68","48","   70","   70","16.1","21.0",,,,
"USW00014822","DETROIT CITY AIRPORT, MI US","2019-10-10","7.61"," 1613","0.00",,"70","47","  110","  110","16.1","21.9",,,,
"USW00014822","DETROIT CITY AIRPORT, MI US","2019-10-11","7.83"," 2101","0.11",,"70","50","  200","  200","21.9","32.0",,,,
"USW00014822","DETROIT CITY AIRPORT, MI US","2019-10-12","11.86"," 2319","0.07",,"50","40","  220","  200","19.9","31.1",,,,
"USW00014822","DETROIT CITY AIRPORT, MI US","2019-10-13","14.09"," 1454","0.00",,"63","45","  230","  240","29.1","45.0",,,,
"USW00014822","DETROIT CITY AIRPORT, MI US","2019-10-14","6.49"," 1103","0.00",,"52","39","  250","  240","16.1","23.0",,,,
"USW00014822","DETROIT CITY AIRPORT, MI US","2019-10-15","6.71"," 1200","0.00",,"63","36","  170","  180","18.1","25.1",,,,
"USW00014822","DETROIT CITY AIRPORT, MI US","2019-10-16","12.97"," 0208","0.13",,"63","46","  330","  300","23.0","35.1",,,,
"USW00014822","DETROIT CITY AIRPORT, MI US","2019-10-17","12.08"," 0151","0.00",,"56","44","  310","  330","23.0","40.0",,,,
"USW00014822","DETROIT CITY AIRPORT, MI US","2019-10-18","4.25"," 0956","0.00",,"55","38","  110","  350","8.9","13.0",,,,
"USW00014822","DETROIT CITY AIRPORT, MI US","2019-10-19","4.03"," 1606","0.00",,"61","36","  160","  160","15.0","19.9",,,,
"USW00014822","DETROIT CITY AIRPORT, MI US","2019-10-20","0.67"," 1218","0.00",,"68","44","  310","  250","6.9","8.9",,,,
"USW00014822","DETROIT CITY AIRPORT, MI US","2019-10-21","9.62"," 2126","0.20",,"67","47","  190","  170","19.9","31.1",,,,
"USW00014822","DETROIT CITY AIRPORT, MI US","2019-10-22","14.09"," 1526","0.07",,"62","47","  240","  230","30.0","44.1",,,,
"USW00014822","DETROIT CITY AIRPORT, MI US","2019-10-23","13.42"," 1219","0.00",,"60","43","  260","  250","25.1","36.9",,,,
"USW00014822","DETROIT CITY AIRPORT, MI US","2019-10-24","7.16"," 0056","0.00",,"57","48","  210","  210","19.9","29.1",,,,
"USW00014822","DETROIT CITY AIRPORT, MI US","2019-10-25","2.68"," 1031","0.00",,"51","36","  340","  340","8.9","13.0",,,,
"USW00014822","DETROIT CITY AIRPORT, MI US","2019-10-26","8.95"," 2004","1.15",,"57","33","  110","  120","21.0","30.0",,,,
"USW00014822","DETROIT CITY AIRPORT, MI US","2019-10-27","12.30"," 0527","0.08",,"59","43","  220","  220","30.0","42.9",,,,
"USW00014822","DETROIT CITY AIRPORT, MI US","2019-10-28","5.37"," 1317","0.00",,"64","40","  200","  220","17.0","23.9",,,,
"USW00014822","DETROIT CITY AIRPORT, MI US","2019-10-29","7.61"," 1243","0.00",,"60","46","  230","  230","17.0","23.0",,,,
"USW00014822","DETROIT CITY AIRPORT, MI US","2019-10-30","6.93"," 1725","0.36",,"47","42","   40","   50","12.1","16.1",,,,
"USW00014822","DETROIT CITY AIRPORT, MI US","2019-10-31","9.62"," 1909","0.80",,"47","35","  300","  310","21.9","36.9",,,,
"USW00014822","DETROIT CITY AIRPORT, MI US","2019-11-01","11.63"," 0320","0.00",,"42","35","  300","  290","23.0","38.0",,,,
"USW00014822","DETROIT CITY AIRPORT, MI US","2019-11-02","10.51"," 1539","0.05",,"47","37","  240","  240","25.1","36.9","    1",,,
"USW00014822","DETROIT CITY AIRPORT, MI US","2019-11-03","8.28"," 1040","0.00",,"47","35","  250","  260","16.1","23.0",,,,
"USW00014822","DETROIT CITY AIRPORT, MI US","2019-11-04","11.86"," 1341","0.01",,"53","43","  220","  220","23.0","32.0",,,,
"USW00014822","DETROIT CITY AIRPORT, MI US","2019-11-05","8.72"," 0957","0.00",,"48","32","  260","  280","18.1","28.0",,,,
"USW00014822","DETROIT CITY AIRPORT, MI US","2019-11-06","4.47"," 1210","0.00",,"41","26","  220","  230","16.1","23.0",,,,
"USW00014822","DETROIT CITY AIRPORT, MI US","2019-11-07","8.50"," 1321","0.01",,"37","26","  310","  320","17.0","23.9","    1",,,
"USW00014822","DETROIT CITY AIRPORT, MI US","2019-11-08","5.14"," 1103","0.00",,"38","23","  310","  340","14.1","19.9",,,,"    1"
"USW00014822","DETROIT CITY AIRPORT, MI US","2019-11-09","12.30"," 1134","0.00",,"40","28","  220","  210","19.9","27.1",,,,
"USW00014822","DETROIT CITY AIRPORT, MI US","2019-11-10","7.61"," 0014","0.00",,"45","34","  220","  210","17.0","21.9",,,,
"USW00014822","DETROIT CITY AIRPORT, MI US","2019-11-11","9.40"," 0055","0.53",,"33","26","  360","   20","15.0","21.9","    1",,,
"USW00014822","DETROIT CITY AIRPORT, MI US","2019-11-12","7.83"," 1053","0.02",,"27","15","  330","  310","16.1","25.1","    1",,,
"USW00014822","DETROIT CITY AIRPORT, MI US","2019-11-13","9.17"," 2237","0.00",,"27","9","  210","  210","18.1","28.0",,,,
"USW00014822","DETROIT CITY AIRPORT, MI US","2019-11-14","9.40"," 0131","0.00",,"33","26","  220","  220","18.1","25.9","    1",,,"    1"
"USW00014822","DETROIT CITY AIRPORT, MI US","2019-11-15","7.38"," 0005","0.00",,"36","25","  270","  280","17.0","25.9","    1",,,"    1"
"USW00014822","DETROIT CITY AIRPORT, MI US","2019-11-16","7.83"," 1529","0.00",,"32","21","   70","   50","14.1","18.1",,,,
"USW00014822","DETROIT CITY AIRPORT, MI US","2019-11-17","2.91"," 0013","0.00",,"38","20","  110","   60","8.1","12.1",,,,
"USW00014822","DETROIT CITY AIRPORT, MI US","2019-11-18","2.24"," 0441","0.00",,"46","28","   20","   10","8.9","11.0","    1",,,
"USW00014822","DETROIT CITY AIRPORT, MI US","2019-11-19","1.57"," 0715","0.00",,"41","26","  220","  190","6.9","8.9",,,,
"USW00014822","DETROIT CITY AIRPORT, MI US","2019-11-20","4.25"," 1649","0.00",,"44","38","  260","  260","10.1","14.1",,,,
"USW00014822","DETROIT CITY AIRPORT, MI US","2019-11-21","12.30"," 2024","0.05",,"53","39","  260","  250","25.1","38.9",,,,
"USW00014822","DETROIT CITY AIRPORT, MI US","2019-11-22","8.50"," 0554","0.00",,"46","27","  320","  300","21.0","33.1",,,,
"USW00014822","DETROIT CITY AIRPORT, MI US","2019-11-23","2.91"," 2332","0.00",,"39","24","  280","  280","14.1","23.9",,,,
"USW00014822","DETROIT CITY AIRPORT, MI US","2019-11-24","10.07"," 1509","0.00",,"47","29","  230","  220","18.1","25.9",,,,
"USW00014822","DETROIT CITY AIRPORT, MI US","2019-11-25","8.72"," 2142","0.00",,"50","38","  210","  220","16.1","21.0",,,,
"USW00014822","DETROIT CITY AIRPORT, MI US","2019-11-26","5.82"," 0126","0.07",,"51","39","  110","  230","12.1","17.0",,,,
"USW00014822","DETROIT CITY AIRPORT, MI US","2019-11-27","18.79"," 1400","0.35",,"56","39","  240","  260","36.0","57.9",,,,
"USW00014822","DETROIT CITY AIRPORT, MI US","2019-11-28","10.07"," 0111","0.00",,"39","32","  290","  290","23.9","38.0",,,,
"USW00014822","DETROIT CITY AIRPORT, MI US","2019-11-29","5.37"," 1545","0.00",,"37","32","   30","   20","10.1","13.0",,,,
"USW00014822","DETROIT CITY AIRPORT, MI US","2019-11-30","12.08"," 2317","0.00",,"37","31","  100","   70","23.9","34.0","    1",,,
"USW00014822","DETROIT CITY AIRPORT, MI US","2019-12-01","9.40"," 0426","0.35",,"43","37","  110","  100","25.9","38.9","    1",,,
"USW00014822","DETROIT CITY AIRPORT, MI US","2019-12-02","10.29"," 1240","0.00",,"37","32","   10","  360","18.1","27.1","    1",,,"    1"
"USW00014822","DETROIT CITY AIRPORT, MI US","2019-12-03","10.29"," 1731","0.00",,"35","29","  230","  220","18.1","25.9","    1",,,
"USW00014822","DETROIT CITY AIRPORT, MI US","2019-12-04","9.62"," 1428","0.00",,"38","32","  290","  290","17.0","25.9","    1",,,"    1"
"USW00014822","DETROIT CITY AIRPORT, MI US","2019-12-05","6.93"," 1224","0.00",,"38","32","  310","  300","15.0","21.9",,,,
"USW00014822","DETROIT CITY AIRPORT, MI US","2019-12-06","9.62"," 1033","0.00",,"42","29","  320","  340","21.0","30.0",,,,
"USW00014822","DETROIT CITY AIRPORT, MI US","2019-12-07","4.25"," 1557","0.00",,"35","23","  170","  180","12.1","14.1",,,,
"USW00014822","DETROIT CITY AIRPORT, MI US","2019-12-08","10.74"," 1213","0.00",,"48","33","  230","  230","21.9","31.1",,,,
"USW00014822","DETROIT CITY AIRPORT, MI US","2019-12-09","13.20"," 2344","0.15",,"51","47","  260","  250","25.9","38.9","    1",,,
"USW00014822","DETROIT CITY AIRPORT, MI US","2019-12-10","11.41"," 0058","0.05",,"49","23","  280","  290","23.9","40.0","    1",,,
"USW00014822","DETROIT CITY AIRPORT, MI US","2019-12-11","11.18"," 1059","0.00",,"25","18","  270","  290","21.9","33.1",,,,
"USW00014822","DETROIT CITY AIRPORT, MI US","2019-12-12","7.38"," 1547","0.00",,"35","15","  180","  170","16.1","23.9",,,,
"USW00014822","DETROIT CITY AIRPORT, MI US","2019-12-13","5.37"," 0940","0.00",,"42","30","  200","  200","13.0","18.1",,,,
"USW00014822","DETROIT CITY AIRPORT, MI US","2019-12-14","6.26"," 2329","0.00",,"42","30","  290","  290","16.1","27.1",,,,
"USW00014822","DETROIT CITY AIRPORT, MI US","2019-12-15","8.05"," 0140","0.05",,"34","24","  290","  280","19.9","31.1","    1",,,
"USW00014822","DETROIT CITY AIRPORT, MI US","2019-12-16","3.13"," 1126","0.00",,"35","27","   60","  110","8.1","11.0",,,,
"USW00014822","DETROIT CITY AIRPORT, MI US","2019-12-17","8.72"," 2038","0.00",,"33","28","  250","  260","15.0","23.0",,,,
"USW00014822","DETROIT CITY AIRPORT, MI US","2019-12-18","11.18"," 1257","0.00",,"30","13","  280","  300","21.9","35.1",,,,
"USW00014822","DETROIT CITY AIRPORT, MI US","2019-12-19","7.16"," 1204","0.00",,"31","13","  190","  180","18.1","25.1",,,,
"USW00014822","DETROIT CITY AIRPORT, MI US","2019-12-20","5.14"," 1040","0.00",,"34","20","  110","  120","15.0","21.0",,,,
"USW00014822","DETROIT CITY AIRPORT, MI US","2019-12-21","6.71"," 1427","0.00",,"46","26","  220","  220","15.0","19.0",,,,
"USW00014822","DETROIT CITY AIRPORT, MI US","2019-12-22","9.62"," 1331","0.00",,"53","29","  220","  240","16.1","23.0",,,,
"USW00014822","DETROIT CITY AIRPORT, MI US","2019-12-23","8.50"," 1152","0.00",,"55","35","  240","  240","16.1","23.0",,,,
"USW00014822","DETROIT CITY AIRPORT, MI US","2019-12-24","5.59"," 0542","0.00",,"38","28","   80","   80","14.1","17.0",,,,
"USW00014822","DETROIT CITY AIRPORT, MI US","2019-12-25","4.92"," 0140","0.00",,"50","32","  200","  170","8.9","12.1",,,,
"USW00014822","DETROIT CITY AIRPORT, MI US","2019-12-26","6.93"," 2017","0.00",,"58","33","  210","  210","14.1","21.9",,,,
"USW00014822","DETROIT CITY AIRPORT, MI US","2019-12-27","9.62"," 0842","0.00",,"55","37","  270","  260","17.0","25.9",,,,
"USW00014822","DETROIT CITY AIRPORT, MI US","2019-12-28","4.03"," 2301","0.00",,"40","34","  100","  120","12.1","16.1",,,,
"USW00014822","DETROIT CITY AIRPORT, MI US","2019-12-29","8.72"," 0905","0.80",,"46","37","  110","  110","18.1","25.9",,,,
"USW00014822","DETROIT CITY AIRPORT, MI US","2019-12-30","19.01"," 0637","0.37",,"57","34","  230","  220","35.1","49.0",,,,
"USW00014822","DETROIT CITY AIRPORT, MI US","2019-12-31","16.11"," 0754","0.02",,"34","28","  220","  270","28.0","42.1",,,,
"USW00014822","DETROIT CITY AIRPORT, MI US","2020-01-01","11.63"," 2226","0.00",,"38","26","  220","  210","18.1","27.1","    1",,,
"USW00014822","DETROIT CITY AIRPORT, MI US","2020-01-02","12.30"," 1236","0.00",,"48","36","  240","  270","23.0","36.0",,,,
"USW00014822","DETROIT CITY AIRPORT, MI US","2020-01-03","5.82"," 0018","0.00",,"45","38","  220","  220","12.1","16.1",,,,
"USW00014822","DETROIT CITY AIRPORT, MI US","2020-01-04","6.93"," 1718","0.00",,"38","31","  340","  330","16.1","29.1",,,,
"USW00014822","DETROIT CITY AIRPORT, MI US","2020-01-05","11.63"," 2233","0.03",,"39","30","  270","  260","21.0","33.1",,,,
"USW00014822","DETROIT CITY AIRPORT, MI US","2020-01-06","12.30"," 1259","0.00",,"45","32","  260","  240","25.1","36.9",,,,
"USW00014822","DETROIT CITY AIRPORT, MI US","2020-01-07","9.84"," 2311","0.00",,"43","28","  280","  260","25.9","38.0",,,,
"USW00014822","DETROIT CITY AIRPORT, MI US","2020-01-08","9.17"," 0031","0.00",,"33","16","  270","  290","23.9","38.0",,,,
"USW00014822","DETROIT CITY AIRPORT, MI US","2020-01-09","11.63"," 2303","0.00",,"48","16","  210","  220","23.9","36.9",,,,
"USW00014822","DETROIT CITY AIRPORT, MI US","2020-01-10","9.40"," 0144","0.18",,"49","44","  230","  230","30.0","40.0",,,,
"USW00014822","DETROIT CITY AIRPORT, MI US","2020-01-11","13.20"," 1038","2.01",,"57","32","   10","   30","25.1","36.0",,,,
"USW00014822","DETROIT CITY AIRPORT, MI US","2020-01-12","7.38"," 0122","0.26",,"32","22","  360","  330","21.9","31.1","    1",,,
"USW00014822","DETROIT CITY AIRPORT, MI US","2020-01-13","4.92"," 1333","0.00",,"38","28","  260","  260","14.1","19.9",,,,
"USW00014822","DETROIT CITY AIRPORT, MI US","2020-01-14","8.28"," 1855","0.00",,"42","31","  260","  260","17.0","25.9",,,,
"USW00014822","DETROIT CITY AIRPORT, MI US","2020-01-15","5.82"," 2354","0.00",,"40","28","  300","  300","18.1","28.0",,,,
"USW00014822","DETROIT CITY AIRPORT, MI US","2020-01-16","13.42"," 1207","0.00",,"37","24","  300","  300","23.0","36.0",,,,
"USW00014822","DETROIT CITY AIRPORT, MI US","2020-01-17","8.05"," 0010","0.00",,"26","19","  340","  340","17.0","25.9",,,,
"USW00014822","DETROIT CITY AIRPORT, MI US","2020-01-18","15.21"," 1647","0.24",,"40","26","  270","  280","25.9","38.9","    1",,,
"USW00014822","DETROIT CITY AIRPORT, MI US","2020-01-19","11.41"," 0034","0.00",,"29","18","  270","  260","23.9","36.9",,,,
"USW00014822","DETROIT CITY AIRPORT, MI US","2020-01-20","5.82"," 0013","0.00",,"27","14","  350","  340","10.1","16.1",,,,
"USW00014822","DETROIT CITY AIRPORT, MI US","2020-01-21","7.61"," 1134","0.00",,"29","20","  230","  270","14.1","18.1",,,,
"USW00014822","DETROIT CITY AIRPORT, MI US","2020-01-22","9.62"," 1039","0.00",,"31","21","  210","  230","19.9","25.1",,,,
"USW00014822","DETROIT CITY AIRPORT, MI US","2020-01-23","4.70"," 1400","0.00",,"37","27","  120","  140","6.9","10.1",,,,
"USW00014822","DETROIT CITY AIRPORT, MI US","2020-01-24","9.40"," 1737","0.39",,"38","33","  110","  120","17.0","25.9",,,,
"USW00014822","DETROIT CITY AIRPORT, MI US","2020-01-25","8.50"," 1153","0.07",,"38","34","  230","  230","15.0","21.9",,,,
"USW00014822","DETROIT CITY AIRPORT, MI US","2020-01-26","10.74"," 1505","0.00",,"37","34","  250","  250","19.9","27.1",,,,
"USW00014822","DETROIT CITY AIRPORT, MI US","2020-01-27","6.49"," 0411","0.00",,"36","34","  320","  350","13.0","19.9",,,,
"USW00014822","DETROIT CITY AIRPORT, MI US","2020-01-28","4.92"," 1518","0.00",,"36","30","  320","  320","13.0","18.1",,,,
"USW00014822","DETROIT CITY AIRPORT, MI US","2020-01-29","4.70"," 0928","0.00",,"32","29","   30","   40","13.0","15.0",,,,
"USW00014822","DETROIT CITY AIRPORT, MI US","2020-01-30","4.92"," 0018","0.00",,"34","29","  120","   80","8.9","13.0",,,,
"USW00014822","DETROIT CITY AIRPORT, MI US","2020-01-31","2.91"," 1513","0.00",,"33","26","  250","  250","6.9","10.1",,,,
"USW00014822","DETROIT CITY AIRPORT, MI US","2020-02-01","6.71"," 1406","0.04",,"35","23","  190","  190","16.1","19.9",,,,
"USW00014822","DETROIT CITY AIRPORT, MI US","2020-02-02","12.53"," 1611","0.00",,"53","33","  290","  310","23.0","36.9",,,,
"USW00014822","DETROIT CITY AIRPORT, MI US","2020-02-03","5.82"," 1625","0.00",,"48","32","  100","  100","12.1","14.1",,,,
"USW00014822","DETROIT CITY AIRPORT, MI US","2020-02-04","10.07"," 0946","0.00",,"37","31","   30","   20","19.9","28.0",,,,
"USW00014822","DETROIT CITY AIRPORT, MI US","2020-02-05","10.51"," 0107","0.02",,"31","22","   10","   10","18.1","25.1",,,,
"USW00014822","DETROIT CITY AIRPORT, MI US","2020-02-06","9.84"," 0241","0.04",,"29","24","   30","   40","16.1","23.0",,,,
"USW00014822","DETROIT CITY AIRPORT, MI US","2020-02-07","9.40"," 1241","0.01",,"34","27","  350","  340","18.1","30.0",,,,
"USW00014822","DETROIT CITY AIRPORT, MI US","2020-02-08","4.92"," 2042","0.01",,"28","22","   50","  110","10.1","16.1",,,,
"USW00014822","DETROIT CITY AIRPORT, MI US","2020-02-09","8.50"," 1336","0.04",,"35","22","  210","  210","21.0","27.1",,,,
"USW00014822","DETROIT CITY AIRPORT, MI US","2020-02-10","5.59"," 0038","0.00",,"37","33","   20","  220","14.1","18.1","    1",,,
"USW00014822","DETROIT CITY AIRPORT, MI US","2020-02-11","9.17"," 1842","0.00",,"40","28","  290","  280","19.9","32.0",,,,
"USW00014822","DETROIT CITY AIRPORT, MI US","2020-02-12","7.61"," 1255","0.02",,"35","25","  210","  180","16.1","19.9",,,,
"USW00014822","DETROIT CITY AIRPORT, MI US","2020-02-13","7.61"," 1248","0.03",,"33","15","  360","   20","17.0","23.9",,,,
"USW00014822","DETROIT CITY AIRPORT, MI US","2020-02-14","8.05"," 0001","0.00",,"20","4","  220","  310","16.1","19.9",,,,
"USW00014822","DETROIT CITY AIRPORT, MI US","2020-02-15","14.99"," 1712","0.00",,"34","14","  210","  210","28.0","38.9",,,,
"USW00014822","DETROIT CITY AIRPORT, MI US","2020-02-16","7.61"," 0006","0.00",,"43","31","  250","  250","16.1","25.1",,,,
"USW00014822","DETROIT CITY AIRPORT, MI US","2020-02-17","9.62"," 2125","0.00",,"33","22","   80","   90","17.0","23.9","    1",,,
"USW00014822","DETROIT CITY AIRPORT, MI US","2020-02-18","12.08"," 1032","0.01",,"41","29","  280","  290","23.0","35.1",,,,
"USW00014822","DETROIT CITY AIRPORT, MI US","2020-02-19","8.95"," 0640","0.00",,"31","21","  320","  320","17.0","30.0",,,,
"USW00014822","DETROIT CITY AIRPORT, MI US","2020-02-20","7.38"," 1410","0.00",,"26","16","  360","  300","15.0","25.1",,,,
"USW00014822","DETROIT CITY AIRPORT, MI US","2020-02-21","12.30"," 2329","0.00",,"36","15","  230","  230","23.0","36.0",,,,
"USW00014822","DETROIT CITY AIRPORT, MI US","2020-02-22","12.75"," 0027","0.00",,"47","25","  240","  250","19.9","29.1",,,,
"USW00014822","DETROIT CITY AIRPORT, MI US","2020-02-23","10.96"," 1527","0.00",,"51","30","  190","  190","21.0","28.0",,,,
"USW00014822","DETROIT CITY AIRPORT, MI US","2020-02-24","6.26"," 1921","0.03",,"49","34","   60","   40","12.1","17.0",,,,
"USW00014822","DETROIT CITY AIRPORT, MI US","2020-02-25","12.30"," 1827","0.04",,"40","32","   30","   40","23.0","30.0",,,,
"USW00014822","DETROIT CITY AIRPORT, MI US","2020-02-26","12.75"," 1737","0.11",,"32","24","  360","  360","21.0","35.1",,,,
"USW00014822","DETROIT CITY AIRPORT, MI US","2020-02-27","15.21"," 1352","0.00",,"27","20","  270","  250","29.1","49.0",,,,
"USW00014822","DETROIT CITY AIRPORT, MI US","2020-02-28","14.54"," 1034","0.00",,"29","20","  270","  290","21.9","34.0",,,,
"USW00014822","DETROIT CITY AIRPORT, MI US","2020-02-29","9.17"," 0140","0.00",,"34","20","  300","  300","16.1","25.9",,,,
"USW00014822","DETROIT CITY AIRPORT, MI US","2020-03-01","10.29"," 1421","0.00",,"45","21","  190","  200","21.0","28.0",,,,
"USW00014822","DETROIT CITY AIRPORT, MI US","2020-03-02","9.84"," 0440","0.14",,"53","43","  240","  240","21.9","33.1",,,,
"USW00014822","DETROIT CITY AIRPORT, MI US","2020-03-03","8.05"," 2043","0.00",,"50","30","  290","  300","23.0","40.9",,,,
"USW00014822","DETROIT CITY AIRPORT, MI US","2020-03-04","8.28"," 1331","0.00",,"47","33","  280","  270","18.1","25.9",,,,
"USW00014822","DETROIT CITY AIRPORT, MI US","2020-03-05","7.61"," 1408","0.01",,"48","24","  210","  220","19.9","30.0",,,,
"USW00014822","DETROIT CITY AIRPORT, MI US","2020-03-06","13.42"," 1652","0.02",,"38","29","  350","  350","25.9","40.9",,,,
"USW00014822","DETROIT CITY AIRPORT, MI US","2020-03-07","7.83"," 0000","0.00",,"44","23","  360","  360","17.0","21.0",,,,
"USW00014822","DETROIT CITY AIRPORT, MI US","2020-03-08","12.97"," 2059","0.00",,"60","34","  210","  220","21.0","31.1",,,,
"USW00014822","DETROIT CITY AIRPORT, MI US","2020-03-09","14.32"," 2024","0.04",,"63","47","  220","  220","23.9","33.1",,,,
"USW00014822","DETROIT CITY AIRPORT, MI US","2020-03-10","11.18"," 0853","0.06",,"54","32","  320","  340","21.9","33.1",,,,
"USW00014822","DETROIT CITY AIRPORT, MI US","2020-03-11","5.59"," 1302","0.00",,"47","31","  210","  190","13.0","19.9",,,,
"USW00014822","DETROIT CITY AIRPORT, MI US","2020-03-12","6.49"," 1628","0.02",,"51","38","  170","  170","17.0","21.9",,,,
"USW00014822","DETROIT CITY AIRPORT, MI US","2020-03-13","15.66"," 0406","0.00",,"49","37","  270","  280","29.1","44.1",,,,
"USW00014822","DETROIT CITY AIRPORT, MI US","2020-03-14","5.82"," 2344","0.00",,"37","30","   20","   10","14.1","19.0",,,,
"USW00014822","DETROIT CITY AIRPORT, MI US","2020-03-15","9.62"," 1235","0.00",,"44","28","   70","   80","17.0","21.9",,,,
"USW00014822","DETROIT CITY AIRPORT, MI US","2020-03-16","5.14"," 1658","0.00",,"47","25","  220","  200","10.1","18.1",,,,
"USW00014822","DETROIT CITY AIRPORT, MI US","2020-03-17","8.50"," 1257","0.00",,"52","38","  270","  240","16.1","23.9",,,,
"USW00014822","DETROIT CITY AIRPORT, MI US","2020-03-18","6.93"," 1333","0.29",,"48","32","  170","  190","15.0","19.9",,,,
"USW00014822","DETROIT CITY AIRPORT, MI US","2020-03-19","6.93"," 2317","0.16",,"56","39","  210","  210","19.9","28.0",,,,
"USW00014822","DETROIT CITY AIRPORT, MI US","2020-03-20","16.78"," 0954","0.00",,"66","30","  270","  280","28.0","40.9",,,,
"USW00014822","DETROIT CITY AIRPORT, MI US","2020-03-21","9.62"," 0437","0.00",,"36","23","   10","   20","21.0","30.0",,,,
"USW00014822","DETROIT CITY AIRPORT, MI US","2020-03-22","8.28"," 0952","0.04",,"39","20","   80","  100","17.0","25.1",,,,
"USW00014822","DETROIT CITY AIRPORT, MI US","2020-03-23","6.26"," 0116","0.05",,"42","32","  110","  110","13.0","16.1","    1",,,
"USW00014822","DETROIT CITY AIRPORT, MI US","2020-03-24","5.82"," 1651","0.00",,"42","35","  130","  120","13.0","17.0",,,,
"USW00014822","DETROIT CITY AIRPORT, MI US","2020-03-25","5.59"," 1608","0.00",,"55","31","  180","  210","12.1","16.1",,,,
"USW00014822","DETROIT CITY AIRPORT, MI US","2020-03-26","7.61"," 0906","0.05",,"58","39","  240","  240","17.0","23.9",,,,
"USW00014822","DETROIT CITY AIRPORT, MI US","2020-03-27","7.38"," 0844","0.03",,"45","35","   20","   40","13.0","17.0",,,,
"USW00014822","DETROIT CITY AIRPORT, MI US","2020-03-28","9.17"," 2357","1.30",,"63","40","  110","  110","17.0","23.9",,,,
"USW00014822","DETROIT CITY AIRPORT, MI US","2020-03-29","17.90"," 1403","0.19",,"64","44","  240","  240","38.9","53.0",,,,
"USW00014822","DETROIT CITY AIRPORT, MI US","2020-03-30","10.96"," 0337","0.00",,"48","41","  270","  250","21.0","33.1",,,,
"USW00014822","DETROIT CITY AIRPORT, MI US","2020-03-31","7.38"," 2019","0.00",,"47","39","   20","   20","15.0","19.0",,,,
"USW00014822","DETROIT CITY AIRPORT, MI US","2020-04-01","6.49"," 1114","0.00",,"52","41","   10","  340","14.1","19.0",,,,
"USW00014822","DETROIT CITY AIRPORT, MI US","2020-04-02","5.82"," 1126","0.00",,"61","37","   10","  350","14.1","19.9",,,,
"USW00014822","DETROIT CITY AIRPORT, MI US","2020-04-03","5.82"," 1158","0.00",,"60","31","  120","  350","15.0","19.0",,,,
"USW00014822","DETROIT CITY AIRPORT, MI US","2020-04-04","4.25"," 1940","0.00",,"59","34","  350","  340","12.1","16.1",,,,
"USW00014822","DETROIT CITY AIRPORT, MI US","2020-04-05","6.93"," 0132","0.00",,"51","37","  360","  350","15.0","19.0",,,,
"USW00014822","DETROIT CITY AIRPORT, MI US","2020-04-06","3.80"," 1307","0.00",,"57","30","  160","  170","12.1","16.1",,,,
"USW00014822","DETROIT CITY AIRPORT, MI US","2020-04-07","4.70"," 2051","0.44",,"60","43","  360","  360","19.9","31.1",,,,
"USW00014822","DETROIT CITY AIRPORT, MI US","2020-04-08","7.61"," 2132","0.23",,"71","48","  330","  350","18.1","32.0",,,,
"USW00014822","DETROIT CITY AIRPORT, MI US","2020-04-09","12.75"," 1259","0.03",,"51","36","  280","  280","25.1","40.9",,,,
"USW00014822","DETROIT CITY AIRPORT, MI US","2020-04-10","13.20"," 1003","0.00",,"46","34","  330","  340","23.9","38.9",,,,
"USW00014822","DETROIT CITY AIRPORT, MI US","2020-04-11","8.28"," 1526","0.00",,"57","32","  240","  210","18.1","25.9",,,,
"USW00014822","DETROIT CITY AIRPORT, MI US","2020-04-12","8.95"," 0205","0.16",,"61","46","  170","  260","17.0","29.1",,,,
"USW00014822","DETROIT CITY AIRPORT, MI US","2020-04-13","14.32"," 1151","0.08",,"55","36","  270","  290","30.0","50.1","    1",,,
"USW00014822","DETROIT CITY AIRPORT, MI US","2020-04-14","10.74"," 1651","0.00",,"43","30","  280","  300","21.9","32.0",,,,
"USW00014822","DETROIT CITY AIRPORT, MI US","2020-04-15","6.49"," 1826","0.03",,"39","29","  310","  310","15.0","21.9",,,,
"USW00014822","DETROIT CITY AIRPORT, MI US","2020-04-16","8.72"," 1234","0.00",,"42","26","  260","  250","21.0","33.1",,,,
"USW00014822","DETROIT CITY AIRPORT, MI US","2020-04-17","4.92"," 0738","0.13",,"38","32","  120","  200","12.1","16.1",,,,
"USW00014822","DETROIT CITY AIRPORT, MI US","2020-04-18","12.30"," 1547","0.00",,"54","31","  240","  240","23.9","35.1",,,,
"USW00014822","DETROIT CITY AIRPORT, MI US","2020-04-19","12.75"," 0521","0.00",,"64","33","   50","  230","21.0","29.1",,,,
"USW00014822","DETROIT CITY AIRPORT, MI US","2020-04-20","10.29"," 2337","0.02",,"56","29","  290","  280","28.0","42.9",,,,
"USW00014822","DETROIT CITY AIRPORT, MI US","2020-04-21","13.87"," 1340","0.06",,"48","33","  300","  290","25.1","40.0",,,,
"USW00014822","DETROIT CITY AIRPORT, MI US","2020-04-22","5.37"," 1330","0.11",,"39","27","  240","  220","14.1","19.0",,,,
"USW00014822","DETROIT CITY AIRPORT, MI US","2020-04-23","9.40"," 0651","0.05",,"42","35","   80","  120","17.0","23.0",,,,
"USW00014822","DETROIT CITY AIRPORT, MI US","2020-04-24","6.71"," 0548","0.00",,"57","39","   70","   10","12.1","15.0",,,,
"USW00014822","DETROIT CITY AIRPORT, MI US","2020-04-25","8.28"," 2150","0.00",,"55","35","   30","   30","16.1","23.9",,,,
"USW00014822","DETROIT CITY AIRPORT, MI US","2020-04-26","14.54"," 1710","0.00",,"62","44","   20","   10","25.9","40.0",,,,
"USW00014822","DETROIT CITY AIRPORT, MI US","2020-04-27","6.93"," 1227","0.00",,"62","37","  190","  190","16.1","25.9",,,,
"USW00014822","DETROIT CITY AIRPORT, MI US","2020-04-28","8.95"," 2058","0.06",,"67","49","  130","  110","18.1","27.1",,,,
"USW00014822","DETROIT CITY AIRPORT, MI US","2020-04-29","11.41"," 1643","0.21",,"68","52","  180","  170","25.1","38.0",,,,
"USW00014822","DETROIT CITY AIRPORT, MI US","2020-04-30","8.95"," 2117","0.10",,"55","46","   10","   10","17.0","23.9",,,,
"USW00014822","DETROIT CITY AIRPORT, MI US","2020-05-01","8.28"," 0839","0.00",,"65","45","  360","  360","17.0","23.0",,,,
"USW00014822","DETROIT CITY AIRPORT, MI US","2020-05-02","11.18"," 1653","0.00",,"79","53","  260","  250","23.0","35.1",,,,
"USW00014822","DETROIT CITY AIRPORT, MI US","2020-05-03","9.62"," 1846","0.00",,"75","46","   20","  310","19.9","30.0",,,,
"USW00014822","DETROIT CITY AIRPORT, MI US","2020-05-04","7.83"," 1022","0.00",,"56","41","   10","  360","15.0","23.0",,,,
"USW00014822","DETROIT CITY AIRPORT, MI US","2020-05-05","9.40"," 1311","0.00",,"52","37","   10","   30","18.1","25.1",,,,
"USW00014822","DETROIT CITY AIRPORT, MI US","2020-05-06","8.50"," 1223","0.00",,"61","38","   20","  360","19.9","28.0",,,,
"USW00014822","DETROIT CITY AIRPORT, MI US","2020-05-07","9.17"," 1207","0.00",,"67","39","  280","  280","25.9","40.0",,,,
"USW00014822","DETROIT CITY AIRPORT, MI US","2020-05-08","9.17"," 1407","0.00",,"45","31","   10","  360","23.0","44.1",,,,
"USW00014822","DETROIT CITY AIRPORT, MI US","2020-05-09","10.74"," 1813","0.00",,"51","30","  280","  270","21.9","36.9",,,,
"USW00014822","DETROIT CITY AIRPORT, MI US","2020-05-10","11.18"," 1528","0.40",,"61","35","  220","  200","25.1","34.0",,,,
"USW00014822","DETROIT CITY AIRPORT, MI US","2020-05-11","8.95"," 0549","0.01",,"47","36","  320","  310","16.1","23.0",,,,
"USW00014822","DETROIT CITY AIRPORT, MI US","2020-05-12","7.38"," 1042","0.00",,"59","33","  270","  270","21.0","32.0",,,,
"USW00014822","DETROIT CITY AIRPORT, MI US","2020-05-13","6.04"," 1759","0.00",,"56","32","  120","  110","14.1","19.9",,,,
"USW00014822","DETROIT CITY AIRPORT, MI US","2020-05-14","5.37"," 0912","0.86",,"63","45","  190","  200","15.0","18.1",,,,
"USW00014822","DETROIT CITY AIRPORT, MI US","2020-05-15","6.49"," 1006","0.69",,"72","56","  260","  260","17.0","29.1",,,,
"USW00014822","DETROIT CITY AIRPORT, MI US","2020-05-16","8.28"," 1326","0.00",,"69","50","   60","   80","15.0","19.9",,,,
"USW00014822","DETROIT CITY AIRPORT, MI US","2020-05-17","9.84"," 1710","0.19",,"61","51","   70","   90","17.0","25.9","    1",,,
"USW00014822","DETROIT CITY AIRPORT, MI US","2020-05-18","14.09"," 0218","0.70",,"58","55","  100","   70","21.0","35.1",,,,
"USW00014822","DETROIT CITY AIRPORT, MI US","2020-05-19","12.08"," 0758","0.08",,"70","55","   90","   90","21.0","33.1",,,,
"USW00014822","DETROIT CITY AIRPORT, MI US","2020-05-20","10.29"," 1126","0.00",,"64","51","  110","  130","21.0","27.1",,,,
"USW00014822","DETROIT CITY AIRPORT, MI US","2020-05-21","5.82"," 0717","0.00",,"70","51","  110","  130","13.0","18.1",,,,
"USW00014822","DETROIT CITY AIRPORT, MI US","2020-05-22","4.03"," 1453","0.06",,"66","59","  110","  100","8.9","13.0",,,,
"USW00014822","DETROIT CITY AIRPORT, MI US","2020-05-23","4.70"," 1116","0.00",,"72","59","  120","  140","12.1","16.1",,,,
"USW00014822","DETROIT CITY AIRPORT, MI US","2020-05-24","8.50"," 1545","0.10",,"85","58","  190","  200","21.9","29.1",,,,
"USW00014822","DETROIT CITY AIRPORT, MI US","2020-05-25","5.82"," 2056","0.00",,"86","67","  160","  150","14.1","21.0",,,,
"USW00014822","DETROIT CITY AIRPORT, MI US","2020-05-26","4.25"," 1707","0.00",,"88","67","  160","  160","14.1","19.0",,,,
"USW00014822","DETROIT CITY AIRPORT, MI US","2020-05-27","6.04"," 1527","0.00",,"82","67","  160","  170","15.0","19.9",,,,
"USW00014822","DETROIT CITY AIRPORT, MI US","2020-05-28","9.84"," 2027","0.18",,"79","67","  240","  240","21.0","31.1",,,,
"USW00014822","DETROIT CITY AIRPORT, MI US","2020-05-29","7.38"," 1052","0.07",,"75","60","  320","  350","19.9","31.1",,,"    1",
"USW00014822","DETROIT CITY AIRPORT, MI US","2020-05-30","8.95"," 1014","0.00",,"70","51","  310","  320","19.9","32.0",,,,
"USW00014822","DETROIT CITY AIRPORT, MI US","2020-05-31","6.26"," 1025","0.00",,"63","45","   20","   30","14.1","19.9",,,,
"USW00014822","DETROIT CITY AIRPORT, MI US","2020-06-01","8.72"," 1353","0.15",,"74","48","  220","  200","17.0","23.9",,,,
"USW00014822","DETROIT CITY AIRPORT, MI US","2020-06-02","9.62"," 1502","0.00",,"90","59","  250","  230","19.9","29.1",,,,
"USW00014822","DETROIT CITY AIRPORT, MI US","2020-06-03","10.29"," 0224","0.00",,"86","70","  320","  310","25.9","47.0",,,,
"USW00014822","DETROIT CITY AIRPORT, MI US","2020-06-04","4.92"," 1508","0.00",,"85","61","  200","  190","14.1","19.0",,,,
"USW00014822","DETROIT CITY AIRPORT, MI US","2020-06-05","5.82"," 0949","0.00",,"90","65","  210","  250","16.1","21.9",,,,
"USW00014822","DETROIT CITY AIRPORT, MI US","2020-06-06","7.61"," 1748","0.00",,"83","59","   60","   60","19.9","27.1",,,,
"USW00014822","DETROIT CITY AIRPORT, MI US","2020-06-07","6.49"," 1355","0.00",,"74","54","   50","  110","13.0","18.1",,,,
"USW00014822","DETROIT CITY AIRPORT, MI US","2020-06-08","4.03"," 1127","0.00",,"80","53","  130","  150","8.9","14.1",,,,
"USW00014822","DETROIT CITY AIRPORT, MI US","2020-06-09","6.93"," 2252","0.00",,"89","59","  210","  210","21.0","31.1",,,,
"USW00014822","DETROIT CITY AIRPORT, MI US","2020-06-10","16.78"," 1612","0.69",,"92","69","  180","  190","29.1","46.1",,,,
"USW00014822","DETROIT CITY AIRPORT, MI US","2020-06-11","13.20"," 0051","0.01",,"78","61","  240","  250","28.0","42.1",,,,
"USW00014822","DETROIT CITY AIRPORT, MI US","2020-06-12","7.61"," 1432","0.00",,"74","54","   70","  310","15.0","23.0",,,,
"USW00014822","DETROIT CITY AIRPORT, MI US","2020-06-13","9.62"," 1536","0.00",,"66","48","   80","   80","16.1","23.9",,,,
"USW00014822","DETROIT CITY AIRPORT, MI US","2020-06-14","9.17"," 1242","0.00",,"70","47","   40","   50","17.0","23.9",,,,
"USW00014822","DETROIT CITY AIRPORT, MI US","2020-06-15","7.61"," 1443","0.00",,"75","51","  100","  100","17.0","25.1",,,,
"USW00014822","DETROIT CITY AIRPORT, MI US","2020-06-16","5.37"," 1605","0.00",,"80","57","   60","   50","13.0","17.0",,,,
"USW00014822","DETROIT CITY AIRPORT, MI US","2020-06-17","4.03"," 1639","0.00",,"82","57","  110","   80","12.1","18.1",,,,
"USW00014822","DETROIT CITY AIRPORT, MI US","2020-06-18","5.37"," 1533","0.00",,"85","60","  120","  160","13.0","19.0",,,,
"USW00014822","DETROIT CITY AIRPORT, MI US","2020-06-19","3.80"," 1443","0.00",,"87","65","  120","  120","14.1","19.0",,,,
"USW00014822","DETROIT CITY AIRPORT, MI US","2020-06-20","5.82"," 1717","0.00",,"89","66","  160","  160","14.1","23.0",,,,
"USW00014822","DETROIT CITY AIRPORT, MI US","2020-06-21","7.61"," 0207","0.00",,"85","72","  180","  180","17.0","23.9",,,,
"USW00014822","DETROIT CITY AIRPORT, MI US","2020-06-22","4.70"," 1345","0.02",,"83","71","  120","  140","12.1","17.0",,,,
"USW00014822","DETROIT CITY AIRPORT, MI US","2020-06-23","9.40"," 1412","1.01",,"80","63","  260","  260","23.9","40.0",,,,
"USW00014822","DETROIT CITY AIRPORT, MI US","2020-06-24","8.50"," 0845","0.00",,"76","60","  270","  310","16.1","25.1",,,,
"USW00014822","DETROIT CITY AIRPORT, MI US","2020-06-25","6.71"," 1245","0.00",,"82","59","  240","  240","17.0","23.9",,,,
"USW00014822","DETROIT CITY AIRPORT, MI US","2020-06-26","7.38"," 1520","1.61",,"85","60","  240","  260","21.9","31.1",,,,
"USW00014822","DETROIT CITY AIRPORT, MI US","2020-06-27","8.05"," 1857","0.67",,"86","67","  250","  320","17.0","25.1",,,,
"USW00014822","DETROIT CITY AIRPORT, MI US","2020-06-28","4.47"," 1956","0.00",,"85","62","  100","   60","12.1","15.0",,,,
"USW00014822","DETROIT CITY AIRPORT, MI US","2020-06-29","4.47"," 1707","0.00",,"84","63","  100","   80","12.1","16.1",,,,
"USW00014822","DETROIT CITY AIRPORT, MI US","2020-06-30","5.82"," 1824","0.00",,"87","65","  110","  130","14.1","17.0",,,,
"USW00014822","DETROIT CITY AIRPORT, MI US","2020-07-01","4.47"," 1650","0.00",,"87","68","   80","   70","14.1","18.1",,,,
"USW00014822","DETROIT CITY AIRPORT, MI US","2020-07-02","4.70"," 1219","0.00",,"89","69","  130","  120","12.1","17.0",,,,
"USW00014822","DETROIT CITY AIRPORT, MI US","2020-07-03","6.04"," 1139","0.00",,"93","73","   60","  310","14.1","21.0",,,,
"USW00014822","DETROIT CITY AIRPORT, MI US","2020-07-04","6.71"," 1146","0.00",,"88","70","   80","  100","14.1","21.9",,,,
"USW00014822","DETROIT CITY AIRPORT, MI US","2020-07-05","4.47"," 1429","0.00",,"89","63","  100","  110","12.1","17.0",,,,
"USW00014822","DETROIT CITY AIRPORT, MI US","2020-07-06","4.47"," 1645","0.00",,"92","70","  230","  250","16.1","23.9",,,,
"USW00014822","DETROIT CITY AIRPORT, MI US","2020-07-07","5.14"," 1857","1.45",,"95","71","   70","   70","21.0","31.1",,,,
"USW00014822","DETROIT CITY AIRPORT, MI US","2020-07-08","3.80"," 1342","0.04",,"91","72","  260","  270","21.9","36.0",,,,
"USW00014822","DETROIT CITY AIRPORT, MI US","2020-07-09","4.92"," 2257","0.00",,"92","72","  170","  270","14.1","21.0",,,,
"USW00014822","DETROIT CITY AIRPORT, MI US","2020-07-10","6.26"," 1211","1.49",,"90","70","  260","  260","25.1","36.9",,,,
"USW00014822","DETROIT CITY AIRPORT, MI US","2020-07-11","9.62"," 1511","0.02",,"88","68","  320","  310","18.1","29.1",,,,
"USW00014822","DETROIT CITY AIRPORT, MI US","2020-07-12","6.71"," 1654","0.00",,"84","67","  320","  310","15.0","21.9",,,,
"USW00014822","DETROIT CITY AIRPORT, MI US","2020-07-13","4.25"," 1102","0.00",,"81","63","  350","  360","14.1","17.0",,,,
"USW00014822","DETROIT CITY AIRPORT, MI US","2020-07-14","3.80"," 1710","0.00",,"85","63","  110","  110","15.0","19.0",,,,
"USW00014822","DETROIT CITY AIRPORT, MI US","2020-07-15","7.38"," 1454","0.00",,"88","69","  180","  180","18.1","23.0",,,,
"USW00014822","DETROIT CITY AIRPORT, MI US","2020-07-16","4.92"," 0427","0.73",,"79","71","  280","  280","15.0","21.9",,,,
"USW00014822","DETROIT CITY AIRPORT, MI US","2020-07-17","6.04"," 1401","0.00",,"88","68","  230","  240","13.0","19.0",,,,
"USW00014822","DETROIT CITY AIRPORT, MI US","2020-07-18","8.72"," 1412","0.00",,"91","72","  220","  230","19.9","25.9",,,,
"USW00014822","DETROIT CITY AIRPORT, MI US","2020-07-19","10.96"," 1338","0.59",,"84","72","  240","  240","25.1","38.0",,,,
"USW00014822","DETROIT CITY AIRPORT, MI US","2020-07-20","7.61"," 1219","0.00",,"86","70","  260","  290","15.0","23.0",,,,
"USW00014822","DETROIT CITY AIRPORT, MI US","2020-07-21","5.82"," 1905","0.00",,"82","67","   80","   70","13.0","15.0",,,,
"USW00014822","DETROIT CITY AIRPORT, MI US","2020-07-22","9.17"," 1416","0.01",,"85","72","  240","  230","19.9","25.9",,,,
"USW00014822","DETROIT CITY AIRPORT, MI US","2020-07-23","6.49"," 1821","0.00",,"84","66","   70","   60","14.1","21.0",,,,
"USW00014822","DETROIT CITY AIRPORT, MI US","2020-07-24","5.37"," 1523","0.00",,"83","63","  120","  120","12.1","18.1",,,,
"USW00014822","DETROIT CITY AIRPORT, MI US","2020-07-25","3.80"," 1725","0.00",,"89","66","  200","  210","13.0","17.0",,,,
"USW00014822","DETROIT CITY AIRPORT, MI US","2020-07-26","8.50"," 2356","0.00",,"92","70","  230","  230","17.0","25.1",,,,
"USW00014822","DETROIT CITY AIRPORT, MI US","2020-07-27","9.84"," 1320","0.00",,"88","74","  280","  300","16.1","23.9",,,,
"USW00014822","DETROIT CITY AIRPORT, MI US","2020-07-28","8.50"," 1603","0.00",,"87","67","  270","  280","18.1","28.0",,,,
"USW00014822","DETROIT CITY AIRPORT, MI US","2020-07-29","7.83"," 1338","0.40",,"87","71","  230","  230","18.1","27.1",,,,
"USW00014822","DETROIT CITY AIRPORT, MI US","2020-07-30","5.59"," 1747","0.00",,"81","68","   70","   70","14.1","19.0",,,,
"USW00014822","DETROIT CITY AIRPORT, MI US","2020-07-31","7.83"," 0851","0.00",,"83","64","   70","  340","13.0","21.0",,,,
"USW00014822","DETROIT CITY AIRPORT, MI US","2020-08-01","5.82"," 1257","0.20",,"80","66","  150","  160","13.0","18.1",,,,
"USW00014822","DETROIT CITY AIRPORT, MI US","2020-08-02","6.71"," 1244","1.30",,"74","65","  270","  310","17.0","27.1",,,,
"USW00014822","DETROIT CITY AIRPORT, MI US","2020-08-03","6.49"," 1306","0.39",,"81","63","  250","  210","15.0","21.0",,,,
"USW00014822","DETROIT CITY AIRPORT, MI US","2020-08-04","8.50"," 1613","0.00",,"74","63","  360","  350","18.1","28.0",,,,
"USW00014822","DETROIT CITY AIRPORT, MI US","2020-08-05","3.58"," 1608","0.00",,"76","59","  270","  250","13.0","18.1",,,,
"USW00014822","DETROIT CITY AIRPORT, MI US","2020-08-06","4.25"," 1158","0.00",,"77","60","  110","  110","16.1","23.0",,,,
"USW00014822","DETROIT CITY AIRPORT, MI US","2020-08-07","4.47"," 1527","0.00",,"80","61","   80","  120","13.0","16.1",,,,
"USW00014822","DETROIT CITY AIRPORT, MI US","2020-08-08","5.59"," 1421","0.00",,"84","61","  220","  230","15.0","21.0",,,,
"USW00014822","DETROIT CITY AIRPORT, MI US","2020-08-09","8.05"," 1558","0.00",,"88","69","  220","  230","16.1","21.9",,,,
"USW00014822","DETROIT CITY AIRPORT, MI US","2020-08-10","10.29"," 1546","0.00",,"88","75","  190","  230","18.1","29.1",,,,
"USW00014822","DETROIT CITY AIRPORT, MI US","2020-08-11","6.93"," 0316","0.00",,"87","70","  240","  250","17.0","23.0",,,,
"USW00014822","DETROIT CITY AIRPORT, MI US","2020-08-12","2.91"," 1457","0.00",,"84","63","  130","  130","12.1","16.1",,,,
"USW00014822","DETROIT CITY AIRPORT, MI US","2020-08-13","5.59"," 1238","0.00",,"86","63","   80","   80","15.0","19.9",,,,
"USW00014822","DETROIT CITY AIRPORT, MI US","2020-08-14","8.72"," 1601","0.17",,"81","68","   80","   80","17.0","25.9","    1",,,
"USW00014822","DETROIT CITY AIRPORT, MI US","2020-08-15","6.71"," 2340","0.00",,"85","68","  170","  170","13.0","19.0",,,,
"USW00014822","DETROIT CITY AIRPORT, MI US","2020-08-16","6.71"," 0523","0.53",,"83","67","  200","  220","16.1","23.9",,,,
"USW00014822","DETROIT CITY AIRPORT, MI US","2020-08-17","5.59"," 1425","0.00",,"83","64","   10","  290","14.1","19.9",,,,
"USW00014822","DETROIT CITY AIRPORT, MI US","2020-08-18","6.93"," 1115","0.00",,"78","62","  350","  360","15.0","23.0",,,,
"USW00014822","DETROIT CITY AIRPORT, MI US","2020-08-19","4.03"," 1108","0.00",,"76","58","   30","   40","12.1","18.1",,,,
"USW00014822","DETROIT CITY AIRPORT, MI US","2020-08-20","6.26"," 1457","0.00",,"80","59","  200","  210","15.0","21.0",,,,
"USW00014822","DETROIT CITY AIRPORT, MI US","2020-08-21","5.59"," 1438","0.00",,"89","64","  190","  230","15.0","21.0",,,,
"USW00014822","DETROIT CITY AIRPORT, MI US","2020-08-22","3.80"," 1154","0.00",,"89","66","  190","  240","13.0","17.0",,,,
"USW00014822","DETROIT CITY AIRPORT, MI US","2020-08-23","4.70"," 1507","0.00",,"89","69","  210","  220","13.0","18.1",,,,
"USW00014822","DETROIT CITY AIRPORT, MI US","2020-08-24","7.38"," 1243","0.00",,"90","70","  240","  220","17.0","23.0",,,,
"USW00014822","DETROIT CITY AIRPORT, MI US","2020-08-25","6.26"," 1521","0.00",,"88","70","  360","  350","15.0","23.0",,,,
"USW00014822","DETROIT CITY AIRPORT, MI US","2020-08-26","6.71"," 1253","0.44",,"84","67","  230","  220","16.1","21.0",,,,
"USW00014822","DETROIT CITY AIRPORT, MI US","2020-08-27","10.29"," 1420","0.06",,"93","73","  320","  300","21.9","34.0",,,,
"USW00014822","DETROIT CITY AIRPORT, MI US","2020-08-28","8.05"," 0516","2.19",,"79","68","   30","   30","21.0","30.0",,,,
"USW00014822","DETROIT CITY AIRPORT, MI US","2020-08-29","10.74"," 0055","0.44",,"80","65","  260","  290","21.9","33.1",,,,
"USW00014822","DETROIT CITY AIRPORT, MI US","2020-08-30","4.92"," 0056","0.00",,"75","58","  310","  320","13.0","18.1",,,,
"USW00014822","DETROIT CITY AIRPORT, MI US","2020-08-31","6.26"," 1043","0.00",,"79","60","  160","  170","14.1","19.9",,,,
"USW00014822","DETROIT CITY AIRPORT, MI US","2020-09-01","5.14"," 1932","0.56",,"84","65","  270","  270","21.9","21.9",,,,
"USW00014822","DETROIT CITY AIRPORT, MI US","2020-09-02","8.50"," 1643","0.00",,"82","64","  280","  290","17.0","25.9",,,,
"USW00014822","DETROIT CITY AIRPORT, MI US","2020-09-03","9.62"," 1545","0.00",,"85","62","  230","  230","25.1","38.0",,,,
"USW00014822","DETROIT CITY AIRPORT, MI US","2020-09-04","7.61"," 1335","0.00",,"75","57","  280","  270","18.1","25.9",,,,
"USW00014822","DETROIT CITY AIRPORT, MI US","2020-09-05","5.82"," 1746","0.00",,"75","57","   30","   30","17.0","23.0",,,,
"USW00014822","DETROIT CITY AIRPORT, MI US","2020-09-06","8.28"," 2250","0.02",,"74","53","  210","  200","25.9","40.0",,,,
"USW00014822","DETROIT CITY AIRPORT, MI US","2020-09-07","10.07"," 0130","0.94",,"83","66","  210","  200","25.9","38.9",,,,
"USW00014822","DETROIT CITY AIRPORT, MI US","2020-09-08","8.95"," 0430","1.12",,"67","57","   20","   10","21.0","29.1",,,,
"USW00014822","DETROIT CITY AIRPORT, MI US","2020-09-09","5.14"," 0055","0.00",,"70","59","   30","  330","12.1","16.1",,,,
"USW00014822","DETROIT CITY AIRPORT, MI US","2020-09-10","7.38"," 0722","0.00",,"66","57","   30","   10","14.1","19.0",,,,
"USW00014822","DETROIT CITY AIRPORT, MI US","2020-09-11","7.83"," 0853","0.00",,"66","55","   60","   60","16.1","23.9",,,,
"USW00014822","DETROIT CITY AIRPORT, MI US","2020-09-12","5.59"," 1650","0.00",,"78","56","  140","  170","13.0","19.0",,,,
"USW00014822","DETROIT CITY AIRPORT, MI US","2020-09-13","9.17"," 1426","0.12",,"77","63","  280","  280","17.0","25.9",,,,
"USW00014822","DETROIT CITY AIRPORT, MI US","2020-09-14","5.82"," 1023","0.00",,"68","53","  340","   10","10.1","15.0",,,,
"USW00014822","DETROIT CITY AIRPORT, MI US","2020-09-15","5.14"," 1114","0.00",,"69","48","  190","  190","14.1","19.9",,,,
"USW00014822","DETROIT CITY AIRPORT, MI US","2020-09-16","8.50"," 2242","0.00",,"76","56","   10","   10","19.9","25.1",,,,
"USW00014822","DETROIT CITY AIRPORT, MI US","2020-09-17","10.51"," 0415","0.00",,"70","51","   40","   30","17.0","23.9",,,,
"USW00014822","DETROIT CITY AIRPORT, MI US","2020-09-18","10.29"," 1530","0.00",,"62","46","  360","   10","19.9","31.1",,,,
"USW00014822","DETROIT CITY AIRPORT, MI US","2020-09-19","3.36"," 1103","0.00",,"63","39","  130","  130","10.1","14.1",,,,
"USW00014822","DETROIT CITY AIRPORT, MI US","2020-09-20","6.49"," 1515","0.00",,"66","44","   80","  120","17.0","23.9",,,,
"USW00014822","DETROIT CITY AIRPORT, MI US","2020-09-21","3.80"," 1507","0.00",,"70","46","  150","  140","15.0","19.0",,,,
"USW00014822","DETROIT CITY AIRPORT, MI US","2020-09-22","3.13"," 1713","0.00",,"76","47","  200","  210","12.1","14.1",,,,
"USW00014822","DETROIT CITY AIRPORT, MI US","2020-09-23","5.14"," 1303","0.00",,"81","54","  290","  270","13.0","19.0",,,,
"USW00014822","DETROIT CITY AIRPORT, MI US","2020-09-24","5.59"," 1453","0.00",,"78","60","  220","  220","15.0","21.0",,,,
"USW00014822","DETROIT CITY AIRPORT, MI US","2020-09-25","3.80"," 1605","0.00",,"80","55","  150","  140","13.0","17.0",,,,
"USW00014822","DETROIT CITY AIRPORT, MI US","2020-09-26","9.84"," 1718","0.00",,"80","58","  200","  180","19.9","31.1",,,,
"USW00014822","DETROIT CITY AIRPORT, MI US","2020-09-27","9.40"," 0152","0.00",,"79","63","  200","  230","17.0","29.1",,,,
"USW00014822","DETROIT CITY AIRPORT, MI US","2020-09-28","4.47"," 1359","0.14",,"70","54","  280","  280","16.1","23.0","    1",,,
"USW00014822","DETROIT CITY AIRPORT, MI US","2020-09-29","7.61"," 1436","0.00",,"63","51","  230","  230","15.0","19.9",,,,
"USW00014822","DETROIT CITY AIRPORT, MI US","2020-09-30","11.41"," 1141","0.23",,"64","50","  230","  190","25.1","38.0",,,,
"USW00014822","DETROIT CITY AIRPORT, MI US","2020-10-01","7.61"," 1428","0.16",,"63","46","  280","  290","21.0","29.1",,,,
"USW00014822","DETROIT CITY AIRPORT, MI US","2020-10-02","7.61"," 1058","0.00",,"56","41","  300","  310","16.1","25.9",,,,
"USW00014822","DETROIT CITY AIRPORT, MI US","2020-10-03","4.92"," 1032","0.00",,"58","42","  270","  270","14.1","19.0",,,,
"USW00014822","DETROIT CITY AIRPORT, MI US","2020-10-04","5.59"," 1145","0.10",,"56","45","  350","  250","10.1","15.0",,,,
"USW00014822","DETROIT CITY AIRPORT, MI US","2020-10-05","6.49"," 2141","0.00",,"58","42","  180","  200","13.0","18.1",,,,
"USW00014822","DETROIT CITY AIRPORT, MI US","2020-10-06","11.41"," 1459","0.00",,"70","50","  240","  260","19.9","28.0",,,,
"USW00014822","DETROIT CITY AIRPORT, MI US","2020-10-07","12.08"," 1218","0.00",,"73","52","  300","  300","25.1","42.9",,,,
"USW00014822","DETROIT CITY AIRPORT, MI US","2020-10-08","3.80"," 1359","0.00",,"71","43","  260","  260","17.0","27.1",,,,
"USW00014822","DETROIT CITY AIRPORT, MI US","2020-10-09","8.28"," 1958","0.00",,"76","43","  200","  210","21.0","34.0",,,,
"USW00014822","DETROIT CITY AIRPORT, MI US","2020-10-10","12.08"," 0811","0.00",,"76","55","   60","  240","23.0","30.0",,,,
"USW00014822","DETROIT CITY AIRPORT, MI US","2020-10-11","9.62"," 1412","0.00",,"63","52","   90","   70","16.1","21.9",,,,
"USW00014822","DETROIT CITY AIRPORT, MI US","2020-10-12","9.62"," 2037","0.25",,"74","53","  310","  280","18.1","29.1",,,,
"USW00014822","DETROIT CITY AIRPORT, MI US","2020-10-13","8.72"," 0001","0.00",,"67","46","  320","  330","18.1","31.1",,,,
"USW00014822","DETROIT CITY AIRPORT, MI US","2020-10-14","10.29"," 2210","0.00",,"66","44","  210","  180","28.0","45.0",,,,
"USW00014822","DETROIT CITY AIRPORT, MI US","2020-10-15","11.18"," 0005","0.03",,"66","46","  220","  210","21.0","31.1",,,,
"USW00014822","DETROIT CITY AIRPORT, MI US","2020-10-16","8.50"," 1453","0.00",,"56","35","  230","  230","21.0","29.1",,,,
"USW00014822","DETROIT CITY AIRPORT, MI US","2020-10-17","8.95"," 2101","0.00",,"57","38","  190","  180","21.9","34.0",,,,
"USW00014822","DETROIT CITY AIRPORT, MI US","2020-10-18","10.51"," 1231","0.14",,"57","45","  190","  200","21.9","29.1",,,,
"USW00014822","DETROIT CITY AIRPORT, MI US","2020-10-19","5.37"," 2241","0.14",,"47","42","   10","   20","13.0","17.0",,,,
"USW00014822","DETROIT CITY AIRPORT, MI US","2020-10-20","7.61"," 2358","0.04",,"54","42","  150","  160","14.1","23.0",,,,
"USW00014822","DETROIT CITY AIRPORT, MI US","2020-10-21","8.28"," 0302","0.19",,"62","48","  200","  220","21.9","35.1",,,,
"USW00014822","DETROIT CITY AIRPORT, MI US","2020-10-22","4.47"," 1158","0.29",,"60","48","  120","  110","13.0","16.1",,,,
"USW00014822","DETROIT CITY AIRPORT, MI US","2020-10-23","10.96"," 1535","0.15",,"78","47","  260","  260","28.0","45.0","    1",,,"    1"
"USW00014822","DETROIT CITY AIRPORT, MI US","2020-10-24","6.71"," 0236","0.00",,"50","39","  360","  330","18.1","27.1",,,,
"USW00014822","DETROIT CITY AIRPORT, MI US","2020-10-25","7.61"," 0917","0.00",,"47","34","   70","   60","14.1","19.0",,,,
"USW00014822","DETROIT CITY AIRPORT, MI US","2020-10-26","5.37"," 1440","0.00",,"49","42","  340","  350","12.1","16.1","    1",,,"    1"
"USW00014822","DETROIT CITY AIRPORT, MI US","2020-10-27","2.91"," 1257","0.12",,"42","38","  300","  280","8.1","11.0",,,,
"USW00014822","DETROIT CITY AIRPORT, MI US","2020-10-28","8.50"," 0921","0.00",,"54","40","  230","  260","17.0","23.9",,,,
"USW00014822","DETROIT CITY AIRPORT, MI US","2020-10-29","9.62"," 1825","0.00",,"53","41","   30","   30","23.9","35.1",,,,
"USW00014822","DETROIT CITY AIRPORT, MI US","2020-10-30","8.72"," 1114","0.00",,"41","36","  360","  300","17.0","25.9",,,,
"USW00014822","DETROIT CITY AIRPORT, MI US","2020-10-31","8.28"," 2108","0.00",,"49","28","  190","  180","19.9","33.1",,,,
"USW00014822","DETROIT CITY AIRPORT, MI US","2020-11-01","16.55"," 1220","0.05",,"51","34","  290","  270","25.1","44.1",,,,
"USW00014822","DETROIT CITY AIRPORT, MI US","2020-11-02","12.97"," 0015","0.00",,"48","30","  330","  330","23.9","36.0",,,,
"USW00014822","DETROIT CITY AIRPORT, MI US","2020-11-03","7.83"," 1550","0.00",,"58","37","  210","  200","15.0","19.0",,,,
"USW00014822","DETROIT CITY AIRPORT, MI US","2020-11-04","12.08"," 1826","0.00",,"69","47","  210","  200","18.1","27.1",,,,
"USW00014822","DETROIT CITY AIRPORT, MI US","2020-11-05","9.84"," 0956","0.00",,"64","53","  230","  230","16.1","23.0",,,,
"USW00014822","DETROIT CITY AIRPORT, MI US","2020-11-06","8.28"," 1400","0.00",,"69","48","  210","  200","14.1","18.1",,,,
"USW00014822","DETROIT CITY AIRPORT, MI US","2020-11-07","7.38"," 1442","0.00",,"71","48","  210","  210","16.1","25.1",,,,
"USW00014822","DETROIT CITY AIRPORT, MI US","2020-11-08","3.36"," 1547","0.00",,"72","43","  170","  170","12.1","15.0",,,,
"USW00014822","DETROIT CITY AIRPORT, MI US","2020-11-09","5.82"," 2326","0.00",,"75","48","  180","  180","13.0","17.0",,,,
"USW00014822","DETROIT CITY AIRPORT, MI US","2020-11-10","12.75"," 2229","0.20",,"76","60","  200","  180","29.1","44.1",,,,
"USW00014822","DETROIT CITY AIRPORT, MI US","2020-11-11","10.07"," 0022","0.03",,"65","37","  240","  190","21.9","31.1",,,,
"USW00014822","DETROIT CITY AIRPORT, MI US","2020-11-12","2.01"," 1319","0.00",,"49","31","  130","  160","10.1","13.0",,,,
"USW00014822","DETROIT CITY AIRPORT, MI US","2020-11-13","7.38"," 1157","0.00",,"49","35","  280","  290","17.0","25.9",,,,
"USW00014822","DETROIT CITY AIRPORT, MI US","2020-11-14","6.04"," 2334","0.03",,"47","26","  170","  180","17.0","25.1",,,,
"USW00014822","DETROIT CITY AIRPORT, MI US","2020-11-15","19.69"," 1259","0.51",,"55","40","  230","  230","40.0","57.9",,,,
"USW00014822","DETROIT CITY AIRPORT, MI US","2020-11-16","12.30"," 0337","0.04",,"46","34","  270","  240","23.9","45.0",,,,
"USW00014822","DETROIT CITY AIRPORT, MI US","2020-11-17","10.29"," 0910","0.02",,"36","31","  310","  330","21.9","35.1",,,,
"USW00014822","DETROIT CITY AIRPORT, MI US","2020-11-18","8.95"," 2149","0.00",,"42","26","  200","  200","19.9","27.1",,,,
"USW00014822","DETROIT CITY AIRPORT, MI US","2020-11-19","17.45"," 1444","0.00",,"65","40","  220","  230","32.0","44.1",,,,
"USW00014822","DETROIT CITY AIRPORT, MI US","2020-11-20","13.20"," 1234","0.00",,"67","45","  240","  260","21.9","32.0",,,,
"USW00014822","DETROIT CITY AIRPORT, MI US","2020-11-21","4.92"," 0703","0.00",,"47","37","   20","   10","12.1","16.1",,,,
"USW00014822","DETROIT CITY AIRPORT, MI US","2020-11-22","8.05"," 0534","0.37",,"40","33","  120","  120","15.0","21.9",,,,
"USW00014822","DETROIT CITY AIRPORT, MI US","2020-11-23","7.83"," 1129","0.00",,"45","31","  330","  320","16.1","25.1","    1",,,
"USW00014822","DETROIT CITY AIRPORT, MI US","2020-11-24","5.14"," 1608","0.12",,"41","25","  160","  160","14.1","23.0","    1",,,
"USW00014822","DETROIT CITY AIRPORT, MI US","2020-11-25","5.82"," 1643","0.31",,"50","40","  200","  140","12.1","16.1",,,,
"USW00014822","DETROIT CITY AIRPORT, MI US","2020-11-26","8.50"," 0827","0.21",,"51","46","  270","  270","16.1","21.9",,,,
"USW00014822","DETROIT CITY AIRPORT, MI US","2020-11-27","9.17"," 2339","0.00",,"46","40","  290","  290","17.0","25.1",,,,
"USW00014822","DETROIT CITY AIRPORT, MI US","2020-11-28","8.95"," 2124","0.00",,"46","31","  230","  230","15.0","25.1",,,,
"USW00014822","DETROIT CITY AIRPORT, MI US","2020-11-29","8.95"," 0929","0.00",,"50","34","  230","  230","16.1","21.9",,,,
"USW00014822","DETROIT CITY AIRPORT, MI US","2020-11-30","12.97"," 1328","0.19",,"44","30","  340","   10","21.9","35.1",,,,
"USW00014822","DETROIT CITY AIRPORT, MI US","2020-12-01","11.41"," 0403","0.03",,"36","26","  330","  320","19.9","34.0",,,,
"USW00014822","DETROIT CITY AIRPORT, MI US","2020-12-02","10.29"," 0147","0.00",,"45","31","  270","  290","15.0","23.9",,,,
"USW00014822","DETROIT CITY AIRPORT, MI US","2020-12-03","12.75"," 1906","0.00",,"46","31","  220","  210","21.0","29.1",,,,
"USW00014822","DETROIT CITY AIRPORT, MI US","2020-12-04","10.29"," 0020","0.00",,"46","38","  230","  240","21.0","28.0",,,,
"USW00014822","DETROIT CITY AIRPORT, MI US","2020-12-05","7.83"," 1033","0.00",,"39","27","  350","   10","14.1","19.9",,,,
"USW00014822","DETROIT CITY AIRPORT, MI US","2020-12-06","3.80"," 1120","0.00",,"34","27","  360","  340","8.1","11.0",,,,
"USW00014822","DETROIT CITY AIRPORT, MI US","2020-12-07","6.26"," 1537","0.00",,"36","26","  340","  330","14.1","19.9",,,,
"USW00014822","DETROIT CITY AIRPORT, MI US","2020-12-08","8.28"," 2346","0.00",,"38","24","  230","  210","23.0","30.0",,,,
"USW00014822","DETROIT CITY AIRPORT, MI US","2020-12-09","7.38"," 0423","0.00",,"42","35","  240","  250","19.9","27.1",,,,
"USW00014822","DETROIT CITY AIRPORT, MI US","2020-12-10","3.80"," 1246","0.00",,"48","27","  220","  210","13.0","18.1",,,,
"USW00014822","DETROIT CITY AIRPORT, MI US","2020-12-11","6.04"," 2009","0.00",,"51","33","   50","   50","14.1","19.9",,,,
"USW00014822","DETROIT CITY AIRPORT, MI US","2020-12-12","12.30"," 1911","0.48",,"56","36","  240","  230","30.0","40.9",,,,
"USW00014822","DETROIT CITY AIRPORT, MI US","2020-12-13","6.04"," 0430","0.00",,"36","32","  300","  290","13.0","17.0",,,,
"USW00014822","DETROIT CITY AIRPORT, MI US","2020-12-14","10.07"," 1239","0.00",,"37","26","  290","  330","21.9","34.0",,,,
"USW00014822","DETROIT CITY AIRPORT, MI US","2020-12-15","6.26"," 2301","0.00",,"30","21","   70","   80","14.1","19.0",,,,
"USW00014822","DETROIT CITY AIRPORT, MI US","2020-12-16","12.30"," 0547","0.06",,"30","26","   70","   80","21.9","31.1",,,,
"USW00014822","DETROIT CITY AIRPORT, MI US","2020-12-17","4.70"," 0031","0.01",,"32","26","   20","   20","13.0","17.0",,,,
"USW00014822","DETROIT CITY AIRPORT, MI US","2020-12-18","5.59"," 2259","0.00",,"34","26","  180","  180","10.1","14.1",,,,
"USW00014822","DETROIT CITY AIRPORT, MI US","2020-12-19","10.51"," 0847","0.02",,"37","30","  190","  170","15.0","21.9",,,,
"USW00014822","DETROIT CITY AIRPORT, MI US","2020-12-20","9.40"," 1255","0.00",,"41","32","  230","  240","21.9","29.1",,,,
"USW00014822","DETROIT CITY AIRPORT, MI US","2020-12-21","8.05"," 1145","0.06",,"40","34","  240","  260","14.1","19.0",,,,
"USW00014822","DETROIT CITY AIRPORT, MI US","2020-12-22","8.05"," 1339","0.00",,"40","35","  290","  290","16.1","23.9",,,,
"USW00014822","DETROIT CITY AIRPORT, MI US","2020-12-23","15.88"," 1858","0.03",,"50","37","  190","  190","28.0","42.9",,,,
"USW00014822","DETROIT CITY AIRPORT, MI US","2020-12-24","14.54"," 0144","0.01",,"49","22","  200","  210","30.0","45.0",,,,
"USW00014822","DETROIT CITY AIRPORT, MI US","2020-12-25","10.74"," 2055","0.04",,"25","20","  280","  290","23.0","32.0",,,,
"USW00014822","DETROIT CITY AIRPORT, MI US","2020-12-26","11.18"," 0143","0.00",,"28","20","  240","  250","21.0","29.1",,,,
"USW00014822","DETROIT CITY AIRPORT, MI US","2020-12-27","8.95"," 2347","0.01",,"42","24","  210","  210","21.9","35.1",,,,
"USW00014822","DETROIT CITY AIRPORT, MI US","2020-12-28","11.63"," 0331","0.01",,"45","26","  260","  270","28.0","42.1",,,,
"USW00014822","DETROIT CITY AIRPORT, MI US","2020-12-29","6.26"," 2357","0.01",,"31","23","  160","  150","14.1","21.0",,,,
"USW00014822","DETROIT CITY AIRPORT, MI US","2020-12-30","13.42"," 2120","0.10",,"44","28","  250","  300","23.0","34.0",,,,
"USW00014822","DETROIT CITY AIRPORT, MI US","2020-12-31","6.04"," 0120","0.00",,"35","23","  290","  290","16.1","25.1",,,,
"USW00014822","DETROIT CITY AIRPORT, MI US","2021-01-01","9.17"," 1717","0.22",,"33","21","   90","   90","21.0","31.1",,,,
"USW00014822","DETROIT CITY AIRPORT, MI US","2021-01-02","4.03"," 0014","0.05",,"37","32","  110","   20","10.1","14.1",,,,
"USW00014822","DETROIT CITY AIRPORT, MI US","2021-01-03","3.58"," 0416","0.17",,"35","33","  100","   80","10.1","16.1",,,,
"USW00014822","DETROIT CITY AIRPORT, MI US","2021-01-04","6.49"," 1832","0.00",,"35","32","  210","  200","12.1","17.0",,,,
"USW00014822","DETROIT CITY AIRPORT, MI US","2021-01-05","3.80"," 0001","0.00",,"35","31","  230","  230","13.0","17.0",,,,
"USW00014822","DETROIT CITY AIRPORT, MI US","2021-01-06","4.70"," 1039","0.00",,"38","34","   30","  320","8.9","13.0",,,,
"USW00014822","DETROIT CITY AIRPORT, MI US","2021-01-07","7.83"," 1517","0.00",,"37","29","   10","  360","16.1","23.0",,,,
"USW00014822","DETROIT CITY AIRPORT, MI US","2021-01-08","10.74"," 1455","0.00",,"33","27","   10","   10","17.0","23.9",,,,
"USW00014822","DETROIT CITY AIRPORT, MI US","2021-01-09","3.80"," 1119","0.00",,"43","24","   40","   40","10.1","13.0",,,,
"USW00014822","DETROIT CITY AIRPORT, MI US","2021-01-10","2.24"," 2325","0.00",,"36","20","  240","  240","8.9","12.1",,,,
"USW00014822","DETROIT CITY AIRPORT, MI US","2021-01-11","9.40"," 1310","0.00",,"31","26","  240","  230","18.1","25.1",,,,
"USW00014822","DETROIT CITY AIRPORT, MI US","2021-01-12","9.17"," 1034","0.00",,"33","26","  230","  230","16.1","23.0",,,,
"USW00014822","DETROIT CITY AIRPORT, MI US","2021-01-13","10.96"," 1628","0.00",,"46","31","  230","  220","18.1","23.9",,,,
"USW00014822","DETROIT CITY AIRPORT, MI US","2021-01-14","6.93"," 1017","0.00",,"44","36","  220","  190","13.0","17.0",,,,
"USW00014822","DETROIT CITY AIRPORT, MI US","2021-01-15","7.38"," 1628","0.08",,"40","30","  220","  220","14.1","19.0",,,,
"USW00014822","DETROIT CITY AIRPORT, MI US","2021-01-16","7.38"," 1702","0.00",,"34","28","  250","  290","14.1","19.9",,,,
"USW00014822","DETROIT CITY AIRPORT, MI US","2021-01-17","6.26"," 1417","0.07",,"38","33","  250","  260","12.1","16.1",,,,
"USW00014822","DETROIT CITY AIRPORT, MI US","2021-01-18","8.05"," 2058","0.01",,"35","30","  260","  240","16.1","21.9",,,,
"USW00014822","DETROIT CITY AIRPORT, MI US","2021-01-19","10.51"," 1429","0.00",,"34","28","  250","  250","18.1","27.1",,,,
"USW00014822","DETROIT CITY AIRPORT, MI US","2021-01-20","11.41"," 2220","0.01",,"28","17","  210","  220","21.9","31.1",,,,
"USW00014822","DETROIT CITY AIRPORT, MI US","2021-01-21","14.54"," 1819","0.00",,"42","28","  250","  270","23.0","36.0",,,,
"USW00014822","DETROIT CITY AIRPORT, MI US","2021-01-22","10.96"," 0438","0.00",,"37","18","  310","  310","18.1","28.0",,,,
"USW00014822","DETROIT CITY AIRPORT, MI US","2021-01-23","5.82"," 0040","0.00",,"29","17","  310","  310","14.1","19.9",,,,
"USW00014822","DETROIT CITY AIRPORT, MI US","2021-01-24","5.59"," 1115","0.03",,"29","19","  150","  150","14.1","19.0",,,,
"USW00014822","DETROIT CITY AIRPORT, MI US","2021-01-25","6.71"," 2051","0.00",,"31","20","   60","   50","14.1","21.0",,,,
"USW00014822","DETROIT CITY AIRPORT, MI US","2021-01-26","11.18"," 0321","0.11",,"33","27","  350","   60","17.0","25.1",,,,
"USW00014822","DETROIT CITY AIRPORT, MI US","2021-01-27","8.50"," 0008","0.00",,"29","18","  350","  340","16.1","23.0",,,,
"USW00014822","DETROIT CITY AIRPORT, MI US","2021-01-28","9.40"," 0901","0.00",,"22","17","  320","  320","16.1","23.9",,,,
"USW00014822","DETROIT CITY AIRPORT, MI US","2021-01-29","5.14"," 1046","0.00",,"28","13","  320","  310","12.1","17.0",,,,
"USW00014822","DETROIT CITY AIRPORT, MI US","2021-01-30","6.04"," 2152","0.00",,"28","10","   80","   80","16.1","23.0",,,,
"USW00014822","DETROIT CITY AIRPORT, MI US","2021-01-31","14.99"," 1132","0.00",,"31","26","   50","   50","21.9","31.1",,,,
"USW00014822","DETROIT CITY AIRPORT, MI US","2021-02-01","12.75"," 1942","0.00",,"32","25","   10","   20","21.9","30.0",,,,
"USW00014822","DETROIT CITY AIRPORT, MI US","2021-02-02","11.41"," 1656","0.00",,"34","23","  350","  350","21.0","29.1",,,,
"USW00014822","DETROIT CITY AIRPORT, MI US","2021-02-03","6.71"," 0031","0.00",,"39","19","  340","  320","14.1","21.0",,,,
"USW00014822","DETROIT CITY AIRPORT, MI US","2021-02-04","9.17"," 2212","0.12",,"34","19","  170","  170","23.0","36.9",,,,
"USW00014822","DETROIT CITY AIRPORT, MI US","2021-02-05","19.69"," 0157","0.00",,"35","15","  240","  210","30.0","44.1",,,,
"USW00014822","DETROIT CITY AIRPORT, MI US","2021-02-06","12.53"," 1241","0.00",,"20","13","  230","  250","21.0","27.1",,,,
"USW00014822","DETROIT CITY AIRPORT, MI US","2021-02-07","8.05"," 1440","0.00",,"17","9","  280","  310","17.0","23.0",,,,
"USW00014822","DETROIT CITY AIRPORT, MI US","2021-02-08","4.25"," 1039","0.01",,"17","8","  180","  220","10.1","14.1",,,,
"USW00014822","DETROIT CITY AIRPORT, MI US","2021-02-09","4.03"," 2018","0.00",,"24","13","  290","  290","10.1","15.0",,,,
"USW00014822","DETROIT CITY AIRPORT, MI US","2021-02-10","1.57"," 0111","0.00",,"20","7","  200","  290","8.1","11.0",,,,
"USW00014822","DETROIT CITY AIRPORT, MI US","2021-02-11","8.28"," 0335","0.00",,"25","11","   20","  350","15.0","21.0",,,,
"USW00014822","DETROIT CITY AIRPORT, MI US","2021-02-12","7.83"," 0120","0.00",,"26","15","   60","   40","15.0","21.9",,,,
"USW00014822","DETROIT CITY AIRPORT, MI US","2021-02-13","8.28"," 0930","0.01",,"22","16","   70","   70","14.1","19.9",,,,
"USW00014822","DETROIT CITY AIRPORT, MI US","2021-02-14","4.92"," 1934","0.00",,"26","6","  360","  350","14.1","18.1",,,,
"USW00014822","DETROIT CITY AIRPORT, MI US","2021-02-15","12.30"," 2229","0.12",,"19","12","   40","   40","25.9","38.0",,,,
"USW00014822","DETROIT CITY AIRPORT, MI US","2021-02-16","10.29"," 0002","0.04",,"21","7","  360","   40","21.9","36.0",,,,
"USW00014822","DETROIT CITY AIRPORT, MI US","2021-02-17","2.68"," 1459","0.00",,"61","0","  150","  130","8.9","12.1",,,,
"USW00014822","DETROIT CITY AIRPORT, MI US","2021-02-18","8.05"," 1437","0.01",,"28","16","   50","   20","14.1","19.0",,,,
"USW00014822","DETROIT CITY AIRPORT, MI US","2021-02-19","6.71"," 2249","0.00",,"28","20","  290","  290","13.0","19.9",,,,
"USW00014822","DETROIT CITY AIRPORT, MI US","2021-02-20","8.50"," 0355","0.00",,"32","17","  240","  270","15.0","19.9",,,,
"USW00014822","DETROIT CITY AIRPORT, MI US","2021-02-21","7.61"," 2237","0.00",,"34","9","  160","  150","21.0","28.0",,,,
"USW00014822","DETROIT CITY AIRPORT, MI US","2021-02-22","15.21"," 1510","0.03",,"39","31","  260","  280","23.9","35.1",,,,
"USW00014822","DETROIT CITY AIRPORT, MI US","2021-02-23","12.08"," 0224","0.00",,"49","35","  290","  220","21.0","30.0",,,,
"USW00014822","DETROIT CITY AIRPORT, MI US","2021-02-24","11.41"," 1639","0.00",,"55","34","  280","  270","23.9","36.9",,,,
"USW00014822","DETROIT CITY AIRPORT, MI US","2021-02-25","5.82"," 2008","0.00",,"43","25","  250","  280","14.1","19.9",,,,
"USW00014822","DETROIT CITY AIRPORT, MI US","2021-02-26","6.49"," 1014","0.00",,"42","22","  120","  180","14.1","19.9",,,,
"USW00014822","DETROIT CITY AIRPORT, MI US","2021-02-27","7.61"," 1407","0.09",,"54","34","  250","  290","16.1","23.0","    1",,,"    1"
"USW00014822","DETROIT CITY AIRPORT, MI US","2021-02-28","9.17"," 2232","0.02",,"59","34","  300","  300","23.0","34.0","    1",,,"    1"
"USW00014822","DETROIT CITY AIRPORT, MI US","2021-03-01","13.65"," 1150","0.00",,"43","22","  290","  310","23.9","38.9",,,,
"USW00014822","DETROIT CITY AIRPORT, MI US","2021-03-02","9.62"," 1337","0.00",,"40","17","  240","  170","21.9","30.0",,,,
"USW00014822","DETROIT CITY AIRPORT, MI US","2021-03-03","9.40"," 0019","0.00",,"57","32","  240","  240","19.9","30.0",,,,
"USW00014822","DETROIT CITY AIRPORT, MI US","2021-03-04","9.62"," 1052","0.00",,"37","24","   20","  360","19.9","32.0",,,,
"USW00014822","DETROIT CITY AIRPORT, MI US","2021-03-05","8.72"," 1703","0.00",,"41","22","  310","  330","18.1","30.0",,,,
"USW00014822","DETROIT CITY AIRPORT, MI US","2021-03-06","8.05"," 0018","0.00",,"41","26","  360","  340","17.0","28.0",,,,
"USW00014822","DETROIT CITY AIRPORT, MI US","2021-03-07","4.92"," 1536","0.00",,"42","22","  120","  280","8.9","14.1",,,,
"USW00014822","DETROIT CITY AIRPORT, MI US","2021-03-08","10.07"," 1602","0.00",,"66","29","  240","  230","25.1","38.0",,,,
"USW00014822","DETROIT CITY AIRPORT, MI US","2021-03-09","6.04"," 1600","0.00",,"56","35","  110","  110","14.1","17.0",,,,
"USW00014822","DETROIT CITY AIRPORT, MI US","2021-03-10","13.87"," 1441","0.00",,"70","35","  210","  190","29.1","42.1",,,,
"USW00014822","DETROIT CITY AIRPORT, MI US","2021-03-11","16.78"," 1242","0.00",,"72","46","  240","  230","35.1","51.0",,,,
"USW00014822","DETROIT CITY AIRPORT, MI US","2021-03-12","10.29"," 1411","0.00",,"58","33","  270","  260","29.1","42.9",,,,
"USW00014822","DETROIT CITY AIRPORT, MI US","2021-03-13","7.61"," 1418","0.00",,"53","23","  280","  260","15.0","23.9",,,,
"USW00014822","DETROIT CITY AIRPORT, MI US","2021-03-14","10.74"," 1304","0.00",,"49","28","   40","   40","23.0","33.1",,,,
"USW00014822","DETROIT CITY AIRPORT, MI US","2021-03-15","13.20"," 1215","0.00",,"37","24","   90","   70","21.9","35.1",,,,
"USW00014822","DETROIT CITY AIRPORT, MI US","2021-03-16","7.38"," 0323","0.00",,"55","33","   80","   80","16.1","21.0",,,,
"USW00014822","DETROIT CITY AIRPORT, MI US","2021-03-17","5.37"," 1948","0.00",,"57","30","   60","   60","18.1","25.9",,,,
"USW00014822","DETROIT CITY AIRPORT, MI US","2021-03-18","17.45"," 1247","0.01",,"44","33","   20","   30","25.9","40.0",,,,
"USW00014822","DETROIT CITY AIRPORT, MI US","2021-03-19","9.62"," 0048","0.00",,"48","29","   70","   30","19.9","30.0",,,,
"USW00014822","DETROIT CITY AIRPORT, MI US","2021-03-20","3.80"," 1342","0.00",,"55","25","  150","  150","12.1","21.9",,,,
"USW00014822","DETROIT CITY AIRPORT, MI US","2021-03-21","4.25"," 1707","0.00",,"64","27","  180","  180","16.1","23.0",,,,
"USW00014822","DETROIT CITY AIRPORT, MI US","2021-03-22","6.93"," 1501","0.00",,"71","34","  180","  190","23.0","33.1",,,,
"USW00014822","DETROIT CITY AIRPORT, MI US","2021-03-23","6.71"," 1613","0.00",,"69","41","  110","  160","17.0","23.9",,,,
"USW00014822","DETROIT CITY AIRPORT, MI US","2021-03-24","13.65"," 1612","0.01",,"73","50","  210","  220","29.1","40.0",,,,
"USW00014822","DETROIT CITY AIRPORT, MI US","2021-03-25","8.95"," 2251","0.19",,"67","45","   40","   50","19.9","32.0",,,,
"USW00014822","DETROIT CITY AIRPORT, MI US","2021-03-26","9.62"," 0838","1.05",,"58","41","  320","  330","23.9","36.0",,,,
"USW00014822","DETROIT CITY AIRPORT, MI US","2021-03-27","6.71"," 1259","0.24",,"58","40","  120","  140","14.1","21.9",,,,
"USW00014822","DETROIT CITY AIRPORT, MI US","2021-03-28","12.97"," 1136","0.45",,"54","38","  270","  270","25.9","40.0",,,,
"USW00014822","DETROIT CITY AIRPORT, MI US","2021-03-29","9.40"," 0246","0.00",,"50","30","  320","  330","18.1","30.0",,,,
"USW00014822","DETROIT CITY AIRPORT, MI US","2021-03-30","15.88"," 1541","0.00",,"71","45","  190","  210","31.1","45.0",,,,
"USW00014822","DETROIT CITY AIRPORT, MI US","2021-03-31","11.63"," 0352","0.04",,"60","33","  340","  300","18.1","31.1",,,,
"USW00014822","DETROIT CITY AIRPORT, MI US","2021-04-01","11.41"," 1123","0.01",,"35","27","  350","  340","21.9","35.1",,,,
"USW00014822","DETROIT CITY AIRPORT, MI US","2021-04-02","5.14"," 1205","0.00",,"48","25","  360","  350","12.1","16.1",,,,
"USW00014822","DETROIT CITY AIRPORT, MI US","2021-04-03","10.51"," 1618","0.00",,"65","33","  240","  240","25.1","35.1",,,,
"USW00014822","DETROIT CITY AIRPORT, MI US","2021-04-04","3.58"," 1300","0.00",,"65","38","  120","  110","12.1","14.1",,,,
"USW00014822","DETROIT CITY AIRPORT, MI US","2021-04-05","5.82"," 1032","0.03",,"57","44","  140","  320","14.1","19.0",,,,
"USW00014822","DETROIT CITY AIRPORT, MI US","2021-04-06","5.82"," 1402","0.00",,"78","44","  210","  210","18.1","25.9",,,,
"USW00014822","DETROIT CITY AIRPORT, MI US","2021-04-07","5.59"," 1701","0.00",,"82","54","  120","  130","15.0","19.9",,,,
"USW00014822","DETROIT CITY AIRPORT, MI US","2021-04-08","8.28"," 1550","0.23",,"78","50","  200","  210","23.0","35.1",,,,
"USW00014822","DETROIT CITY AIRPORT, MI US","2021-04-09","12.75"," 1602","0.05",,"75","56","  180","  170","25.9","38.0",,,,
"USW00014822","DETROIT CITY AIRPORT, MI US","2021-04-10","6.49"," 1825","0.30",,"73","50","  190","  180","19.9","25.9",,,,
"USW00014822","DETROIT CITY AIRPORT, MI US","2021-04-11","7.83"," 1524","0.20",,"62","51","  180","  170","17.0","21.9",,,,
"USW00014822","DETROIT CITY AIRPORT, MI US","2021-04-12","3.80"," 1104","0.01",,"62","49","  320","  310","10.1","15.0",,,,
"USW00014822","DETROIT CITY AIRPORT, MI US","2021-04-13","8.28"," 1636","0.00",,"66","43","  240","  260","21.9","29.1",,,,
"USW00014822","DETROIT CITY AIRPORT, MI US","2021-04-14","8.28"," 1309","0.00",,"59","40","  220","  240","21.0","31.1",,,,
"USW00014822","DETROIT CITY AIRPORT, MI US","2021-04-15","9.62"," 1427","0.00",,"51","39","  320","  310","17.0","28.0",,,,
"USW00014822","DETROIT CITY AIRPORT, MI US","2021-04-16","8.05"," 1403","0.00",,"54","41","  330","  310","15.0","21.9",,,,
"USW00014822","DETROIT CITY AIRPORT, MI US","2021-04-17","3.80"," 1143","0.00",,"60","39","  150","  170","10.1","14.1",,,,
"USW00014822","DETROIT CITY AIRPORT, MI US","2021-04-18","5.14"," 1439","0.00",,"64","44","  320","  260","16.1","25.1",,,,
"USW00014822","DETROIT CITY AIRPORT, MI US","2021-04-19","12.08"," 1444","0.00",,"66","44","  250","  270","29.1","47.0",,,,
"USW00014822","DETROIT CITY AIRPORT, MI US","2021-04-20","6.71"," 1129","0.14",,"44","33","  270","  320","15.0","23.0",,,,
"USW00014822","DETROIT CITY AIRPORT, MI US","2021-04-21","8.50"," 1344","0.01",,"44","32","  310","  330","19.9","27.1","    1",,,
"USW00014822","DETROIT CITY AIRPORT, MI US","2021-04-22","8.28"," 1320","0.00",,"51","30","  270","  270","18.1","29.1",,,,
"USW00014822","DETROIT CITY AIRPORT, MI US","2021-04-23","10.07"," 1640","0.00",,"65","36","  230","  230","21.9","29.1",,,,
"USW00014822","DETROIT CITY AIRPORT, MI US","2021-04-24","6.26"," 1333","0.01",,"63","41","  190","  200","15.0","21.0",,,,
"USW00014822","DETROIT CITY AIRPORT, MI US","2021-04-25","9.40"," 1101","0.00",,"56","37","  330","  320","18.1","28.0",,,,
"USW00014822","DETROIT CITY AIRPORT, MI US","2021-04-26","10.07"," 2020","0.00",,"54","36","  120","  100","18.1","25.9",,,,
"USW00014822","DETROIT CITY AIRPORT, MI US","2021-04-27","8.72"," 1534","0.00",,"83","45","  210","  210","21.0","28.0",,,,
"USW00014822","DETROIT CITY AIRPORT, MI US","2021-04-28","8.50"," 1331","0.01",,"81","54","  240","  240","21.0","27.1",,,,
"USW00014822","DETROIT CITY AIRPORT, MI US","2021-04-29","7.16"," 1121","0.16",,"56","50","   10","   10","14.1","18.1",,,,
"USW00014822","DETROIT CITY AIRPORT, MI US","2021-04-30","11.86"," 1401","0.00",,"59","45","  300","  300","23.0","36.9",,,,
"USW00014822","DETROIT CITY AIRPORT, MI US","2021-05-01","11.41"," 1811","0.00",,"68","34","  220","  240","23.0","38.9",,,,
"USW00014822","DETROIT CITY AIRPORT, MI US","2021-05-02","16.11"," 2252","0.00",,"85","65","  220","  220","23.9","35.1",,,,
"USW00014822","DETROIT CITY AIRPORT, MI US","2021-05-03","6.93"," 0023","0.19",,"71","58","  240","  240","21.0","31.1",,,,
"USW00014822","DETROIT CITY AIRPORT, MI US","2021-05-04","8.05"," 0751","0.07",,"69","51","  270","  270","21.0","30.0",,,,
"USW00014822","DETROIT CITY AIRPORT, MI US","2021-05-05","7.61"," 0519","0.00",,"57","44","  360","  330","15.0","23.0",,,,
"USW00014822","DETROIT CITY AIRPORT, MI US","2021-05-06","2.91"," 1623","0.02",,"57","38","   80","   80","14.1","18.1",,,,
"USW00014822","DETROIT CITY AIRPORT, MI US","2021-05-07","5.59"," 1409","0.23",,"58","42","  270","  290","30.0","45.0",,,,
"USW00014822","DETROIT CITY AIRPORT, MI US","2021-05-08","7.38"," 0233","0.00",,"59","40","  360","  320","14.1","21.0",,,,
"USW00014822","DETROIT CITY AIRPORT, MI US","2021-05-09","5.37"," 1352","0.13",,"50","40","  100","  110","14.1","19.9",,,,
"USW00014822","DETROIT CITY AIRPORT, MI US","2021-05-10","6.71"," 1303","0.00",,"59","35","  310","  290","18.1","29.1",,,,
"USW00014822","DETROIT CITY AIRPORT, MI US","2021-05-11","8.50"," 1456","0.00",,"57","40","  300","  300","18.1","25.9",,,,
"USW00014822","DETROIT CITY AIRPORT, MI US","2021-05-12","6.26"," 1354","0.00",,"67","42","   20","   20","15.0","19.0",,,,
"USW00014822","DETROIT CITY AIRPORT, MI US","2021-05-13","3.80"," 1211","0.00",,"68","41","  130","  110","13.0","18.1",,,,
"USW00014822","DETROIT CITY AIRPORT, MI US","2021-05-14","4.47"," 1651","0.00",,"74","44","  160","  180","16.1","23.0",,,,
"USW00014822","DETROIT CITY AIRPORT, MI US","2021-05-15","5.14"," 1552","0.00",,"74","48","  220","  200","14.1","19.9",,,,
"USW00014822","DETROIT CITY AIRPORT, MI US","2021-05-16","4.03"," 1235","0.01",,"71","55","  130","  100","12.1","17.0",,,,
"USW00014822","DETROIT CITY AIRPORT, MI US","2021-05-17","4.70"," 1413","0.00",,"77","50","  170","  120","15.0","21.9",,,,
"USW00014822","DETROIT CITY AIRPORT, MI US","2021-05-18","5.37"," 1459","0.00",,"79","51","  120","  130","14.1","19.9",,,,
"USW00014822","DETROIT CITY AIRPORT, MI US","2021-05-19","6.49"," 1437","0.00",,"85","56","  180","  190","16.1","23.9",,,,
"USW00014822","DETROIT CITY AIRPORT, MI US","2021-05-20","5.14"," 1352","0.00",,"88","65","  180","  160","16.1","21.0",,,,
"USW00014822","DETROIT CITY AIRPORT, MI US","2021-05-21","6.93"," 1259","0.00",,"88","66","  200","  230","16.1","23.9",,,,
"USW00014822","DETROIT CITY AIRPORT, MI US","2021-05-22","6.26"," 1425","0.00",,"88","69","  260","  290","16.1","23.9",,,,
"USW00014822","DETROIT CITY AIRPORT, MI US","2021-05-23","8.28"," 1518","0.04",,"90","56","   70","   50","17.0","23.9",,,,
"USW00014822","DETROIT CITY AIRPORT, MI US","2021-05-24","4.70"," 1638","0.00",,"79","56","  120","  110","12.1","16.1",,,,
"USW00014822","DETROIT CITY AIRPORT, MI US","2021-05-25","11.41"," 1317","0.00",,"91","68","  240","  210","23.0","34.0",,,,
"USW00014822","DETROIT CITY AIRPORT, MI US","2021-05-26","10.29"," 1721","0.14",,"80","53","  260","  280","19.9","30.0",,,,
"USW00014822","DETROIT CITY AIRPORT, MI US","2021-05-27","7.61"," 1554","0.00",,"66","49","   60","   60","19.9","30.0",,,,
"USW00014822","DETROIT CITY AIRPORT, MI US","2021-05-28","14.09"," 1329","0.13",,"50","45","   40","   50","23.0","36.0",,,,
"USW00014822","DETROIT CITY AIRPORT, MI US","2021-05-29","11.41"," 1142","0.00",,"65","41","   60","   20","21.0","34.0",,,,
"USW00014822","DETROIT CITY AIRPORT, MI US","2021-05-30","6.04"," 1154","0.00",,"70","43","   90","  100","15.0","23.0",,,,
"USW00014822","DETROIT CITY AIRPORT, MI US","2021-05-31","6.04"," 1423","0.00",,"75","49","  230","  240","15.0","19.9",,,,
"USW00014822","DETROIT CITY AIRPORT, MI US","2021-06-01","4.92"," 1543","0.00",,"78","60","  230","  220","14.1","19.9",,,,
"USW00014822","DETROIT CITY AIRPORT, MI US","2021-06-02","5.37"," 2032","0.01",,"70","60","  110","  160","12.1","15.0",,,,
"USW00014822","DETROIT CITY AIRPORT, MI US","2021-06-03","3.58"," 1831","0.00",,"81","63","  190","  160","12.1","16.1",,,,
"USW00014822","DETROIT CITY AIRPORT, MI US","2021-06-04","9.40"," 1506","0.00",,"89","65","  270","  280","21.9","34.0",,,,
"USW00014822","DETROIT CITY AIRPORT, MI US","2021-06-05","12.30"," 1258","0.00",,"89","71","  250","  260","21.9","31.1",,,,
"USW00014822","DETROIT CITY AIRPORT, MI US","2021-06-06","9.17"," 1621","0.00",,"90","71","  210","  230","17.0","23.9",,,,
"USW00014822","DETROIT CITY AIRPORT, MI US","2021-06-07","8.72"," 1439","0.00",,"85","73","  210","  220","17.0","23.9",,,,
"USW00014822","DETROIT CITY AIRPORT, MI US","2021-06-08","4.25"," 1557","0.00",,"87","71","  220","  230","18.1","25.1",,,,
"USW00014822","DETROIT CITY AIRPORT, MI US","2021-06-09","3.80"," 1813","0.00",,"88","68","   90","   80","13.0","18.1",,,,
"USW00014822","DETROIT CITY AIRPORT, MI US","2021-06-10","6.71"," 1757","0.00",,"87","70","  110","  110","16.1","23.9",,,,
"USW00014822","DETROIT CITY AIRPORT, MI US","2021-06-11","5.82"," 2014","0.00",,"89","68","   20","   20","16.1","21.9",,,,
"USW00014822","DETROIT CITY AIRPORT, MI US","2021-06-12","5.37"," 1811","0.00",,"87","68","  120","  160","12.1","21.0",,,,
"USW00014822","DETROIT CITY AIRPORT, MI US","2021-06-13","6.04"," 1618","0.00",,"87","70","  360","  360","21.0","28.0",,,,
"USW00014822","DETROIT CITY AIRPORT, MI US","2021-06-14","6.04"," 0626","0.01",,"80","61","   10","   10","21.9","30.0",,,,
"USW00014822","DETROIT CITY AIRPORT, MI US","2021-06-15","8.95"," 1750","0.00",,"79","60","   10","   10","21.0","30.0",,,,
"USW00014822","DETROIT CITY AIRPORT, MI US","2021-06-16","4.92"," 1111","0.00",,"79","54","   50","  360","14.1","23.0",,,,
"USW00014822","DETROIT CITY AIRPORT, MI US","2021-06-17","6.93"," 1204","0.00",,"86","56","  230","  260","16.1","25.1",,,,
"USW00014822","DETROIT CITY AIRPORT, MI US","2021-06-18","10.07"," 0456","0.04",,"84","65","  230","  260","21.0","30.0",,,,
"USW00014822","DETROIT CITY AIRPORT, MI US","2021-06-19","5.59"," 1042","0.00",,"78","65","  270","  270","19.9","29.1",,,,
"USW00014822","DETROIT CITY AIRPORT, MI US","2021-06-20","4.92"," 2058",,,"89","64","  190","  190","25.9","38.0",,,,
"USW00014822","DETROIT CITY AIRPORT, MI US","2021-06-21","12.53"," 0356",,,"81","54","  270","  300","25.1","42.9",,,,
"USW00014822","DETROIT CITY AIRPORT, MI US","2021-06-22","5.14"," 0005","0.00",,"69","48","  340","  340","15.0","25.1",,,,
"USW00014822","DETROIT CITY AIRPORT, MI US","2021-06-23","7.38"," 1503","0.01",,"77","51","  230","  250","21.0","30.0",,,,
"USW00014822","DETROIT CITY AIRPORT, MI US","2021-06-24","10.51"," 1357","0.00",,"83","66","  220","  230","19.9","25.9",,,,
"USW00014822","DETROIT CITY AIRPORT, MI US","2021-06-25","12.30"," 1705","2.33",,"77","71","  220","  190","23.0","35.1",,,,
"USW00014822","DETROIT CITY AIRPORT, MI US","2021-06-26","12.08"," 1800","2.41",,"87","71","  200","  190","23.0","36.0",,,,
"USW00014822","DETROIT CITY AIRPORT, MI US","2021-06-27","13.42"," 0903","0.00",,"90","78","  220","  220","23.9","33.1",,,,
"USW00014822","DETROIT CITY AIRPORT, MI US","2021-06-28","6.93"," 1951","0.06",,"92","75","  220","  220","25.9","38.9",,,,
"USW00014822","DETROIT CITY AIRPORT, MI US","2021-06-29","5.14"," 1401","0.44",,"92","73","  290","  310","28.0","45.0","    1",,"    1",
"USW00014822","DETROIT CITY AIRPORT, MI US","2021-06-30","5.82"," 1558","1.42",,"84","71","  360","  340","17.0","29.1",,,,
"USW00014822","DETROIT CITY AIRPORT, MI US","2021-07-01","8.95"," 1229","0.04",,"81","62","  360","   10","21.0","30.0",,,,
"USW00014822","DETROIT CITY AIRPORT, MI US","2021-07-02","10.29"," 1150","0.00",,"79","59","  360","  350","21.9","32.0",,,,
"USW00014822","DETROIT CITY AIRPORT, MI US","2021-07-03","6.49"," 1708","0.00",,"83","58","  240","  210","16.1","21.9",,,,
"USW00014822","DETROIT CITY AIRPORT, MI US","2021-07-04","4.25"," 1254","0.00",,"93","69","  170","  280","10.1","15.0",,,,
"USW00014822","DETROIT CITY AIRPORT, MI US","2021-07-05","10.29"," 1530","0.00",,"93","75","  230","  220","21.9","33.1",,,,
"USW00014822","DETROIT CITY AIRPORT, MI US","2021-07-06","8.50"," 1624","0.00",,"93","76","  230","  230","17.0","25.1",,,,
"USW00014822","DETROIT CITY AIRPORT, MI US","2021-07-07","6.04"," 1623","0.02",,"91","72","  320","  280","21.0","36.9",,,,
"USW00014822","DETROIT CITY AIRPORT, MI US","2021-07-08","5.37"," 1557","0.24",,"82","65","   90","   30","14.1","21.0",,,,
"USW00014822","DETROIT CITY AIRPORT, MI US","2021-07-09","8.72"," 1244","0.00",,"80","62","   10","  360","15.0","21.9",,,,
"USW00014822","DETROIT CITY AIRPORT, MI US","2021-07-10","5.82"," 1342","0.00",,"77","59","   80","   80","13.0","17.0",,,,
"USW00014822","DETROIT CITY AIRPORT, MI US","2021-07-11","8.50"," 0926","0.43",,"70","66","   70","  100","15.0","21.0",,,,
"USW00014822","DETROIT CITY AIRPORT, MI US","2021-07-12","7.38"," 1734","0.01",,"75","67","   80","   70","13.0","17.0",,,,
"USW00014822","DETROIT CITY AIRPORT, MI US","2021-07-13","7.61"," 1131","0.13",,"83","71","  200","  210","19.9","27.1",,,,
"USW00014822","DETROIT CITY AIRPORT, MI US","2021-07-14","7.38"," 1510","0.00",,"86","69","  210","  230","18.1","25.1",,,,
"USW00014822","DETROIT CITY AIRPORT, MI US","2021-07-15","10.74"," 1224","0.00",,"88","74","  220","  220","21.9","32.0",,,,
"USW00014822","DETROIT CITY AIRPORT, MI US","2021-07-16","6.93"," 1051","2.52",,"76","67","   60","   60","14.1","19.9","    1",,,
"USW00014822","DETROIT CITY AIRPORT, MI US","2021-07-17","7.16"," 1408","0.20",,"83","66","  360","   10","15.0","19.9",,,,
"USW00014822","DETROIT CITY AIRPORT, MI US","2021-07-18","3.80"," 1238","0.00",,"87","63","   10","   20","13.0","17.0",,,,
"USW00014822","DETROIT CITY AIRPORT, MI US","2021-07-19","3.58"," 1212","0.00",,"89","68","  360","  360","12.1","16.1",,,,
"USW00014822","DETROIT CITY AIRPORT, MI US","2021-07-20","7.38"," 1810","0.00",,"88","67","   20","   30","18.1","25.9",,,,
"USW00014822","DETROIT CITY AIRPORT, MI US","2021-07-21","9.40"," 0150","0.00",,"80","63","   10","   20","17.0","27.1",,,,
"USW00014822","DETROIT CITY AIRPORT, MI US","2021-07-22","2.91"," 1432","0.00",,"78","58","  150","  150","12.1","15.0",,,,
"USW00014822","DETROIT CITY AIRPORT, MI US","2021-07-23","5.59"," 1059","0.06",,"76","68","  210","  200","13.0","18.1",,,,
"USW00014822","DETROIT CITY AIRPORT, MI US","2021-07-24","9.40"," 2003","1.33",,"87","69","  190","  200","35.1","51.0",,,,
"USW00014822","DETROIT CITY AIRPORT, MI US","2021-07-25","5.59"," 1631","0.00",,"91","72","  300","  310","13.0","21.0",,,,
"USW00014822","DETROIT CITY AIRPORT, MI US","2021-07-26","5.82"," 1339","0.00",,"92","69","  280","  270","15.0","21.9",,,,
"USW00014822","DETROIT CITY AIRPORT, MI US","2021-07-27","5.82"," 1223","0.00",,"87","72","  310","  330","14.1","21.9",,,,
"USW00014822","DETROIT CITY AIRPORT, MI US","2021-07-28","4.92"," 1840","0.00",,"86","70","  160","  160","13.0","17.0",,,,
"USW00014822","DETROIT CITY AIRPORT, MI US","2021-07-29","8.50"," 1920","0.02",,"91","71","   70","   30","21.9","31.1",,,,
"USW00014822","DETROIT CITY AIRPORT, MI US","2021-07-30","7.61"," 1623","0.00",,"80","62","   80","   70","15.0","23.0",,,,
"USW00014822","DETROIT CITY AIRPORT, MI US","2021-07-31","5.59"," 1634","0.00",,"80","59","  220","  240","16.1","21.9",,,,
"USW00014822","DETROIT CITY AIRPORT, MI US","2021-08-01","8.50"," 1510","0.03",,"78","63","  360","   10","23.9","38.9",,,,
"USW00014822","DETROIT CITY AIRPORT, MI US","2021-08-02","4.47"," 1057","0.00",,"80","59","  360","  340","12.1","16.1",,,,
"USW00014822","DETROIT CITY AIRPORT, MI US","2021-08-03","2.91"," 1714","0.00",,"82","60","  160","  150","13.0","16.1",,,,
"USW00014822","DETROIT CITY AIRPORT, MI US","2021-08-04","3.13"," 1516","0.00",,"83","62","  110","  130","12.1","15.0",,,,
"USW00014822","DETROIT CITY AIRPORT, MI US","2021-08-05","4.92"," 1513","0.00",,"85","65","  200","  200","14.1","19.9",,,,
"USW00014822","DETROIT CITY AIRPORT, MI US","2021-08-06","8.28"," 1217","0.00",,"85","67","  220","  250","19.9","27.1",,,,
"USW00014822","DETROIT CITY AIRPORT, MI US","2021-08-07","4.03"," 1247","0.00",,"85","71","  250","  310","12.1","17.0",,,,
"USW00014822","DETROIT CITY AIRPORT, MI US","2021-08-08","7.16"," 1522","0.47",,"88","71","  190","  180","17.0","23.0",,,,
"USW00014822","DETROIT CITY AIRPORT, MI US","2021-08-09","8.28"," 1406","0.64",,"90","72","  240","  220","33.1","53.9",,,,
"USW00014822","DETROIT CITY AIRPORT, MI US","2021-08-10","9.84"," 1437","0.00",,"92","74","  210","  290","17.0","31.1",,,,
"USW00014822","DETROIT CITY AIRPORT, MI US","2021-08-11","10.07"," 1453","0.19",,"88","73","  280","  280","28.0","45.0",,,,
"USW00014822","DETROIT CITY AIRPORT, MI US","2021-08-12","10.96"," 0650","1.56",,"89","69","  220","  220","23.9","35.1",,,,
"USW00014822","DETROIT CITY AIRPORT, MI US","2021-08-13","6.49"," 0243","0.00",,"86","70","  290","  300","14.1","23.0",,,,
"USW00014822","DETROIT CITY AIRPORT, MI US","2021-08-14","7.61"," 0959","0.00",,"80","64","  350","   20","15.0","21.0",,,,
"USW00014822","DETROIT CITY AIRPORT, MI US","2021-08-15","4.92"," 1633","0.00",,"78","58","   80","   60","13.0","18.1",,,,
"USW00014822","DETROIT CITY AIRPORT, MI US","2021-08-16","5.59"," 1551","0.05",,"75","63","  120","  130","13.0","19.9",,,,
"USW00014822","DETROIT CITY AIRPORT, MI US","2021-08-17","3.58"," 1339","0.00",,"82","66","  120","  150","10.1","15.0",,,,
"USW00014822","DETROIT CITY AIRPORT, MI US","2021-08-18","5.37"," 1112","0.00",,"84","70","   70","   70","14.1","19.9",,,,
"USW00014822","DETROIT CITY AIRPORT, MI US","2021-08-19","2.91"," 1455","0.00",,"86","70","  150","  130","10.1","16.1",,,,
"USW00014822","DETROIT CITY AIRPORT, MI US","2021-08-20","3.80"," 1331","0.00",,"87","71","  100","  130","10.1","16.1",,,,
"USW00014822","DETROIT CITY AIRPORT, MI US","2021-08-21","3.80"," 1453","0.00",,"87","70","  110","  150","13.0","18.1",,,,
"USW00014822","DETROIT CITY AIRPORT, MI US","2021-08-22","4.70"," 1612","0.09",,"92","73","   50","  120","13.0","19.0",,,,
"USW00014822","DETROIT CITY AIRPORT, MI US","2021-08-23","3.80"," 1240","0.00",,"89","72","   30","   30","19.9","19.9","    1",,,"    1"
"USW00014822","DETROIT CITY AIRPORT, MI US","2021-08-24","5.59"," 2014","0.04",,"91","71","  340","  350","18.1","30.0",,,,
"USW00014822","DETROIT CITY AIRPORT, MI US","2021-08-25","6.93"," 1633","0.00",,"89","74","  200","  200","15.0","19.0",,,,
"USW00014822","DETROIT CITY AIRPORT, MI US","2021-08-26","5.82"," 2003","0.00",,"91","75","   90","   90","13.0","17.0",,,,
"USW00014822","DETROIT CITY AIRPORT, MI US","2021-08-27","4.47"," 1224","1.81",,"86","72","  320","  300","15.0","25.1",,,,
"USW00014822","DETROIT CITY AIRPORT, MI US","2021-08-28","5.82"," 2133","0.00",,"91","73","  360","  360","14.1","21.9",,,,
"USW00014822","DETROIT CITY AIRPORT, MI US","2021-08-29","9.17"," 1854","0.75",,"92","74","  260","  280","23.0","36.0",,,,
"USW00014822","DETROIT CITY AIRPORT, MI US","2021-08-30","5.37"," 1147","0.00",,"86","72","  260","  240","13.0","19.0",,,,
"USW00014822","DETROIT CITY AIRPORT, MI US","2021-08-31","6.93"," 1840","0.00",,"83","65","   60","   50","15.0","23.0",,,,
"USW00014822","DETROIT CITY AIRPORT, MI US","2021-09-01","10.96"," 1012","0.00",,"80","63","  360","   50","19.9","29.1",,,,
"USW00014822","DETROIT CITY AIRPORT, MI US","2021-09-02","4.92"," 1325","0.00",,"80","58","  350","  290","13.0","19.9",,,,
"USW00014822","DETROIT CITY AIRPORT, MI US","2021-09-03","3.36"," 1433","0.00",,"74","55","  100","  100","8.9","14.1",,,,
"USW00014822","DETROIT CITY AIRPORT, MI US","2021-09-04","7.16"," 2056","0.07",,"78","62","  230","  230","18.1","25.9",,,,
"USW00014822","DETROIT CITY AIRPORT, MI US","2021-09-05","7.61"," 1531","0.02",,"82","67","  270","  250","18.1","28.0",,,,
"USW00014822","DETROIT CITY AIRPORT, MI US","2021-09-06","5.82"," 0112","0.01",,"78","62","  260","  240","19.9","29.1",,,,
"USW00014822","DETROIT CITY AIRPORT, MI US","2021-09-07","8.50"," 1422","0.13",,"87","58","  210","  230","25.1","38.9",,,,
"USW00014822","DETROIT CITY AIRPORT, MI US","2021-09-08","8.95"," 1319","0.04",,"80","65","  260","  250","19.9","31.1",,,,
"USW00014822","DETROIT CITY AIRPORT, MI US","2021-09-09","6.93"," 0953","0.00",,"72","58","  320","  320","15.0","21.9",,,,
"USW00014822","DETROIT CITY AIRPORT, MI US","2021-09-10","4.47"," 1312","0.00",,"77","54","  300","  270","12.1","18.1",,,,
"USW00014822","DETROIT CITY AIRPORT, MI US","2021-09-11","11.63"," 1311","0.00",,"82","63","  190","  200","23.9","35.1",,,,
"USW00014822","DETROIT CITY AIRPORT, MI US","2021-09-12","7.83"," 0152","0.00",,"84","71","  260","  250","15.0","23.0",,,,
"USW00014822","DETROIT CITY AIRPORT, MI US","2021-09-13","5.82"," 1336","0.01",,"73","65","  350","  360","16.1","23.0",,,,
"USW00014822","DETROIT CITY AIRPORT, MI US","2021-09-14","9.40"," 1944","0.00",,"90","67","  250","  240","29.1","45.0",,,,
"USW00014822","DETROIT CITY AIRPORT, MI US","2021-09-15","3.80"," 1339","0.00",,"78","63","  320","  280","12.1","17.0",,,,
"USW00014822","DETROIT CITY AIRPORT, MI US","2021-09-16","4.92"," 1706","0.00",,"79","58","  100","   90","16.1","21.9",,,,
"USW00014822","DETROIT CITY AIRPORT, MI US","2021-09-17","4.47"," 1401","0.00",,"86","63","  200","  200","15.0","19.0",,,,
"USW00014822","DETROIT CITY AIRPORT, MI US","2021-09-18","8.05"," 0323","0.00",,"78","59","   80","   20","15.0","21.9",,,,
"USW00014822","DETROIT CITY AIRPORT, MI US","2021-09-19","6.49"," 1455","0.00",,"80","55","  110","  110","16.1","19.9",,,,
"USW00014822","DETROIT CITY AIRPORT, MI US","2021-09-20","6.71"," 2140","0.00",,"82","66","  190","  190","17.0","27.1",,,,
"USW00014822","DETROIT CITY AIRPORT, MI US","2021-09-21","10.96"," 0239","0.01",,"77","61","  190","  190","23.0","32.0",,,,
"USW00014822","DETROIT CITY AIRPORT, MI US","2021-09-22","16.33"," 1535","0.91",,"61","55","   10","   10","29.1","45.0",,,,
"USW00014822","DETROIT CITY AIRPORT, MI US","2021-09-23","9.84"," 1713","0.32",,"56","52","  230","  260","17.0","25.9",,,,
"USW00014822","DETROIT CITY AIRPORT, MI US","2021-09-24","9.17"," 1132","0.00",,"74","50","  240","  220","17.0","25.9",,,,
"USW00014822","DETROIT CITY AIRPORT, MI US","2021-09-25","8.50"," 1632","0.09",,"66","53","  270","  240","16.1","25.9",,,,
"USW00014822","DETROIT CITY AIRPORT, MI US","2021-09-26","8.50"," 2253","0.00",,"76","52","  240","  230","18.1","30.0",,,,
"USW00014822","DETROIT CITY AIRPORT, MI US","2021-09-27","10.51"," 0021","0.00",,"83","63","   70","  230","19.9","27.1",,,,
"USW00014822","DETROIT CITY AIRPORT, MI US","2021-09-28","6.71"," 1047","0.00",,"73","56","   30","   10","14.1","18.1",,,,
"USW00014822","DETROIT CITY AIRPORT, MI US","2021-09-29","2.91"," 1502","0.00",,"72","52","   70","   70","10.1","13.0",,,,
"USW00014822","DETROIT CITY AIRPORT, MI US","2021-09-30","1.79"," 1212","0.00",,"71","50","  110","  130","8.9","13.0",,,,
"USW00014822","DETROIT CITY AIRPORT, MI US","2021-10-01","4.92"," 1217","0.00",,"75","50","  190","  180","13.0","17.0",,,,
"USW00014822","DETROIT CITY AIRPORT, MI US","2021-10-02","6.71"," 1733","0.13",,"78","57","  210","  220","14.1","19.0",,,,
"USW00014822","DETROIT CITY AIRPORT, MI US","2021-10-03","4.92"," 1354","0.38",,"77","67","  270","  260","10.1","16.1",,,,
"USW00014822","DETROIT CITY AIRPORT, MI US","2021-10-04","3.36"," 2113","0.03",,"76","66","  100","   50","8.9","13.0",,,,
"USW00014822","DETROIT CITY AIRPORT, MI US","2021-10-05","6.26"," 0305","0.05",,"70","64","   60","   80","12.1","17.0",,,,
"USW00014822","DETROIT CITY AIRPORT, MI US","2021-10-06","5.59"," 1125","0.00",,"68","63","   80","   50","12.1","14.1",,,,
"USW00014822","DETROIT CITY AIRPORT, MI US","2021-10-07","5.82"," 0218","0.04",,"74","64","   80","   80","10.1","14.1",,,,
"USW00014822","DETROIT CITY AIRPORT, MI US","2021-10-08","6.26"," 1518","0.10",,"76","66","  100","  120","14.1","18.1",,,,
"USW00014822","DETROIT CITY AIRPORT, MI US","2021-10-09","4.70"," 1125","0.00",,"78","63","  190","  220","13.0","18.1",,,,
"USW00014822","DETROIT CITY AIRPORT, MI US","2021-10-10","9.17"," 1556","0.26",,"78","66","  150","  130","18.1","25.9",,,,
"USW00014822","DETROIT CITY AIRPORT, MI US","2021-10-11","10.51"," 2045","0.00",,"82","67","  160","  170","16.1","23.0",,,,
"USW00014822","DETROIT CITY AIRPORT, MI US","2021-10-12","11.86"," 1056","0.03",,"75","66","  220","  200","23.0","33.1",,,,
"USW00014822","DETROIT CITY AIRPORT, MI US","2021-10-13","6.71"," 1324","0.00",,"75","63","  230","  230","14.1","19.9",,,,
"USW00014822","DETROIT CITY AIRPORT, MI US","2021-10-14","6.26"," 1738","0.29",,"82","64","  220","  280","15.0","23.0",,,,
"USW00014822","DETROIT CITY AIRPORT, MI US","2021-10-15","4.92"," 1856","0.29",,"66","57","   80","  310","12.1","19.0",,,,
"USW00014822","DETROIT CITY AIRPORT, MI US","2021-10-16","10.29"," 1402","0.26",,"61","50","  280","  320","19.9","31.1",,,,
"USW00014822","DETROIT CITY AIRPORT, MI US","2021-10-17","8.05"," 1547","0.00",,"64","48","  290","  290","17.0","31.1",,,,
"USW00014822","DETROIT CITY AIRPORT, MI US","2021-10-18","3.58"," 1203","0.00",,"67","45","  340","  330","12.1","18.1",,,,
"USW00014822","DETROIT CITY AIRPORT, MI US","2021-10-19","4.47"," 1551","0.00",,"75","45","  240","  280","14.1","19.9",,,,
"USW00014822","DETROIT CITY AIRPORT, MI US","2021-10-20","6.71"," 1413","0.01",,"72","51","  210","  210","14.1","19.0",,,,
"USW00014822","DETROIT CITY AIRPORT, MI US","2021-10-21","10.29"," 1507","0.23",,"68","49","  270","  260","21.9","34.0",,,,
"USW00014822","DETROIT CITY AIRPORT, MI US","2021-10-22","4.70"," 0001","0.00",,"53","42","  350","  350","15.0","23.0",,,,
"USW00014822","DETROIT CITY AIRPORT, MI US","2021-10-23","2.68"," 1511","0.00",,"56","41","  270","  230","10.1","14.1",,,,
"USW00014822","DETROIT CITY AIRPORT, MI US","2021-10-24","4.03"," 2234","0.59",,"54","36","   50","   50","16.1","27.1",,,,
"USW00014822","DETROIT CITY AIRPORT, MI US","2021-10-25","12.75"," 1439","1.19",,"51","47","   10","   30","21.0","33.1",,,,
"USW00014822","DETROIT CITY AIRPORT, MI US","2021-10-26","10.74"," 1103","0.01",,"52","45","  360","  360","21.0","29.1",,,,
"USW00014822","DETROIT CITY AIRPORT, MI US","2021-10-27","4.70"," 0051","0.00",,"55","46","  330","  340","12.1","16.1",,,,
"USW00014822","DETROIT CITY AIRPORT, MI US","2021-10-28","10.51"," 1243","0.01",,"61","46","  100","   80","23.0","34.0",,,,
"USW00014822","DETROIT CITY AIRPORT, MI US","2021-10-29","11.41"," 1509","1.10",,"57","51","   70","   60","18.1","28.0",,,,
"USW00014822","DETROIT CITY AIRPORT, MI US","2021-10-30","6.93"," 0005","0.02",,"54","49","   60","   60","15.0","21.0",,,,
"USW00014822","DETROIT CITY AIRPORT, MI US","2021-10-31","8.72"," 1945","0.00",,"61","45","  310","  310","18.1","32.0",,,,
"USW00014822","DETROIT CITY AIRPORT, MI US","2021-11-01","8.72"," 1257","0.00",,"51","39","  270","  260","19.9","28.0",,,,
"USW00014822","DETROIT CITY AIRPORT, MI US","2021-11-02","8.50"," 1345","0.00",,"49","37","  250","  280","18.1","28.0",,,,
"USW00014822","DETROIT CITY AIRPORT, MI US","2021-11-03","4.70"," 1141","0.00",,"46","33","  300","  260","13.0","18.1",,,,
"USW00014822","DETROIT CITY AIRPORT, MI US","2021-11-04","2.46"," 1319","0.00",,"46","32","  320","  250","10.1","15.0",,,,
"USW00014822","DETROIT CITY AIRPORT, MI US","2021-11-05","3.80"," 1038","0.00",,"51","28","  230","  220","13.0","19.0",,,,
"USW00014822","DETROIT CITY AIRPORT, MI US","2021-11-06","5.14"," 1329","0.00",,"54","30","  190","  180","15.0","21.0",,,,
"USW00014822","DETROIT CITY AIRPORT, MI US","2021-11-07","6.04"," 1405","0.00",,"65","39","  230","  230","14.1","19.0",,,,
"USW00014822","DETROIT CITY AIRPORT, MI US","2021-11-08","8.72"," 1020","0.00",,"67","46","  230","  230","16.1","25.1",,,,
"USW00014822","DETROIT CITY AIRPORT, MI US","2021-11-09","4.03"," 1810","0.00",,"60","44","   10","  360","13.0","17.0",,,,
"USW00014822","DETROIT CITY AIRPORT, MI US","2021-11-10","3.36"," 2219","0.00",,"56","34","  110","  100","12.1","16.1",,,,
"USW00014822","DETROIT CITY AIRPORT, MI US","2021-11-11","11.41"," 1421","0.38",,"68","48","  180","  190","28.0","38.0",,,,
"USW00014822","DETROIT CITY AIRPORT, MI US","2021-11-12","14.76"," 1750","0.00",,"55","38","  240","  240","25.9","40.9",,,,
"USW00014822","DETROIT CITY AIRPORT, MI US","2021-11-13","12.53"," 1645","0.00",,"44","37","  280","  270","19.9","31.1",,,,
"USW00014822","DETROIT CITY AIRPORT, MI US","2021-11-14","9.84"," 0851","0.14",,"40","34","  220","  230","19.9","25.9",,,,
"USW00014822","DETROIT CITY AIRPORT, MI US","2021-11-15","9.17"," 1445","0.00",,"43","33","  270","  270","17.0","25.9",,,,
"USW00014822","DETROIT CITY AIRPORT, MI US","2021-11-16","3.80"," 0018","0.00",,"45","30","  260","  250","12.1","17.0",,,,
"USW00014822","DETROIT CITY AIRPORT, MI US","2021-11-17","11.63"," 1910","0.11",,"63","43","  220","  220","21.0","31.1",,,,
"USW00014822","DETROIT CITY AIRPORT, MI US","2021-11-18","12.30"," 1529","0.00",,"48","35","  270","  270","23.9","34.0",,,,
"USW00014822","DETROIT CITY AIRPORT, MI US","2021-11-19","7.61"," 1040","0.00",,"45","33","  290","  290","15.0","23.0",,,,
"USW00014822","DETROIT CITY AIRPORT, MI US","2021-11-20","7.61"," 1026","0.00",,"43","35","  220","  200","17.0","25.1",,,,
"USW00014822","DETROIT CITY AIRPORT, MI US","2021-11-21","7.61"," 2123","0.10",,"45","31","  320","  300","21.0","36.9",,,,
"USW00014822","DETROIT CITY AIRPORT, MI US","2021-11-22","9.62"," 1153","0.00",,"39","29","  310","  260","19.9","28.0",,,,
"USW00014822","DETROIT CITY AIRPORT, MI US","2021-11-23","6.04"," 1321","0.00",,"38","24","  320","  290","13.0","16.1",,,,
"USW00014822","DETROIT CITY AIRPORT, MI US","2021-11-24","12.30"," 1342","0.00",,"50","35","  190","  210","21.9","31.1",,,,
"USW00014822","DETROIT CITY AIRPORT, MI US","2021-11-25","8.05"," 2113","0.40",,"47","35","  320","  310","21.0","30.0",,,,
"USW00014822","DETROIT CITY AIRPORT, MI US","2021-11-26","10.74"," 0005","0.00",,"35","30","  320","  330","21.9","33.1",,,,
"USW00014822","DETROIT CITY AIRPORT, MI US","2021-11-27","5.14"," 1408","0.11",,"35","26","  190","  160","13.0","17.0",,,,
"USW00014822","DETROIT CITY AIRPORT, MI US","2021-11-28","8.95"," 1543","0.02",,"39","32","  290","  280","21.0","31.1",,,,
"USW00014822","DETROIT CITY AIRPORT, MI US","2021-11-29","7.38"," 0031","0.03",,"39","28","  220","  300","16.1","21.9",,,,
"USW00014822","DETROIT CITY AIRPORT, MI US","2021-11-30","7.16"," 1437","0.02",,"44","33","  280","  290","19.9","33.1",,,,
"USW00014822","DETROIT CITY AIRPORT, MI US","2021-12-01","6.93"," 2311","0.00",,"44","29","  210","  220","15.0","23.9",,,,
"USW00014822","DETROIT CITY AIRPORT, MI US","2021-12-02","13.20"," 1159","0.00",,"57","39","  280","  270","25.1","38.9",,,,
"USW00014822","DETROIT CITY AIRPORT, MI US","2021-12-03","2.46"," 0010","0.00",,"39","35","  320","  330","8.9","13.0",,,,
"USW00014822","DETROIT CITY AIRPORT, MI US","2021-12-04","8.28"," 1204","0.00",,"46","34","  290","  280","19.9","32.0",,,,
"USW00014822","DETROIT CITY AIRPORT, MI US","2021-12-05","8.05"," 1511","0.44",,"47","35","  100","  110","21.9","33.1",,,,
"USW00014822","DETROIT CITY AIRPORT, MI US","2021-12-06","13.42"," 1417","0.01",,"50","30","  270","  280","32.0","46.1",,,,
"USW00014822","DETROIT CITY AIRPORT, MI US","2021-12-07","7.61"," 0135","0.00",,"30","22","  290","  300","16.1","25.9",,,,
"USW00014822","DETROIT CITY AIRPORT, MI US","2021-12-08","6.71"," 0741","0.00",,"34","25","  240","  230","15.0","19.9",,,,
"USW00014822","DETROIT CITY AIRPORT, MI US","2021-12-09","7.61"," 1556","0.00",,"42","27","  110","  110","17.0","25.1",,,,
"USW00014822","DETROIT CITY AIRPORT, MI US","2021-12-10","6.71"," 2259","0.27",,"54","38","  120","  130","15.0","21.9",,,,
"USW00014822","DETROIT CITY AIRPORT, MI US","2021-12-11","17.22"," 1419","0.72",,"63","36","  240","  240","40.0","59.9",,,,
"USW00014822","DETROIT CITY AIRPORT, MI US","2021-12-12","14.76"," 1316","0.00",,"48","32","  240","  230","23.9","36.0",,,,
"USW00014822","DETROIT CITY AIRPORT, MI US","2021-12-13","11.18"," 0843","0.00",,"50","34","  240","  220","19.9","28.0",,,,
"USW00014822","DETROIT CITY AIRPORT, MI US","2021-12-14","6.04"," 1049","0.00",,"49","29","  120","   90","14.1","19.0",,,,
"USW00014822","DETROIT CITY AIRPORT, MI US","2021-12-15","11.18"," 2307","0.06",,"59","44","  200","  200","23.9","35.1",,,,
"USW00014822","DETROIT CITY AIRPORT, MI US","2021-12-16","19.46"," 1222","0.00",,"62","40","  240","  220","31.1","46.1",,,,
"USW00014822","DETROIT CITY AIRPORT, MI US","2021-12-17","8.28"," 0019","0.00",,"44","33","  260","  240","21.9","34.0",,,,
"USW00014822","DETROIT CITY AIRPORT, MI US","2021-12-18","9.40"," 1840","0.24",,"36","33","   90","  330","16.1","23.0",,,,
"USW00014822","DETROIT CITY AIRPORT, MI US","2021-12-19","6.71"," 2152","0.00",,"33","30","  200","  200","13.0","17.0",,,,"    1"
"USW00014822","DETROIT CITY AIRPORT, MI US","2021-12-20","12.53"," 1758","0.00",,"42","30","  220","  220","21.0","29.1",,,,
"USW00014822","DETROIT CITY AIRPORT, MI US","2021-12-21","7.83"," 2307","0.00",,"41","25","  230","  240","21.9","33.1",,,,
"USW00014822","DETROIT CITY AIRPORT, MI US","2021-12-22","12.08"," 0200","0.00",,"40","25","  300","  300","23.0","38.0",,,,
"USW00014822","DETROIT CITY AIRPORT, MI US","2021-12-23","7.38"," 1309","0.00",,"42","24","  180","  170","17.0","25.9",,,,
"USW00014822","DETROIT CITY AIRPORT, MI US","2021-12-24","5.82"," 1322","0.03",,"52","30","  190","  190","15.0","21.0",,,,
"USW00014822","DETROIT CITY AIRPORT, MI US","2021-12-25","5.37"," 1323","0.43",,"53","34","  360","  350","19.9","25.9",,,,
"USW00014822","DETROIT CITY AIRPORT, MI US","2021-12-26","5.37"," 2324","0.00",,"42","31","   90","   90","12.1","17.0",,,,
"USW00014822","DETROIT CITY AIRPORT, MI US","2021-12-27","9.40"," 0836","0.20",,"41","34","  110","  120","30.0","36.0",,,,
"USW00014822","DETROIT CITY AIRPORT, MI US","2021-12-28","6.04"," 2310","0.13",,"38","33","   90","   40","14.1","19.9",,,,
"USW00014822","DETROIT CITY AIRPORT, MI US","2021-12-29","4.70"," 1346","0.00",,"41","34","  280","  290","15.0","21.0",,,,
"USW00014822","DETROIT CITY AIRPORT, MI US","2021-12-30","5.14"," 0243","0.00",,"38","32","   20","   20","12.1","15.0",,,,
"USW00014822","DETROIT CITY AIRPORT, MI US","2021-12-31","5.59"," 1238","0.00",,"45","37","  230","  230","15.0","21.0",,,,
"USW00014822","DETROIT CITY AIRPORT, MI US","2022-01-01","10.96"," 2304","0.05",,"44","27","   10","   10","19.9","28.0",,,,
"USW00014822","DETROIT CITY AIRPORT, MI US","2022-01-02","11.63"," 0712","0.01",,"27","17","   10","  360","23.0","32.0",,,,
"USW00014822","DETROIT CITY AIRPORT, MI US","2022-01-03","5.82"," 2350","0.00",,"28","13","  240","  230","16.1","23.9",,,,
"USW00014822","DETROIT CITY AIRPORT, MI US","2022-01-04","10.29"," 0005","0.00",,"37","23","  180","  230","17.0","23.9",,,,
"USW00014822","DETROIT CITY AIRPORT, MI US","2022-01-05","18.12"," 1140","0.00",,"39","16","  230","  240","30.0","46.1",,,,
"USW00014822","DETROIT CITY AIRPORT, MI US","2022-01-06","12.53"," 0042","0.00",,"24","16","  230","  230","25.1","36.0",,,,
"USW00014822","DETROIT CITY AIRPORT, MI US","2022-01-07","8.50"," 0454","0.00",,"23","11","  280","  280","18.1","25.1",,,,
"USW00014822","DETROIT CITY AIRPORT, MI US","2022-01-08","10.51"," 2018","0.00",,"35","10","  190","  210","21.0","32.0",,,,
"USW00014822","DETROIT CITY AIRPORT, MI US","2022-01-09","12.75"," 1346","0.00",,"39","17","  300","  270","25.1","40.9",,,,
"USW00014822","DETROIT CITY AIRPORT, MI US","2022-01-10","12.75"," 1518","0.00",,"24","10","  280","  280","21.0","35.1",,,,
"USW00014822","DETROIT CITY AIRPORT, MI US","2022-01-11","11.18"," 2032","0.00",,"30","8","  190","  220","28.0","42.1",,,,
"USW00014822","DETROIT CITY AIRPORT, MI US","2022-01-12","8.95"," 0039","0.01",,"41","30","  230","  240","23.0","34.0",,,,
"USW00014822","DETROIT CITY AIRPORT, MI US","2022-01-13","4.92"," 1514","0.00",,"37","30","  360","  360","12.1","17.0",,,,
"USW00014822","DETROIT CITY AIRPORT, MI US","2022-01-14","11.63"," 1632","0.00",,"32","16","   20","   20","19.9","28.0",,,,
"USW00014822","DETROIT CITY AIRPORT, MI US","2022-01-15","9.17"," 0021","0.00",,"19","10","   50","   20","17.0","23.9",,,,
"USW00014822","DETROIT CITY AIRPORT, MI US","2022-01-16","5.82"," 1811","0.00",,"32","10","  110","  110","13.0","17.0",,,,
"USW00014822","DETROIT CITY AIRPORT, MI US","2022-01-17","12.75"," 0509","0.00",,"32","22","  330","  340","18.1","31.1",,,,
"USW00014822","DETROIT CITY AIRPORT, MI US","2022-01-18","12.30"," 2253","0.00",,"35","29","  210","  200","23.0","35.1",,,,
"USW00014822","DETROIT CITY AIRPORT, MI US","2022-01-19","13.65"," 0345","0.00",,"44","22","  230","  230","25.1","36.0",,,,
"USW00014822","DETROIT CITY AIRPORT, MI US","2022-01-20","10.07"," 0518","0.00",,"23","14","  360","  360","18.1","25.9",,,,
"USW00014822","DETROIT CITY AIRPORT, MI US","2022-01-21","4.70"," 1307","0.00",,"24","9","  160","  160","14.1","21.9",,,,
"USW00014822","DETROIT CITY AIRPORT, MI US","2022-01-22","11.86"," 1220","0.00",,"28","15","  220","  210","21.9","29.1",,,,
"USW00014822","DETROIT CITY AIRPORT, MI US","2022-01-23","7.61"," 1150","0.04",,"27","11","   20","   10","19.9","25.1",,,,
"USW00014822","DETROIT CITY AIRPORT, MI US","2022-01-24","7.16"," 1127","0.00",,"25","11","  180","  180","14.1","19.0",,,,
"USW00014822","DETROIT CITY AIRPORT, MI US","2022-01-25","5.82"," 1540","0.00",,"23","8","  280","  270","14.1","19.9",,,,
"USW00014822","DETROIT CITY AIRPORT, MI US","2022-01-26","7.83"," 2028","0.00",,"19","7","  230","  210","15.0","21.0",,,,
"USW00014822","DETROIT CITY AIRPORT, MI US","2022-01-27","10.74"," 0810","0.00",,"30","8","  220","  220","21.9","30.0",,,,
"USW00014822","DETROIT CITY AIRPORT, MI US","2022-01-28","9.40"," 0133","0.00",,"26","10","  360","  360","18.1","25.1",,,,
"USW00014822","DETROIT CITY AIRPORT, MI US","2022-01-29","4.47"," 1908","0.00",,"20","1","  200","  180","12.1","15.0",,,,
"USW00014822","DETROIT CITY AIRPORT, MI US","2022-01-30","2.01"," 1434","0.00",,"26","11","  210","  350","6.9","8.9",,,,
"USW00014822","DETROIT CITY AIRPORT, MI US","2022-01-31","3.80"," 1346","0.00",,"29","12","  110","  190","10.1","15.0",,,,
"USW00014822","DETROIT CITY AIRPORT, MI US","2022-02-01","10.07"," 1338","0.00",,"46","21","  180","  190","19.9","33.1",,,,
"USW00014822","DETROIT CITY AIRPORT, MI US","2022-02-02","7.61"," 1948","0.37",,"43","24","   20","   20","21.9","32.0",,,,
"USW00014822","DETROIT CITY AIRPORT, MI US","2022-02-03","15.21"," 1430","0.00",,"25","18","   20","   20","23.0","33.1",,,,
"USW00014822","DETROIT CITY AIRPORT, MI US","2022-02-04","7.61"," 1159","0.00",,"23","13","   10","  350","14.1","19.0",,,,
"USW00014822","DETROIT CITY AIRPORT, MI US","2022-02-05","6.49"," 2111","0.00",,"21","8","  190","  200","15.0","21.0",,,,
"USW00014822","DETROIT CITY AIRPORT, MI US","2022-02-06","11.41"," 1103","0.00",,"33","16","  190","  220","18.1","25.1",,,,
"USW00014822","DETROIT CITY AIRPORT, MI US","2022-02-07","8.95"," 0204","0.00",,"33","25","  250","  210","15.0","19.9",,,,
"USW00014822","DETROIT CITY AIRPORT, MI US","2022-02-08","9.17"," 2300","0.00",,"28","23","  210","  190","16.1","21.0",,,,
"USW00014822","DETROIT CITY AIRPORT, MI US","2022-02-09","11.18"," 1808","0.00",,"44","25","  220","  250","19.9","27.1",,,,
"USW00014822","DETROIT CITY AIRPORT, MI US","2022-02-10","11.41"," 2238","0.00",,"37","31","  230","  230","21.9","31.1",,,,
"USW00014822","DETROIT CITY AIRPORT, MI US","2022-02-11","14.32"," 1118","0.04",,"40","30","  230","  230","21.9","32.0",,,,
"USW00014822","DETROIT CITY AIRPORT, MI US","2022-02-12","10.51"," 0251","0.00",,"39","20","  290","  330","21.9","36.0",,,,
"USW00014822","DETROIT CITY AIRPORT, MI US","2022-02-13","3.80"," 1514","0.02",,"22","7","   10","   40","10.1","15.0",,,,
"USW00014822","DETROIT CITY AIRPORT, MI US","2022-02-14","4.92"," 1330","0.00",,"22","1","  180","  260","12.1","15.0",,,,
"USW00014822","DETROIT CITY AIRPORT, MI US","2022-02-15","6.04"," 2002","0.00",,"27","13","  120","  110","14.1","18.1",,,,
"USW00014822","DETROIT CITY AIRPORT, MI US","2022-02-16","14.32"," 1519","0.00",,"52","24","  200","  200","25.9","42.9",,,,
"USW00014822","DETROIT CITY AIRPORT, MI US","2022-02-17","12.30"," 1937","0.81",,"50","21","   10","  350","23.9","32.0",,,,
"USW00014822","DETROIT CITY AIRPORT, MI US","2022-02-18","14.32"," 2333","0.00",,"30","13","  230","  220","33.1","47.0",,,,
"USW00014822","DETROIT CITY AIRPORT, MI US","2022-02-19","14.54"," 0041","0.00",,"32","14","  230","  220","31.1","51.0",,,,"    1"
"USW00014822","DETROIT CITY AIRPORT, MI US","2022-02-20","14.99"," 1543","0.00",,"47","15","  220","  210","31.1","44.1",,,,
"USW00014822","DETROIT CITY AIRPORT, MI US","2022-02-21","5.82"," 0702","0.00",,"47","30","   50","   50","12.1","17.0",,,,
"USW00014822","DETROIT CITY AIRPORT, MI US","2022-02-22","9.40"," 2216","0.10",,"56","38","  270","  270","28.0","40.0",,,,
"USW00014822","DETROIT CITY AIRPORT, MI US","2022-02-23","11.86"," 0018","0.00",,"40","19","  280","  270","25.1","40.0",,,,
"USW00014822","DETROIT CITY AIRPORT, MI US","2022-02-24","10.51"," 2105","0.00",,"30","19","   60","   60","18.1","25.1",,,,
"USW00014822","DETROIT CITY AIRPORT, MI US","2022-02-25","6.04"," 0015","0.03",,"28","21","  340","   50","15.0","23.0",,,,
"USW00014822","DETROIT CITY AIRPORT, MI US","2022-02-26","11.41"," 2244","0.00",,"34","21","  240","  230","21.0","31.1",,,,
"USW00014822","DETROIT CITY AIRPORT, MI US","2022-02-27","11.18"," 1019","0.00",,"42","25","  290","  280","18.1","29.1",,,,
"USW00014822","DETROIT CITY AIRPORT, MI US","2022-02-28","7.83"," 1848","0.00",,"34","24","  140","  150","16.1","23.0",,,,
"USW00014822","DETROIT CITY AIRPORT, MI US","2022-03-01","8.05"," 1227","0.00",,"51","29","  280","  260","18.1","28.0",,,,
"USW00014822","DETROIT CITY AIRPORT, MI US","2022-03-02","7.83"," 2229","0.01",,"47","24","  350","  320","21.9","32.0",,,,
"USW00014822","DETROIT CITY AIRPORT, MI US","2022-03-03","8.95"," 0111","0.00",,"34","21","  360","   20","21.0","29.1",,,,
"USW00014822","DETROIT CITY AIRPORT, MI US","2022-03-04","5.14"," 1610","0.00",,"39","21","  180","  170","12.1","15.0",,,,
"USW00014822","DETROIT CITY AIRPORT, MI US","2022-03-05","8.50"," 2313","0.00",,"62","31","  220","  220","23.0","31.1",,,,
"USW00014822","DETROIT CITY AIRPORT, MI US","2022-03-06","17.67"," 1021","0.00",,"63","39","  230","  230","33.1","51.0",,,,
"USW00014822","DETROIT CITY AIRPORT, MI US","2022-03-07","8.50"," 1621","0.26",,"39","33","  300","  320","21.0","30.0",,,,
"USW00014822","DETROIT CITY AIRPORT, MI US","2022-03-08","6.93"," 0013","0.00",,"41","31","  180","  290","16.1","25.9",,,,
"USW00014822","DETROIT CITY AIRPORT, MI US","2022-03-09","5.59"," 1535","0.00",,"49","27","  250","  240","17.0","23.9",,,,
"USW00014822","DETROIT CITY AIRPORT, MI US","2022-03-10","3.36"," 1111","0.00",,"43","27","  220","  230","10.1","14.1",,,,
"USW00014822","DETROIT CITY AIRPORT, MI US","2022-03-11","8.05"," 2332","0.03",,"34","26","  300","  300","23.0","36.0",,,,
"USW00014822","DETROIT CITY AIRPORT, MI US","2022-03-12","14.76"," 1644","0.00",,"26","16","  320","  280","23.0","38.9",,,,
"USW00014822","DETROIT CITY AIRPORT, MI US","2022-03-13","10.96"," 1146","0.00",,"45","15","  250","  230","21.9","32.0",,,,
"USW00014822","DETROIT CITY AIRPORT, MI US","2022-03-14","5.82"," 1516","0.00",,"59","28","  210","  230","18.1","27.1",,,,
"USW00014822","DETROIT CITY AIRPORT, MI US","2022-03-15","4.47"," 0905","0.00",,"47","33","   70","   70","12.1","14.1",,,,
"USW00014822","DETROIT CITY AIRPORT, MI US","2022-03-16","4.47"," 2057","0.00",,"64","28","  150","  150","12.1","15.0",,,,
"USW00014822","DETROIT CITY AIRPORT, MI US","2022-03-17","3.58"," 1258","0.00",,"72","37","  180","  230","12.1","18.1",,,,
"USW00014822","DETROIT CITY AIRPORT, MI US","2022-03-18","7.38"," 1222","0.32",,"55","49","   50","   70","15.0","21.9",,,,
"USW00014822","DETROIT CITY AIRPORT, MI US","2022-03-19","9.17"," 1413","0.27",,"52","41","  240","  240","21.9","35.1",,,,
"USW00014822","DETROIT CITY AIRPORT, MI US","2022-03-20","7.61"," 1100","0.00",,"60","40","  300","  350","16.1","25.9",,,,
"USW00014822","DETROIT CITY AIRPORT, MI US","2022-03-21","6.93"," 1932","0.00",,"61","36","   50","   60","17.0","27.1",,,,
"USW00014822","DETROIT CITY AIRPORT, MI US","2022-03-22","12.53"," 2339","0.14",,"46","38","   80","   70","23.0","33.1",,,,
"USW00014822","DETROIT CITY AIRPORT, MI US","2022-03-23","14.99"," 0248","0.44",,"47","39","  200","  100","25.1","38.9",,,,
"USW00014822","DETROIT CITY AIRPORT, MI US","2022-03-24","13.42"," 0928","0.00",,"52","41","  230","  240","23.9","36.9",,,,
"USW00014822","DETROIT CITY AIRPORT, MI US","2022-03-25","10.29"," 1345","0.00",,"49","39","  260","  270","19.9","28.0",,,,
"USW00014822","DETROIT CITY AIRPORT, MI US","2022-03-26","12.75"," 1116","0.03",,"41","28","  310","  310","21.9","32.0",,,,
"USW00014822","DETROIT CITY AIRPORT, MI US","2022-03-27","12.75"," 0208","0.00",,"32","21","  330","  300","21.0","34.0",,,,
"USW00014822","DETROIT CITY AIRPORT, MI US","2022-03-28","7.61"," 1223","0.00",,"32","19","  340","  340","19.9","29.1",,,,
"USW00014822","DETROIT CITY AIRPORT, MI US","2022-03-29","6.26"," 2109","0.00",,"39","21","  120","  120","13.0","21.0",,,,
"USW00014822","DETROIT CITY AIRPORT, MI US","2022-03-30","10.07"," 0656","0.17",,"51","33","   90","  110","18.1","27.1",,,,
"USW00014822","DETROIT CITY AIRPORT, MI US","2022-03-31","16.78"," 0725","0.01",,"66","38","  220","  230","38.9","55.0",,,,
"USW00014822","DETROIT CITY AIRPORT, MI US","2022-04-01","9.62"," 1124","0.00",,"41","32","  290","  280","21.0","31.1",,,,
"USW00014822","DETROIT CITY AIRPORT, MI US","2022-04-02","5.14"," 1303","0.00",,"46","27","  170","  180","14.1","18.1",,,,
"USW00014822","DETROIT CITY AIRPORT, MI US","2022-04-03","5.59"," 1241","0.02",,"47","35","  310","  300","14.1","19.0",,,,
"USW00014822","DETROIT CITY AIRPORT, MI US","2022-04-04","7.16"," 1400","0.13",,"43","34","  140","  140","17.0","21.9","    1",,,
"USW00014822","DETROIT CITY AIRPORT, MI US","2022-04-05","5.82"," 1145","0.00",,"54","34","  120","  130","15.0","21.0",,,,
"USW00014822","DETROIT CITY AIRPORT, MI US","2022-04-06","7.16"," 1740","0.24",,"56","42","  260","  250","18.1","28.0",,,,
"USW00014822","DETROIT CITY AIRPORT, MI US","2022-04-07","11.41"," 1007","0.00",,"53","40","  230","  230","25.1","38.0",,,,
"USW00014822","DETROIT CITY AIRPORT, MI US","2022-04-08","8.28"," 1507","0.24",,"51","40","  210","  200","19.9","25.9",,,,
"USW00014822","DETROIT CITY AIRPORT, MI US","2022-04-09","8.50"," 1707","0.00",,"42","34","  320","  320","14.1","23.0",,,,
"USW00014822","DETROIT CITY AIRPORT, MI US","2022-04-10","7.61"," 0034","0.00",,"53","34","  140","  320","13.0","19.0",,,,
"USW00014822","DETROIT CITY AIRPORT, MI US","2022-04-11","9.84"," 1524","0.02",,"74","41","  210","  220","23.0","31.1",,,,
"USW00014822","DETROIT CITY AIRPORT, MI US","2022-04-12","6.93"," 1517","0.00",,"66","40","  110","  100","15.0","21.0",,,,
"USW00014822","DETROIT CITY AIRPORT, MI US","2022-04-13","12.08"," 1220","0.10",,"73","54","  200","  190","25.9","40.0",,,,
"USW00014822","DETROIT CITY AIRPORT, MI US","2022-04-14","18.12"," 1735","0.04",,"63","44","  240","  250","36.0","62.0",,,,
"USW00014822","DETROIT CITY AIRPORT, MI US","2022-04-15","13.42"," 0918","0.15",,"52","45","  250","  240","32.0","48.1",,,,
"USW00014822","DETROIT CITY AIRPORT, MI US","2022-04-16","9.40"," 1755","0.00",,"50","35","  320","  310","19.9","28.0",,,,
"USW00014822","DETROIT CITY AIRPORT, MI US","2022-04-17","7.83"," 0050","0.00",,"43","30","   80","  340","16.1","23.9",,,,
"USW00014822","DETROIT CITY AIRPORT, MI US","2022-04-18","7.83"," 0824","0.32",,"41","34","   80","   70","18.1","21.9",,,,
"USW00014822","DETROIT CITY AIRPORT, MI US","2022-04-19","10.96"," 0855","0.00",,"43","35","  320","  290","23.0","32.0",,,,
"USW00014822","DETROIT CITY AIRPORT, MI US","2022-04-20","6.49"," 1303","0.00",,"48","34","  110","  180","16.1","23.9",,,,
"USW00014822","DETROIT CITY AIRPORT, MI US","2022-04-21","10.96"," 1650","0.00",,"68","45","  280","  280","21.9","36.9",,,,
"USW00014822","DETROIT CITY AIRPORT, MI US","2022-04-22","7.16"," 0022","0.16",,"54","41","   60","   50","16.1","21.9",,,,
"USW00014822","DETROIT CITY AIRPORT, MI US","2022-04-23","7.61"," 1725","0.13",,"81","44","  130","  140","15.0","19.0",,,,
"USW00014822","DETROIT CITY AIRPORT, MI US","2022-04-24","11.86"," 1858","0.13",,"85","54","  260","  260","30.0","47.0",,,,
"USW00014822","DETROIT CITY AIRPORT, MI US","2022-04-25","7.38"," 1804","0.11",,"68","50","  290","  270","16.1","23.9",,,,
"USW00014822","DETROIT CITY AIRPORT, MI US","2022-04-26","10.29"," 1921","0.00",,"50","39","  280","  280","21.0","32.0",,,,
"USW00014822","DETROIT CITY AIRPORT, MI US","2022-04-27","8.50"," 1010","0.00",,"43","32","  320","  340","16.1","25.1",,,,
"USW00014822","DETROIT CITY AIRPORT, MI US","2022-04-28","4.03"," 1241","0.00",,"52","28","   90","  110","13.0","18.1",,,,
"USW00014822","DETROIT CITY AIRPORT, MI US","2022-04-29","7.38"," 0744","0.00",,"57","31","  100","   80","15.0","21.0",,,,
"USW00014822","DETROIT CITY AIRPORT, MI US","2022-04-30","12.30"," 2340","0.00",,"62","41","  110","  110","21.9","36.9",,,,
"USW00014822","DETROIT CITY AIRPORT, MI US","2022-05-01","11.18"," 1429","0.51",,"72","48","  230","  240","23.0","34.0",,,,
"USW00014822","DETROIT CITY AIRPORT, MI US","2022-05-02","7.83"," 0122","0.01",,"58","51","  250","  280","15.0","21.9",,,,
"USW00014822","DETROIT CITY AIRPORT, MI US","2022-05-03","8.50"," 2128","0.74",,"54","50","   20","  360","17.0","25.1",,,,
"USW00014822","DETROIT CITY AIRPORT, MI US","2022-05-04","10.96"," 1057","0.00",,"63","45","   20","   20","21.9","30.0",,,,
"USW00014822","DETROIT CITY AIRPORT, MI US","2022-05-05","4.47"," 1612","0.00",,"61","41","  120","  100","10.1","14.1",,,,
"USW00014822","DETROIT CITY AIRPORT, MI US","2022-05-06","11.41"," 2101","0.05",,"62","51","   50","   50","21.0","33.1",,,,
"USW00014822","DETROIT CITY AIRPORT, MI US","2022-05-07","11.41"," 0009","0.00",,"67","48","   50","   50","21.0","34.0",,,,
"USW00014822","DETROIT CITY AIRPORT, MI US","2022-05-08","7.38"," 1612","0.00",,"65","41","  120","  130","17.0","23.9",,,,
"USW00014822","DETROIT CITY AIRPORT, MI US","2022-05-09","10.96"," 1234","0.00",,"73","47","  180","  160","21.0","30.0",,,,
"USW00014822","DETROIT CITY AIRPORT, MI US","2022-05-10","7.61"," 1104","0.00",,"82","51","  180","  190","17.0","23.0",,,,
"USW00014822","DETROIT CITY AIRPORT, MI US","2022-05-11","5.82"," 1355","0.00",,"85","60","  160","  170","15.0","19.9",,,,
"USW00014822","DETROIT CITY AIRPORT, MI US","2022-05-12","4.25"," 1412","0.00",,"86","56","  160","  170","12.1","17.0",,,,
"USW00014822","DETROIT CITY AIRPORT, MI US","2022-05-13","6.26"," 1327","0.00",,"84","60","  120","  130","14.1","19.0",,,,
"USW00014822","DETROIT CITY AIRPORT, MI US","2022-05-14","5.37"," 1453","0.00",,"85","61","  220","  220","15.0","19.9",,,,
"USW00014822","DETROIT CITY AIRPORT, MI US","2022-05-15","4.92"," 2330","0.11",,"89","62","   10","  340","17.0","33.1",,,,
"USW00014822","DETROIT CITY AIRPORT, MI US","2022-05-16","7.38"," 1438","1.02",,"77","56","  310","  310","33.1","55.9",,,,
"USW00014822","DETROIT CITY AIRPORT, MI US","2022-05-17","7.61"," 1148","0.00",,"69","51","  300","  280","16.1","23.9",,,,
"USW00014822","DETROIT CITY AIRPORT, MI US","2022-05-18","6.04"," 1640","0.36",,"56","48","  120","  120","15.0","21.9",,,,
"USW00014822","DETROIT CITY AIRPORT, MI US","2022-05-19","8.28"," 1509","0.00",,"79","56","  200","  210","17.0","21.9",,,,
"USW00014822","DETROIT CITY AIRPORT, MI US","2022-05-20","12.30"," 1636","0.00",,"87","67","  210","  210","29.1","40.9",,,,
"USW00014822","DETROIT CITY AIRPORT, MI US","2022-05-21","8.28"," 0907","0.10",,"81","66","  280","  280","31.1","46.1","    1",,"    1","    1"
"USW00014822","DETROIT CITY AIRPORT, MI US","2022-05-22","6.71"," 0555","0.01",,"67","52","  340","  310","13.0","19.9",,,,
"USW00014822","DETROIT CITY AIRPORT, MI US","2022-05-23","7.83"," 1028","0.00",,"62","49","  100","   30","15.0","21.0",,,,
"USW00014822","DETROIT CITY AIRPORT, MI US","2022-05-24","6.93"," 1923","0.00",,"70","44","   70","   60","15.0","19.9",,,,
"USW00014822","DETROIT CITY AIRPORT, MI US","2022-05-25","9.62"," 1316","0.12",,"68","53","  110","  110","19.9","29.1",,,,
"USW00014822","DETROIT CITY AIRPORT, MI US","2022-05-26","11.63"," 1249","0.47",,"79","65","  190","  200","23.9","34.0",,,,
"USW00014822","DETROIT CITY AIRPORT, MI US","2022-05-27","7.38"," 1330","0.56",,"79","58","  190","  200","17.0","23.9",,,,
"USW00014822","DETROIT CITY AIRPORT, MI US","2022-05-28","5.14"," 1258","0.00",,"75","57","  130","  100","10.1","16.1",,,,
"USW00014822","DETROIT CITY AIRPORT, MI US","2022-05-29","8.05"," 1653","0.00",,"80","60","  210","  190","19.9","28.0",,,,
"USW00014822","DETROIT CITY AIRPORT, MI US","2022-05-30","10.51"," 1557","0.00",,"88","66","  210","  210","23.0","33.1",,,,
"USW00014822","DETROIT CITY AIRPORT, MI US","2022-06-01","9.17"," 1148","0.54",,"85","58","  240","  230","31.1","51.0",,,,
"USW00014822","DETROIT CITY AIRPORT, MI US","2022-06-02","5.14"," 1537","0.00",,"77","56","   20","  310","13.0","18.1",,,,
"USW00014822","DETROIT CITY AIRPORT, MI US","2022-06-03","9.40"," 1344","0.00",,"82","57","  270","  300","21.9","35.1",,,,
"USW00014822","DETROIT CITY AIRPORT, MI US","2022-06-04","5.59"," 0002","0.00",,"73","50","  120","   50","14.1","19.0",,,,
"USW00014822","DETROIT CITY AIRPORT, MI US","2022-06-05","5.59"," 1842","0.00",,"75","62","   90","  100","16.1","23.0",,,,
"USW00014822","DETROIT CITY AIRPORT, MI US","2022-06-06","6.93"," 1101","1.02",,"82","60","  200","  220","16.1","23.0",,,,
"USW00014822","DETROIT CITY AIRPORT, MI US","2022-06-07","6.93"," 0018","0.95",,"75","61","  200","  210","16.1","23.0",,,,
"USW00014822","DETROIT CITY AIRPORT, MI US","2022-06-08","5.14"," 2001","0.80",,"73","53","   70","   70","15.0","19.9",,,,
"USW00014822","DETROIT CITY AIRPORT, MI US","2022-06-09","7.61"," 1845","0.23",,"76","55","  350","  360","23.0","38.9",,,,
"USW00014822","DETROIT CITY AIRPORT, MI US","2022-06-10","4.03"," 1907","0.00",,"78","55","  220","  210","18.1","27.1",,,"    1",
"USW00014822","DETROIT CITY AIRPORT, MI US","2022-06-11","6.26"," 1547","0.00",,"80","57","  200","  190","17.0","23.9",,,,
"USW00014822","DETROIT CITY AIRPORT, MI US","2022-06-12","8.50"," 1622","0.00",,"85","62","   50","   60","17.0","25.1",,,,
"USW00014822","DETROIT CITY AIRPORT, MI US","2022-06-13","6.49"," 2031","0.01",,"81","58","  120","  120","18.1","25.9",,,,
"USW00014822","DETROIT CITY AIRPORT, MI US","2022-06-14","6.93"," 0112","0.11",,"83","63","  110","  110","19.9","25.1",,,,
"USW00014822","DETROIT CITY AIRPORT, MI US","2022-06-15","9.62"," 1549","0.00",,"97","72","  210","  200","23.0","31.1",,,,
"USW00014822","DETROIT CITY AIRPORT, MI US","2022-06-16","12.08"," 1607","0.07",,"93","78","  260","  250","21.9","34.0",,,,
"USW00014822","DETROIT CITY AIRPORT, MI US","2022-06-17","12.53"," 2345","0.00",,"86","64","  360","  360","25.9","40.0",,,,
"USW00014822","DETROIT CITY AIRPORT, MI US","2022-06-18","9.62"," 0018","0.00",,"74","56","   10","  360","31.1","48.1",,,,
"USW00014822","DETROIT CITY AIRPORT, MI US","2022-06-19","3.80"," 1230","0.00",,"79","52","  120","  290","12.1","17.0",,,,
"USW00014822","DETROIT CITY AIRPORT, MI US","2022-06-20","6.49"," 1626","0.32",,"87","61","  210","  200","17.0","23.9",,,,
"USW00014822","DETROIT CITY AIRPORT, MI US","2022-06-21","8.50"," 1624","0.00",,"98","67","  260","  240","19.9","29.1",,,,
"USW00014822","DETROIT CITY AIRPORT, MI US","2022-06-22","9.17"," 1545","0.00",,"93","67","  330","  270","16.1","23.9",,,,
"USW00014822","DETROIT CITY AIRPORT, MI US","2022-06-23","6.26"," 1229","0.00",,"83","60","   10","  360","15.0","21.0",,,,
"USW00014822","DETROIT CITY AIRPORT, MI US","2022-06-24","4.70"," 1346","0.00",,"88","61","  190","  160","13.0","19.0",,,,
"USW00014822","DETROIT CITY AIRPORT, MI US","2022-06-25","5.59"," 1239","0.00",,"89","69","  120","  120","15.0","19.9",,,,
"USW00014822","DETROIT CITY AIRPORT, MI US","2022-06-26","8.05"," 1823","0.05",,"88","71","  280","  290","18.1","29.1",,,,
"USW00014822","DETROIT CITY AIRPORT, MI US","2022-06-27","9.40"," 1155","0.00",,"78","62","  290","  260","19.9","28.0",,,,
"USW00014822","DETROIT CITY AIRPORT, MI US","2022-06-28","5.37"," 1752","0.00",,"81","52","  210","  180","16.1","21.0",,,,
"USW00014822","DETROIT CITY AIRPORT, MI US","2022-06-29","6.04"," 0646","0.07",,"83","65","   20","  340","15.0","21.0",,,,
"USW00014822","DETROIT CITY AIRPORT, MI US","2022-06-30","8.28"," 1629","0.00",,"91","64","  200","  200","21.0","30.0",,,,
"USW00014822","DETROIT CITY AIRPORT, MI US","2022-07-01","8.28"," 1636","0.06",,"89","72","  250","  240","17.0","25.1",,,,
"USW00014822","DETROIT CITY AIRPORT, MI US","2022-07-02","6.04"," 1318","0.00",,"86","59","  300","  270","15.0","21.9",,,,
"USW00014822","DETROIT CITY AIRPORT, MI US","2022-07-03","5.82"," 1355","0.00",,"85","65","  140","  170","13.0","18.1",,,,
"USW00014822","DETROIT CITY AIRPORT, MI US","2022-07-04","6.71"," 1425","0.00",,"90","66","  200","  160","15.0","19.9",,,,
"USW00014822","DETROIT CITY AIRPORT, MI US","2022-07-05","10.51"," 0251","0.54",,"91","71","  190","  200","18.1","28.0",,,,
"USW00014822","DETROIT CITY AIRPORT, MI US","2022-07-06","5.37"," 1431","0.05",,"79","66","   20","   10","12.1","18.1",,,,
"USW00014822","DETROIT CITY AIRPORT, MI US","2022-07-07","3.58"," 1730","0.00",,"84","61","  150","  150","12.1","16.1",,,,
"USW00014822","DETROIT CITY AIRPORT, MI US","2022-07-08","6.04"," 1704","0.00",,"86","65","   30","   30","16.1","23.0",,,,
"USW00014822","DETROIT CITY AIRPORT, MI US","2022-07-09","8.50"," 0904","0.00",,"82","60","   40","   60","18.1","25.9",,,,
"USW00014822","DETROIT CITY AIRPORT, MI US","2022-07-10","4.92"," 1111","0.00",,"83","58","   80","  140","12.1","17.0",,,,
"USW00014822","DETROIT CITY AIRPORT, MI US","2022-07-11","10.51"," 1705","0.00",,"88","64","  220","  220","23.9","36.0",,,,
"USW00014822","DETROIT CITY AIRPORT, MI US","2022-07-12","9.40"," 1620","0.00",,"86","71","  270","  310","17.0","28.0",,,,
"USW00014822","DETROIT CITY AIRPORT, MI US","2022-07-13","2.91"," 1642","0.23",,"76","65","   70","   60","12.1","16.1",,,,
"USW00014822","DETROIT CITY AIRPORT, MI US","2022-07-14","4.25"," 1404","0.00",,"82","60","  120","   30","12.1","23.0",,,,
"USW00014822","DETROIT CITY AIRPORT, MI US","2022-07-15","4.70"," 2041","0.01",,"84","61","  220","  220","17.0","23.0",,,,
"USW00014822","DETROIT CITY AIRPORT, MI US","2022-07-16","6.04"," 1335","0.02",,"82","69","   90","  110","12.1","17.0",,,,
"USW00014822","DETROIT CITY AIRPORT, MI US","2022-07-17","6.04"," 1226","0.07",,"80","71","  140","  160","16.1","23.0",,,,
"USW00014822","DETROIT CITY AIRPORT, MI US","2022-07-18","6.93"," 1726","0.05",,"91","71","  280","  300","13.0","19.9",,,,
"USW00014822","DETROIT CITY AIRPORT, MI US","2022-07-19","8.95"," 1655","0.00",,"95","72","  230","  230","17.0","25.1",,,,
"USW00014822","DETROIT CITY AIRPORT, MI US","2022-07-20","12.30"," 1418","0.00",,"93","79","  220","  220","30.0","42.9",,,,
"USW00014822","DETROIT CITY AIRPORT, MI US","2022-07-21","10.51"," 2327","0.05",,"93","74","  240","  240","21.9","33.1",,,,
"USW00014822","DETROIT CITY AIRPORT, MI US","2022-07-22","7.83"," 1224","0.00",,"93","71","  250","  280","16.1","23.0",,,,
"USW00014822","DETROIT CITY AIRPORT, MI US","2022-07-23","7.83"," 2358","0.14",,"90","74","  280","  270","21.0","35.1",,,,
"USW00014822","DETROIT CITY AIRPORT, MI US","2022-07-24","10.96"," 1621","0.35",,"91","72","  230","  240","28.0","38.0",,,,
"USW00014822","DETROIT CITY AIRPORT, MI US","2022-07-25","7.16"," 1157","0.00",,"81","68","  270","  330","16.1","23.0",,,,"    1"
"USW00014822","DETROIT CITY AIRPORT, MI US","2022-07-26","4.92"," 1447","0.00",,"82","65","  130","   80","13.0","19.9",,,,
"USW00014822","DETROIT CITY AIRPORT, MI US","2022-07-27","4.92"," 1913","0.02",,"85","67","  280","  270","13.0","18.1",,,,
"USW00014822","DETROIT CITY AIRPORT, MI US","2022-07-28","9.62"," 1238","0.02",,"87","71","  300","  270","21.0","32.0",,,,
"USW00014822","DETROIT CITY AIRPORT, MI US","2022-07-29","7.16"," 1404","0.00",,"85","64","  250","  250","18.1","25.9",,,,
"USW00014822","DETROIT CITY AIRPORT, MI US","2022-07-30","4.92"," 1907","0.00",,"86","64","  220","  220","12.1","17.0",,,,
"USW00014822","DETROIT CITY AIRPORT, MI US","2022-07-31","5.82"," 1359","0.00",,"87","66","  170","  180","16.1","21.9",,,,
"USW00014822","DETROIT CITY AIRPORT, MI US","2022-08-01","10.74"," 1831","0.00",,"90","71","  230","  300","21.9","32.0",,,,
"USW00014822","DETROIT CITY AIRPORT, MI US","2022-08-02","6.71"," 0214","0.00",,"86","69","  310","  330","14.1","21.0",,,,
"USW00014822","DETROIT CITY AIRPORT, MI US","2022-08-03","9.62"," 1731","0.36",,"95","71","  360","  360","25.9","40.0",,,,
"USW00014822","DETROIT CITY AIRPORT, MI US","2022-08-04","6.26"," 2222","0.03",,"83","74","  240","  240","13.0","18.1",,,,
"USW00014822","DETROIT CITY AIRPORT, MI US","2022-08-05","4.47"," 1502","0.00",,"87","72","  130","  140","13.0","19.0",,,,
"USW00014822","DETROIT CITY AIRPORT, MI US","2022-08-06","7.61"," 1350","0.00",,"92","74","  220","  200","17.0","21.9",,,,
"USW00014822","DETROIT CITY AIRPORT, MI US","2022-08-07","7.38"," 1552","0.00",,"95","77","  290","  300","21.0","36.9",,,,
"USW00014822","DETROIT CITY AIRPORT, MI US","2022-08-08","11.41"," 2110","0.88",,"90","70","  260","   20","19.9","29.1","    1",,,
"USW00014822","DETROIT CITY AIRPORT, MI US","2022-08-09","7.16"," 0005","0.00",,"80","68","   90","  360","14.1","19.9",,,,
"USW00014822","DETROIT CITY AIRPORT, MI US","2022-08-10","3.80"," 1619","0.00",,"86","63","  280","  260","13.0","18.1",,,,
"USW00014822","DETROIT CITY AIRPORT, MI US","2022-08-11","8.50"," 1848","0.00",,"82","63","   10","   10","18.1","27.1",,,,
"USW00014822","DETROIT CITY AIRPORT, MI US","2022-08-12","5.59"," 1530","0.00",,"83","58","  130","  100","12.1","17.0",,,,
"USW00014822","DETROIT CITY AIRPORT, MI US","2022-08-13","4.70"," 1102","0.00",,"76","62","  230","  230","13.0","16.1",,,,
"USW00014822","DETROIT CITY AIRPORT, MI US","2022-08-14","4.70"," 0640","0.00",,"75","66","  150","   60","8.9","13.0",,,,
"USW00014822","DETROIT CITY AIRPORT, MI US","2022-08-15","8.50"," 1119","0.00",,"84","66","   80","   50","17.0","23.9",,,,
"USW00014822","DETROIT CITY AIRPORT, MI US","2022-08-16","7.61"," 1856","0.00",,"82","64","   70","   80","21.9","32.0",,,,
"USW00014822","DETROIT CITY AIRPORT, MI US","2022-08-17","4.92"," 1302","0.01",,"82","64","   20","   20","16.1","21.0",,,"    1",
"USW00014822","DETROIT CITY AIRPORT, MI US","2022-08-18","2.91"," 1459","0.01",,"86","60","  110","  110","15.0","19.0",,,"    1",
"USW00014822","DETROIT CITY AIRPORT, MI US","2022-08-19","5.82"," 1517","0.00",,"87","64","  190","  190","14.1","21.9",,,,
"USW00014822","DETROIT CITY AIRPORT, MI US","2022-08-20","5.82"," 1709","0.08",,"85","69","  210","  200","28.0","38.0","    1",,"    1",
"USW00014822","DETROIT CITY AIRPORT, MI US","2022-08-21","2.68"," 1957","0.14",,"81","67","  150","  150","10.1","13.0","    1",,"    1",
"USW00014822","DETROIT CITY AIRPORT, MI US","2022-08-22","5.82"," 1208","0.00",,"84","67","   20","   10","15.0","19.9","    1",,,"    1"
"USW00014822","DETROIT CITY AIRPORT, MI US","2022-08-23","2.24"," 1308","0.00",,"84","66","   70","  110","10.1","14.1",,,,
"USW00014822","DETROIT CITY AIRPORT, MI US","2022-08-24","4.03"," 1829","0.00",,"88","66","  320","  320","19.9","25.9",,,,
"USW00014822","DETROIT CITY AIRPORT, MI US","2022-08-25","4.92"," 1243","0.00",,"87","66","  210","  180","14.1","19.0",,,,
"USW00014822","DETROIT CITY AIRPORT, MI US","2022-08-26","6.71"," 0908","0.00",,"83","66","   10","  340","13.0","19.9",,,,
"USW00014822","DETROIT CITY AIRPORT, MI US","2022-08-27","4.03"," 1505","0.00",,"79","60","  120","  110","8.9","14.1",,,,
"USW00014822","DETROIT CITY AIRPORT, MI US","2022-08-28","7.16"," 1522","0.00",,"87","62","  180","  200","16.1","25.9",,,,
"USW00014822","DETROIT CITY AIRPORT, MI US","2022-08-29","10.51"," 1715","0.73",,"89","70","  290","  250","38.0","70.0",,,,
"USW00014822","DETROIT CITY AIRPORT, MI US","2022-08-30","8.28"," 1446","0.01",,"83","68","  260","  290","21.0","35.1",,,,
"USW00014822","DETROIT CITY AIRPORT, MI US","2022-08-31","9.62"," 1415","0.00",,"85","62","  270","  250","21.0","31.1",,,,
"USW00014822","DETROIT CITY AIRPORT, MI US","2022-09-01","4.03"," 1726","0.00",,"85","63","  220","  220","12.1","15.0",,,,
"USW00014822","DETROIT CITY AIRPORT, MI US","2022-09-02","6.49"," 1447","0.00",,"86","70","  200","  180","13.0","21.0",,,,
"USW00014822","DETROIT CITY AIRPORT, MI US","2022-09-03","6.49"," 1401","0.00",,"89","70","  170","  200","15.0","19.9",,,,
"USW00014822","DETROIT CITY AIRPORT, MI US","2022-09-04","8.50"," 1548","0.01",,"74","66","  360","   10","14.1","19.9",,,,
"USW00014822","DETROIT CITY AIRPORT, MI US","2022-09-05","7.16"," 1920","0.00",,"76","65","   60","   60","13.0","19.9",,,,
"USW00014822","DETROIT CITY AIRPORT, MI US","2022-09-06","6.04"," 1440","0.00",,"81","63","   10","   20","13.0","17.0",,,,
"USW00014822","DETROIT CITY AIRPORT, MI US","2022-09-07","4.92"," 1303","0.00",,"82","57","   70","   20","12.1","16.1",,,,
"USW00014822","DETROIT CITY AIRPORT, MI US","2022-09-08","3.80"," 1328","0.00",,"80","54","  140","  150","10.1","16.1",,,,
"USW00014822","DETROIT CITY AIRPORT, MI US","2022-09-09","4.25"," 1718","0.00",,"84","58","  160","  170","14.1","17.0",,,,
"USW00014822","DETROIT CITY AIRPORT, MI US","2022-09-10","6.49"," 1604","0.00",,"88","66","  160","  160","17.0","23.9",,,,
"USW00014822","DETROIT CITY AIRPORT, MI US","2022-09-11","8.50"," 1419","0.06",,"81","71","  110","  170","14.1","19.9",,,,
"USW00014822","DETROIT CITY AIRPORT, MI US","2022-09-12","7.83"," 1704","0.02",,"73","58","  220","  250","16.1","23.0",,,,
"USW00014822","DETROIT CITY AIRPORT, MI US","2022-09-13","4.92"," 0947","0.00",,"76","57","  290","  360","12.1","18.1",,,,
"USW00014822","DETROIT CITY AIRPORT, MI US","2022-09-14","6.26"," 1603","0.00",,"84","62","   70","  320","14.1","19.9",,,,
"USW00014822","DETROIT CITY AIRPORT, MI US","2022-09-15","5.59"," 1048","0.00",,"74","60","  110","  120","12.1","15.0",,,,
"USW00014822","DETROIT CITY AIRPORT, MI US","2022-09-16","3.58"," 1640","0.00",,"84","59","  190","  190","12.1","15.0",,,,
"USW00014822","DETROIT CITY AIRPORT, MI US","2022-09-17","6.93"," 1416","0.00",,"85","62","  220","  220","17.0","23.0",,,,
"USW00014822","DETROIT CITY AIRPORT, MI US","2022-09-18","10.51"," 1633","0.00",,"88","71","  230","  220","19.9","28.0",,,,
"USW00014822","DETROIT CITY AIRPORT, MI US","2022-09-19","8.50"," 0458","0.15",,"85","67","  280","  270","18.1","30.0",,,,
"USW00014822","DETROIT CITY AIRPORT, MI US","2022-09-20","4.47"," 1811","0.28",,"81","60","  220","  230","21.9","33.1",,,,
"USW00014822","DETROIT CITY AIRPORT, MI US","2022-09-21","9.40"," 2139","0.32",,"88","66","  320","  330","21.0","34.0",,,,
"USW00014822","DETROIT CITY AIRPORT, MI US","2022-09-22","10.51"," 0945","0.00",,"68","52","  330","  320","21.0","34.0",,,,
"USW00014822","DETROIT CITY AIRPORT, MI US","2022-09-23","5.82"," 1459","0.00",,"65","48","  100","  110","10.1","14.1",,,,
"USW00014822","DETROIT CITY AIRPORT, MI US","2022-09-24","3.58"," 1503","0.04",,"65","53","  160","  180","12.1","17.0",,,,
"USW00014822","DETROIT CITY AIRPORT, MI US","2022-09-25","7.16"," 1625","0.45",,"67","56","  310","  280","17.0","25.1",,,,
"USW00014822","DETROIT CITY AIRPORT, MI US","2022-09-26","12.30"," 1530","0.00",,"64","53","  260","  270","23.9","36.9",,,,
"USW00014822","DETROIT CITY AIRPORT, MI US","2022-09-27","10.07"," 1553","0.00",,"63","53","  270","  280","17.0","25.9",,,,
"USW00014822","DETROIT CITY AIRPORT, MI US","2022-09-28","9.62"," 0540","0.00",,"59","51","  330","  300","17.0","25.1",,,,
"USW00014822","DETROIT CITY AIRPORT, MI US","2022-09-29","3.80"," 0749","0.00",,"62","47","   10","  360","12.1","16.1",,,,
"USW00014822","DETROIT CITY AIRPORT, MI US","2022-09-30","5.14"," 1011","0.00",,"67","45","   50","   70","13.0","17.0","    1",,,"    1"
"USW00014822","DETROIT CITY AIRPORT, MI US","2022-10-01","9.62"," 1753","0.00",,"72","52","   10","   10","19.9","30.0",,,,
"USW00014822","DETROIT CITY AIRPORT, MI US","2022-10-02","10.51"," 1117","0.00",,"68","48","   10","  360","17.0","27.1",,,,
"USW00014822","DETROIT CITY AIRPORT, MI US","2022-10-03","4.47"," 1300","0.00",,"66","43","   80","   40","13.0","18.1",,,,
"USW00014822","DETROIT CITY AIRPORT, MI US","2022-10-04","1.79"," 1052","0.00",,"73","42","  120","  350","8.9","14.1",,,,
"USW00014822","DETROIT CITY AIRPORT, MI US","2022-10-05","2.24"," 1341","0.00",,"79","48","  280","  230","8.9","16.1",,,,
"USW00014822","DETROIT CITY AIRPORT, MI US","2022-10-06","7.38"," 1417","0.00",,"79","56","  230","  210","19.9","29.1",,,,
"USW00014822","DETROIT CITY AIRPORT, MI US","2022-10-07","8.95"," 0526","0.00",,"57","41","  350","  330","18.1","32.0",,,,
"USW00014822","DETROIT CITY AIRPORT, MI US","2022-10-08","8.72"," 1721","0.00",,"57","36","  260","  280","19.9","30.0",,,,
"USW00014822","DETROIT CITY AIRPORT, MI US","2022-10-09","8.50"," 1337","0.00",,"68","42","  240","  250","17.0","28.0",,,,
"USW00014822","DETROIT CITY AIRPORT, MI US","2022-10-10","4.70"," 1211","0.00",,"66","49","  110","  170","12.1","17.0",,,,
"USW00014822","DETROIT CITY AIRPORT, MI US","2022-10-11","9.62"," 1513","0.00",,"77","50","  200","  200","19.9","27.1",,,,
"USW00014822","DETROIT CITY AIRPORT, MI US","2022-10-12","12.30"," 1518","0.05",,"71","56","  180","  180","23.9","35.1",,,,
"USW00014822","DETROIT CITY AIRPORT, MI US","2022-10-13","11.41"," 1340","0.00",,"61","45","  230","  240","28.0","42.9",,,,
"USW00014822","DETROIT CITY AIRPORT, MI US","2022-10-14","12.30"," 1609","0.00",,"62","42","  210","  220","23.9","33.1",,,,
"USW00014822","DETROIT CITY AIRPORT, MI US","2022-10-15","12.97"," 0145","0.00",,"59","45","  200","  210","21.9","31.1",,,,
"USW00014822","DETROIT CITY AIRPORT, MI US","2022-10-16","6.71"," 2036","0.00",,"62","43","  290","  270","16.1","21.9",,,,
"USW00014822","DETROIT CITY AIRPORT, MI US","2022-10-17","11.86"," 1624","0.04",,"48","42","  230","  300","23.9","32.0",,,,
"USW00014822","DETROIT CITY AIRPORT, MI US","2022-10-18","12.30"," 1025","0.04",,"44","41","  270","  270","21.9","35.1",,,,
"USW00014822","DETROIT CITY AIRPORT, MI US","2022-10-19","10.74"," 1314","0.01",,"48","40","  270","  270","21.9","33.1",,,,
"USW00014822","DETROIT CITY AIRPORT, MI US","2022-10-20","7.61"," 1240","0.03",,"43","35","  200","  220","17.0","21.9",,,,
"USW00014822","DETROIT CITY AIRPORT, MI US","2022-10-21","12.08"," 2052","0.00",,"69","35","  200","  200","19.9","29.1",,,,"    1"
"USW00014822","DETROIT CITY AIRPORT, MI US","2022-10-22","9.40"," 1412","0.00",,"74","52","  170","  170","18.1","23.9",,,,
"USW00014822","DETROIT CITY AIRPORT, MI US","2022-10-23","7.61"," 1440","0.00",,"78","52","  140","  190","18.1","25.1",,,,
"USW00014822","DETROIT CITY AIRPORT, MI US","2022-10-24","6.71"," 1419","0.00",,"78","49","  180","  170","16.1","21.9",,,,
"USW00014822","DETROIT CITY AIRPORT, MI US","2022-10-25","8.95"," 1523","0.01",,"77","58","  140","  130","15.0","23.0",,,,
"USW00014822","DETROIT CITY AIRPORT, MI US","2022-10-26","9.17"," 1216","0.11",,"64","46","  310","  320","21.0","35.1",,,,
"USW00014822","DETROIT CITY AIRPORT, MI US","2022-10-27","3.80"," 0017","0.00",,"53","35","  320","  320","14.1","21.9",,,,
"USW00014822","DETROIT CITY AIRPORT, MI US","2022-10-28","4.70"," 1549","0.00",,"59","40","  110","  110","10.1","14.1","    1",,,"    1"
"USW00014822","DETROIT CITY AIRPORT, MI US","2022-10-29","2.24"," 1256","0.00",,"65","37","  100","   80","8.1","11.0",,,,
"USW00014822","DETROIT CITY AIRPORT, MI US","2022-10-30","2.46"," 1314","0.00",,"62","41","  100","  130","8.1","10.1",,,,
"USW00014822","DETROIT CITY AIRPORT, MI US","2022-10-31","3.36"," 1528","0.44",,"65","53","  220","  200","15.0","21.9",,,,
"USW00014822","DETROIT CITY AIRPORT, MI US","2022-11-01","4.03"," 1349","0.00",,"70","48","  270","  250","13.0","17.0",,,,
"USW00014822","DETROIT CITY AIRPORT, MI US","2022-11-02","3.13"," 1419","0.00",,"69","44","  210","  220","12.1","16.1",,,,
"USW00014822","DETROIT CITY AIRPORT, MI US","2022-11-03","5.82"," 1328","0.00",,"68","44","  170","  190","13.0","18.1",,,,
"USW00014822","DETROIT CITY AIRPORT, MI US","2022-11-04","11.86"," 1358","0.00",,"74","55","  180","  190","23.9","34.0",,,,
"USW00014822","DETROIT CITY AIRPORT, MI US","2022-11-05","16.11"," 2102","0.01",,"75","60","  230","  240","35.1","52.1",,,,
"USW00014822","DETROIT CITY AIRPORT, MI US","2022-11-06","11.41"," 0004","0.00",,"66","47","  240","  250","23.9","36.0",,,,
"USW00014822","DETROIT CITY AIRPORT, MI US","2022-11-07","8.72"," 0333","0.00",,"60","42","  290","  280","15.0","23.0",,,,
"USW00014822","DETROIT CITY AIRPORT, MI US","2022-11-08","7.61"," 2211","0.00",,"53","39","  100","  100","17.0","25.1",,,,
"USW00014822","DETROIT CITY AIRPORT, MI US","2022-11-09","6.93"," 1135","0.00",,"65","39","  210","  210","17.0","21.9",,,,
"USW00014822","DETROIT CITY AIRPORT, MI US","2022-11-10","10.07"," 1533","0.00",,"72","54","  180","  180","17.0","23.0",,,,
"USW00014822","DETROIT CITY AIRPORT, MI US","2022-11-11","6.26"," 2339","0.00",,"64","43","  300","  310","17.0","28.0",,,,
"USW00014822","DETROIT CITY AIRPORT, MI US","2022-11-12","8.72"," 0042","0.11",,"43","34","  300","  310","18.1","27.1",,,,
"USW00014822","DETROIT CITY AIRPORT, MI US","2022-11-13","8.50"," 1446","0.00",,"40","35","  310","  310","15.0","23.0",,,,
"USW00014822","DETROIT CITY AIRPORT, MI US","2022-11-14","3.13"," 2152","0.00",,"43","31","   60","   50","12.1","18.1",,,,
"USW00014822","DETROIT CITY AIRPORT, MI US","2022-11-15","9.17"," 0957","0.07",,"40","36","   70","   60","21.0","27.1",,,,
"USW00014822","DETROIT CITY AIRPORT, MI US","2022-11-16","7.83"," 0906","0.00",,"40","36","  260","  260","16.1","23.9",,,,
"USW00014822","DETROIT CITY AIRPORT, MI US","2022-11-17","12.53"," 2018","0.00",,"38","29","  230","  230","23.0","35.1",,,,
"USW00014822","DETROIT CITY AIRPORT, MI US","2022-11-18","14.09"," 1817","0.00",,"35","26","  230","  240","21.9","32.0",,,,
"USW00014822","DETROIT CITY AIRPORT, MI US","2022-11-19","17.00"," 1614","0.01",,"31","23","  220","  240","29.1","42.9",,,,"    1"
"USW00014822","DETROIT CITY AIRPORT, MI US","2022-11-20","10.96"," 1241","0.00",,"27","18","  260","  260","19.9","29.1",,,,
"USW00014822","DETROIT CITY AIRPORT, MI US","2022-11-21","12.53"," 1328","0.00",,"46","24","  240","  220","25.1","38.0",,,,
"USW00014822","DETROIT CITY AIRPORT, MI US","2022-11-22","5.37"," 1238","0.00",,"51","24","  230","  220","16.1","19.9",,,,
"USW00014822","DETROIT CITY AIRPORT, MI US","2022-11-23","2.24"," 1154","0.00",,"55","27","  220","  180","8.1","12.1",,,,
"USW00014822","DETROIT CITY AIRPORT, MI US","2022-11-24","4.92"," 2347","0.04",,"56","30","  230","  240","14.1","19.9",,,,
"USW00014822","DETROIT CITY AIRPORT, MI US","2022-11-25","9.17"," 1254","0.00",,"53","39","  280","  280","19.9","25.9",,,,
"USW00014822","DETROIT CITY AIRPORT, MI US","2022-11-26","9.40"," 1507","0.00",,"56","34","  230","  230","19.9","27.1",,,,
"USW00014822","DETROIT CITY AIRPORT, MI US","2022-11-27","7.61"," 1806","0.95",,"45","41","  330","  320","15.0","25.9",,,,
"USW00014822","DETROIT CITY AIRPORT, MI US","2022-11-28","4.92"," 0008","0.00",,"44","39","  310","  320","13.0","19.0",,,,
"USW00014822","DETROIT CITY AIRPORT, MI US","2022-11-29","10.07"," 2057","0.03",,"54","41","  130","  160","21.0","29.1",,,,
"USW00014822","DETROIT CITY AIRPORT, MI US","2022-11-30","17.67"," 0711","0.06",,"56","32","  260","  280","25.9","42.1",,,,
"USW00014822","DETROIT CITY AIRPORT, MI US","2022-12-01","10.96"," 0008","0.00",,"40","29","  270","  250","25.1","38.0",,,,
"USW00014822","DETROIT CITY AIRPORT, MI US","2022-12-02","14.09"," 2312","0.00",,"56","34","  210","  220","36.9","49.0",,,,
"USW00014822","DETROIT CITY AIRPORT, MI US","2022-12-03","14.99"," 0811","0.04",,"55","29","  280","  300","32.0","49.0",,,,
"USW00014822","DETROIT CITY AIRPORT, MI US","2022-12-04","10.51"," 1901","0.00",,"38","23","  220","  200","19.9","27.1",,,,
"USW00014822","DETROIT CITY AIRPORT, MI US","2022-12-05","9.17"," 0224","0.00",,"46","29","  200","  220","17.0","23.9",,,,
"USW00014822","DETROIT CITY AIRPORT, MI US","2022-12-06","4.92"," 1135","0.00",,"49","43","  120","  120","18.1","21.9",,,,
"USW00014822","DETROIT CITY AIRPORT, MI US","2022-12-07","2.91"," 0646","0.00",,"49","43","  350","  340","10.1","14.1",,,,
"USW00014822","DETROIT CITY AIRPORT, MI US","2022-12-08","7.61"," 2344","0.00",,"46","36","   20","   20","13.0","18.1",,,,
"USW00014822","DETROIT CITY AIRPORT, MI US","2022-12-09","10.51"," 2022","0.01",,"39","34","   50","   50","21.0","31.1",,,,
"USW00014822","DETROIT CITY AIRPORT, MI US","2022-12-10","7.38"," 0007","0.00",,"40","34","   50","   50","16.1","23.9",,,,
"USW00014822","DETROIT CITY AIRPORT, MI US","2022-12-11","5.59"," 0917","0.00",,"41","36","  300","  320","12.1","16.1",,,,
"USW00014822","DETROIT CITY AIRPORT, MI US","2022-12-12","7.16"," 2025","0.00",,"39","33","   70","   20","12.1","16.1",,,,
"USW00014822","DETROIT CITY AIRPORT, MI US","2022-12-13","8.28"," 2105","0.00",,"35","31","   70","   50","15.0","21.0",,,,
"USW00014822","DETROIT CITY AIRPORT, MI US","2022-12-14","14.32"," 2344","0.00",,"40","31","  110","  100","23.9","38.0",,,,
"USW00014822","DETROIT CITY AIRPORT, MI US","2022-12-15","11.41"," 0342","0.46",,"48","38","  100","   90","29.1","42.1",,,,
"USW00014822","DETROIT CITY AIRPORT, MI US","2022-12-16","10.96"," 2352","0.00",,"39","33","  210","  230","18.1","27.1",,,,
"USW00014822","DETROIT CITY AIRPORT, MI US","2022-12-17","12.30"," 1238","0.00",,"33","29","  220","  220","18.1","25.9",,,,
"USW00014822","DETROIT CITY AIRPORT, MI US","2022-12-18","13.42"," 1246","0.00",,"32","25","  250","  240","21.0","29.1",,,,
"USW00014822","DETROIT CITY AIRPORT, MI US","2022-12-19","6.49"," 0750","0.00",,"28","26","  300","  300","15.0","23.0",,,,
"USW00014822","DETROIT CITY AIRPORT, MI US","2022-12-20","5.37"," 1007","0.00",,"35","26","  220","  220","15.0","19.0",,,,
"USW00014822","DETROIT CITY AIRPORT, MI US","2022-12-21","3.80"," 2207","0.00",,"33","25","   90","   90","8.9","14.1",,,,"    1"
"USW00014822","DETROIT CITY AIRPORT, MI US","2022-12-22","7.38"," 1932","0.26",,"44","31","  110","  110","13.0","18.1",,,,
"USW00014822","DETROIT CITY AIRPORT, MI US","2022-12-23","23.04"," 1653","0.02",,"42","2","  240","  230","33.1","50.1",,,,
"USW00014822","DETROIT CITY AIRPORT, MI US","2022-12-24","21.25"," 0307","0.00",,"17","3","  230","  230","31.1","49.0",,,,
"USW00014822","DETROIT CITY AIRPORT, MI US","2022-12-25","11.63"," 1028","0.00",,"20","14","  220","  230","21.0","29.1",,,,
"USW00014822","DETROIT CITY AIRPORT, MI US","2022-12-26","8.28"," 0352","0.00",,"24","14","  220","  240","14.1","18.1",,,,
"USW00014822","DETROIT CITY AIRPORT, MI US","2022-12-27","10.07"," 2344","0.00",,"31","21","  190","  190","19.9","34.0",,,,"    1"
"USW00014822","DETROIT CITY AIRPORT, MI US","2022-12-28","14.09"," 0159","0.00",,"42","31","  210","  210","21.9","30.0",,,,
"USW00014822","DETROIT CITY AIRPORT, MI US","2022-12-29","9.84"," 2207","0.00",,"54","39","  200","  200","16.1","23.9",,,,
"USW00014822","DETROIT CITY AIRPORT, MI US","2022-12-30","10.07"," 1034","0.56",,"57","49","  200","  210","18.1","27.1",,,,
"USW00014822","DETROIT CITY AIRPORT, MI US","2022-12-31","4.92"," 1450","0.50",,"50","39","  270","  320","10.1","17.0",,,,
"USW00014822","DETROIT CITY AIRPORT, MI US","2023-01-01","6.93"," 1327","0.10",,"47","38","  260","  260","13.0","19.9",,,,
"USW00014822","DETROIT CITY AIRPORT, MI US","2023-01-02","2.91"," 2107","0.00",,"50","38","   20","   70","8.1","11.0",,,,
"USW00014822","DETROIT CITY AIRPORT, MI US","2023-01-03","6.49"," 0709","0.34",,"44","40","   40","   50","13.0","17.0",,,,
"USW00014822","DETROIT CITY AIRPORT, MI US","2023-01-04","5.59"," 1621","0.01",,"59","41","  240","  280","19.9","30.0",,,,
"USW00014822","DETROIT CITY AIRPORT, MI US","2023-01-05","9.62"," 0044","0.02",,"42","36","  240","  250","17.0","23.9",,,,
"USW00014822","DETROIT CITY AIRPORT, MI US","2023-01-06","8.05"," 1502","0.00",,"40","35","  240","  240","14.1","19.0",,,,
"USW00014822","DETROIT CITY AIRPORT, MI US","2023-01-07","4.92"," 1249","0.01",,"36","31","  320","  330","13.0","19.9",,,,
"USW00014822","DETROIT CITY AIRPORT, MI US","2023-01-08","4.03"," 2249","0.00",,"35","28","  270","  290","12.1","18.1",,,,
"USW00014822","DETROIT CITY AIRPORT, MI US","2023-01-09","9.62"," 1424","0.00",,"42","28","  230","  230","16.1","23.0",,,,"    1"
"USW00014822","DETROIT CITY AIRPORT, MI US","2023-01-10","4.92"," 1954","0.00",,"43","29","   80","   80","12.1","14.1",,,,
"USW00014822","DETROIT CITY AIRPORT, MI US","2023-01-11","7.83"," 0119","0.00",,"44","35","  100","  110","16.1","21.0",,,,
"USW00014822","DETROIT CITY AIRPORT, MI US","2023-01-12","10.51"," 2137","0.01",,"44","35","  350","  350","23.9","35.1",,,,
"USW00014822","DETROIT CITY AIRPORT, MI US","2023-01-13","13.65"," 0308","0.00",,"36","26","  350","  350","23.9","36.9",,,,
"USW00014822","DETROIT CITY AIRPORT, MI US","2023-01-14","6.04"," 0130","0.00",,"33","22","  350","  350","17.0","25.9",,,,"    1"
"USW00014822","DETROIT CITY AIRPORT, MI US","2023-01-15","5.14"," 1813","0.00",,"37","20","  130","  120","12.1","15.0",,,,"    1"
"USW00014822","DETROIT CITY AIRPORT, MI US","2023-01-16","8.28"," 2116","0.28",,"42","28","  150","  140","17.0","23.9","    1",,,"    1"
"USW00014822","DETROIT CITY AIRPORT, MI US","2023-01-17","10.74"," 1913","0.00",,"52","38","  220","  240","21.0","31.1","    1",,,"    1"
"USW00014822","DETROIT CITY AIRPORT, MI US","2023-01-18","8.05"," 0012","0.00",,"46","39","  260","  250","17.0","25.9",,,,
"USW00014822","DETROIT CITY AIRPORT, MI US","2023-01-19","10.74"," 0616","1.01",,"49","38","  100","   90","23.0","36.0","    1",,,"    1"
"USW00014822","DETROIT CITY AIRPORT, MI US","2023-01-20","10.07"," 0907","0.01",,"41","35","  260","  270","18.1","28.0",,,,
"USW00014822","DETROIT CITY AIRPORT, MI US","2023-01-21","6.93"," 1251","0.00",,"36","33","  240","  230","14.1","21.0",,,,
"USW00014822","DETROIT CITY AIRPORT, MI US","2023-01-22","3.36"," 0047","0.15",,"35","31","  240","  220","10.1","15.0","    1",,,"    1"
"USW00014822","DETROIT CITY AIRPORT, MI US","2023-01-23","10.07"," 2111","0.00",,"36","30","  230","  250","21.9","31.1","    1",,,"    1"
"USW00014822","DETROIT CITY AIRPORT, MI US","2023-01-24","8.95"," 0011","0.00",,"42","30","  230","  220","21.9","33.1",,,,"    1"
"USW00014822","DETROIT CITY AIRPORT, MI US","2023-01-25","9.40"," 1235","0.32",,"35","33","   60","   60","17.0","25.1","    1",,,"    1"
"USW00014822","DETROIT CITY AIRPORT, MI US","2023-01-26","8.28"," 2258","0.01",,"35","28","  240","  240","17.0","25.9","    1",,,"    1"
"USW00014822","DETROIT CITY AIRPORT, MI US","2023-01-27","15.43"," 1941","0.00",,"38","23","  200","  190","23.9","36.0",,,,"    1"
"USW00014822","DETROIT CITY AIRPORT, MI US","2023-01-28","7.83"," 0212","0.00",,"38","27","  260","  260","25.9","40.0",,,,"    1"
"USW00014822","DETROIT CITY AIRPORT, MI US","2023-01-29","6.93"," 1349","0.03",,"34","27","  360","  360","16.1","21.0",,,,
"USW00014822","DETROIT CITY AIRPORT, MI US","2023-01-30","5.59"," 2248","0.02",,"30","14","  300","  290","15.0","23.0",,,,
"USW00014822","DETROIT CITY AIRPORT, MI US","2023-01-31","4.92"," 0028","0.00",,"21","9","  310","  300","13.0","19.9",,,,
"USW00014822","DETROIT CITY AIRPORT, MI US","2023-02-01","9.84"," 1436","0.00",,"27","11","  240","  250","17.0","23.9",,,,
"USW00014822","DETROIT CITY AIRPORT, MI US","2023-02-02","13.65"," 1940","0.00",,"36","18","  230","  340","23.9","36.9",,,,
"USW00014822","DETROIT CITY AIRPORT, MI US","2023-02-03","8.28"," 1012","0.00",,"18","6","  320","  310","17.0","30.0",,,,
"USW00014822","DETROIT CITY AIRPORT, MI US","2023-02-04","11.18"," 1341","0.00",,"37","8","  200","  200","23.9","35.1",,,,
"USW00014822","DETROIT CITY AIRPORT, MI US","2023-02-05","12.30"," 1052","0.00",,"44","36","  220","  220","21.0","30.0",,,,
"USW00014822","DETROIT CITY AIRPORT, MI US","2023-02-06","7.83"," 0046","0.00",,"36","30","  150","  330","18.1","28.0",,,,
"USW00014822","DETROIT CITY AIRPORT, MI US","2023-02-07","13.20"," 1322","0.00",,"55","31","  230","  250","28.0","40.0",,,,
"USW00014822","DETROIT CITY AIRPORT, MI US","2023-02-08","5.82"," 0028","0.00",,"47","35","  300","  280","14.1","19.0",,,,
"USW00014822","DETROIT CITY AIRPORT, MI US","2023-02-09","11.86"," 1730","0.67",,"59","36","  230","  220","32.0","49.0",,,,
"USW00014822","DETROIT CITY AIRPORT, MI US","2023-02-10","12.30"," 1622","0.00",,"44","33","  260","  290","21.9","34.0",,,,
"USW00014822","DETROIT CITY AIRPORT, MI US","2023-02-11","7.83"," 1338","0.00",,"42","25","  200","  200","16.1","23.0",,,,
"USW00014822","DETROIT CITY AIRPORT, MI US","2023-02-12","5.37"," 1419","0.00",,"54","27","  210","  210","14.1","18.1",,,,
"USW00014822","DETROIT CITY AIRPORT, MI US","2023-02-13","9.17"," 1344","0.00",,"53","35","  260","  250","21.9","33.1",,,,
"USW00014822","DETROIT CITY AIRPORT, MI US","2023-02-14","8.05"," 2134","0.00",,"53","28","  140","  140","19.9","28.0","    1",,,"    1"
"USW00014822","DETROIT CITY AIRPORT, MI US","2023-02-15","19.91"," 1107","0.00",,"62","43","  220","  240","36.9","55.9",,,,
"USW00014822","DETROIT CITY AIRPORT, MI US","2023-02-16","10.74"," 1657","0.04",,"43","32","   40","   50","19.9","28.0",,,,
"USW00014822","DETROIT CITY AIRPORT, MI US","2023-02-17","10.51"," 0348","0.00",,"32","20","  340","  330","21.9","34.0",,,,
"USW00014822","DETROIT CITY AIRPORT, MI US","2023-02-18","12.75"," 1149","0.00",,"46","23","  230","  240","21.0","30.0",,,,
"USW00014822","DETROIT CITY AIRPORT, MI US","2023-02-19","13.65"," 1528","0.00",,"55","38","  240","  230","28.0","38.9",,,,
"USW00014822","DETROIT CITY AIRPORT, MI US","2023-02-20","5.37"," 0446","0.00",,"47","32","  130","  260","10.1","17.0",,,,
"USW00014822","DETROIT CITY AIRPORT, MI US","2023-02-21","9.84"," 0953","0.00",,"42","32","  280","  300","23.9","42.9",,,,
"USW00014822","DETROIT CITY AIRPORT, MI US","2023-02-22","12.53"," 1403","0.64",,"34","33","   70","   90","23.9","34.0",,,,
"USW00014822","DETROIT CITY AIRPORT, MI US","2023-02-23","10.07"," 1956","0.00",,"43","30","  280","  260","25.1","40.0",,,,
"USW00014822","DETROIT CITY AIRPORT, MI US","2023-02-24","10.51"," 0114","0.00",,"36","23","  310","  310","21.9","38.9",,,,
"USW00014822","DETROIT CITY AIRPORT, MI US","2023-02-25","8.05"," 2242","0.01",,"38","23","  240","  240","19.9","28.0",,,,
"USW00014822","DETROIT CITY AIRPORT, MI US","2023-02-26","9.40"," 1425","0.00",,"50","30","  260","  250","21.0","30.0",,,,
"USW00014822","DETROIT CITY AIRPORT, MI US","2023-02-27","10.96"," 1431","0.84",,"36","29","   70","   70","25.1","38.0",,,,
"USW00014822","DETROIT CITY AIRPORT, MI US","2023-02-28","8.05"," 0750","0.01",,"48","35","  260","  260","19.9","35.1",,,,
"USW00014822","DETROIT CITY AIRPORT, MI US","2023-03-01","5.82"," 0805","0.01",,"51","33","   80","   80","16.1","23.0",,,,
"USW00014822","DETROIT CITY AIRPORT, MI US","2023-03-02","6.49"," 0747","0.00",,"45","35","  290","  270","15.0","23.9",,,,
"USW00014822","DETROIT CITY AIRPORT, MI US","2023-03-03","13.20"," 1846","0.77",,"38","32","   50","   30","28.0","45.0","    1",,"    1","    1"
"USW00014822","DETROIT CITY AIRPORT, MI US","2023-03-04","8.28"," 0009","0.00",,"44","33","  340","  340","25.1","36.9","    1",,,
"USW00014822","DETROIT CITY AIRPORT, MI US","2023-03-05","5.59"," 0905","0.00",,"51","37","  320","  300","10.1","15.0",,,,
"USW00014822","DETROIT CITY AIRPORT, MI US","2023-03-06","11.86"," 1749","0.28",,"43","35","  100","   90","21.9","29.1",,,,
"USW00014822","DETROIT CITY AIRPORT, MI US","2023-03-07","11.41"," 1156","0.05",,"44","33","  360","   10","21.9","30.0",,,,
"USW00014822","DETROIT CITY AIRPORT, MI US","2023-03-08","10.07"," 1253","0.00",,"45","30","  350","   20","19.9","28.0",,,,
"USW00014822","DETROIT CITY AIRPORT, MI US","2023-03-09","8.28"," 1354","0.00",,"45","29","   70","   80","17.0","25.1",,,,
"USW00014822","DETROIT CITY AIRPORT, MI US","2023-03-10","12.08"," 2025","0.13",,"37","32","  350","  350","21.9","30.0",,,,
"USW00014822","DETROIT CITY AIRPORT, MI US","2023-03-11","8.50"," 0647","0.00",,"42","30","  350","  350","15.0","21.9",,,,
"USW00014822","DETROIT CITY AIRPORT, MI US","2023-03-12","5.59"," 0955","0.00",,"36","28","   60","   50","14.1","18.1",,,,
"USW00014822","DETROIT CITY AIRPORT, MI US","2023-03-13","6.04"," 1558","0.04",,"34","26","  350","  350","15.0","19.9",,,,
"USW00014822","DETROIT CITY AIRPORT, MI US","2023-03-14","8.95"," 1456","0.00",,"38","23","  350","  310","18.1","29.1",,,,
"USW00014822","DETROIT CITY AIRPORT, MI US","2023-03-15","6.93"," 1551","0.00",,"48","25","  200","  190","16.1","21.9",,,,
"USW00014822","DETROIT CITY AIRPORT, MI US","2023-03-16","11.41"," 1528","0.03",,"57","37","  200","  210","21.9","32.0",,,,
"USW00014822","DETROIT CITY AIRPORT, MI US","2023-03-17","14.76"," 1445","0.11",,"53","34","  270","  270","25.1","38.0",,,,
"USW00014822","DETROIT CITY AIRPORT, MI US","2023-03-18","17.00"," 0823","0.00",,"34","23","  260","  250","23.9","38.0",,,,
"USW00014822","DETROIT CITY AIRPORT, MI US","2023-03-19","12.75"," 1321","0.00",,"42","23","  230","  230","19.9","32.0",,,,
"USW00014822","DETROIT CITY AIRPORT, MI US","2023-03-20","15.66"," 1502","0.00",,"52","28","  220","  210","25.1","38.0",,,,
"USW00014822","DETROIT CITY AIRPORT, MI US","2023-03-21","8.95"," 0005","0.00",,"57","38","  180","  220","16.1","23.0",,,,
"USW00014822","DETROIT CITY AIRPORT, MI US","2023-03-22","10.29"," 1245","0.16",,"50","43","  200","  200","21.9","32.0",,,,
"USW00014822","DETROIT CITY AIRPORT, MI US","2023-03-23","6.71"," 0141","0.16",,"52","37","   50","  210","16.1","23.0",,,,
"USW00014822","DETROIT CITY AIRPORT, MI US","2023-03-24","8.28"," 1402","0.00",,"44","35","   70","   50","15.0","19.9",,,,
"USW00014822","DETROIT CITY AIRPORT, MI US","2023-03-25","19.69"," 1652","0.25",,"54","37","  210","  250","40.9","59.9",,,,
"USW00014822","DETROIT CITY AIRPORT, MI US","2023-03-26","8.50"," 0020","0.00",,"54","34","  260","  260","21.9","36.0",,,,
"USW00014822","DETROIT CITY AIRPORT, MI US","2023-03-27","7.61"," 0758","0.00",,"45","32","   30","   10","16.1","19.9",,,,
"USW00014822","DETROIT CITY AIRPORT, MI US","2023-03-28","3.36"," 1817","0.00",,"54","28","  210","  190","12.1","15.0",,,,
"USW00014822","DETROIT CITY AIRPORT, MI US","2023-03-29","11.18"," 1203","0.00",,"48","31","  240","  250","29.1","45.0",,,,
"USW00014822","DETROIT CITY AIRPORT, MI US","2023-03-30","6.93"," 1225","0.00",,"47","22","  210","  210","15.0","25.9",,,,
"USW00014822","DETROIT CITY AIRPORT, MI US","2023-03-31","10.07"," 2304","1.10",,"57","37","  190","  180","18.1","29.1","    1",,"    1","    1"
"USW00014822","DETROIT CITY AIRPORT, MI US","2023-04-01","12.75"," 0234","0.86",,"61","33","  230","  240","25.9","38.0",,,,
"USW00014822","DETROIT CITY AIRPORT, MI US","2023-04-02","6.93"," 1633","0.00",,"47","28","  160","  160","16.1","23.0",,,,
"USW00014822","DETROIT CITY AIRPORT, MI US","2023-04-03","8.50"," 1733","0.89",,"68","37","  340","  330","17.0","25.1",,,,
"USW00014822","DETROIT CITY AIRPORT, MI US","2023-04-04","10.51"," 2312","0.02",,"57","47","  100","  110","21.9","30.0",,,,
"USW00014822","DETROIT CITY AIRPORT, MI US","2023-04-05","12.75"," 1226","0.19",,"79","49","  210","  210","30.0","42.1",,,,
"USW00014822","DETROIT CITY AIRPORT, MI US","2023-04-06","11.41"," 0035","0.00",,"55","41","  260","  250","21.0","33.1",,,,
"USW00014822","DETROIT CITY AIRPORT, MI US","2023-04-07","7.16"," 0725","0.00",,"49","36","   70","   10","14.1","19.0",,,,
"USW00014822","DETROIT CITY AIRPORT, MI US","2023-04-08","5.82"," 0801","0.00",,"51","31","  130","  140","15.0","19.9",,,,
"USW00014822","DETROIT CITY AIRPORT, MI US","2023-04-09","5.14"," 1512","0.00",,"61","34","  160","  160","13.0","19.0",,,,
"USW00014822","DETROIT CITY AIRPORT, MI US","2023-04-10","5.82"," 1457","0.00",,"68","38","  200","  170","14.1","21.0",,,,
"USW00014822","DETROIT CITY AIRPORT, MI US","2023-04-11","9.40"," 1119","0.00",,"78","49","  250","  290","21.9","35.1",,,,
"USW00014822","DETROIT CITY AIRPORT, MI US","2023-04-12","12.75"," 1155","0.00",,"83","60","  230","  240","25.1","36.9",,,,
"USW00014822","DETROIT CITY AIRPORT, MI US","2023-04-13","10.74"," 1340","0.00",,"85","61","  190","  180","21.9","30.0",,,,
"USW00014822","DETROIT CITY AIRPORT, MI US","2023-04-14","3.80"," 1223","0.00",,"83","53","  100","  170","13.0","19.0",,,,
"USW00014822","DETROIT CITY AIRPORT, MI US","2023-04-15","3.80"," 1830","0.00",,"85","59","  200","  190","18.1","23.0",,,,
"USW00014822","DETROIT CITY AIRPORT, MI US","2023-04-16","12.97"," 1505","0.16",,"79","46","  230","  230","35.1","49.0",,,,
"USW00014822","DETROIT CITY AIRPORT, MI US","2023-04-17","15.88"," 1438","0.00",,"46","38","  230","  230","30.0","42.1",,,,
"USW00014822","DETROIT CITY AIRPORT, MI US","2023-04-18","11.41"," 1047","0.01",,"49","33","  280","  280","21.0","31.1",,,,
"USW00014822","DETROIT CITY AIRPORT, MI US","2023-04-19","7.16"," 2342","0.01",,"54","34","   50","   60","15.0","21.9",,,,
"USW00014822","DETROIT CITY AIRPORT, MI US","2023-04-20","8.72"," 1243","0.00",,"69","44","  100","  100","23.9","32.0",,,,
"USW00014822","DETROIT CITY AIRPORT, MI US","2023-04-21","6.04"," 1055","0.10",,"64","48","  270","  270","16.1","23.0",,,,
"USW00014822","DETROIT CITY AIRPORT, MI US","2023-04-22","5.82"," 1654","0.16",,"55","39","  240","  240","21.0","31.1","    1",,,"    1"
"USW00014822","DETROIT CITY AIRPORT, MI US","2023-04-23","7.61"," 1412","0.00",,"51","37","  260","  270","14.1","23.0",,,,
"USW00014822","DETROIT CITY AIRPORT, MI US","2023-04-24","6.26"," 1303","0.00",,"49","38","  280","  310","14.1","19.9",,,,
"USW00014822","DETROIT CITY AIRPORT, MI US","2023-04-25","2.01"," 0916","0.08",,"47","34","  260","  220","12.1","18.1",,,,
"USW00014822","DETROIT CITY AIRPORT, MI US","2023-04-26","4.92"," 2054","0.00",,"53","32","   40","   10","12.1","17.0",,,,
"USW00014822","DETROIT CITY AIRPORT, MI US","2023-04-27","6.93"," 1109","0.00",,"59","35","  100","  130","15.0","21.0",,,,
"USW00014822","DETROIT CITY AIRPORT, MI US","2023-04-28","10.96"," 1725","0.95",,"54","46","   60","   50","23.0","33.1","    1",,,"    1"
"USW00014822","DETROIT CITY AIRPORT, MI US","2023-04-29","7.16"," 2021","0.15",,"65","51","  240","  240","23.0","34.0",,,,
"USW00014822","DETROIT CITY AIRPORT, MI US","2023-04-30","6.49"," 1825","0.21",,"57","43","  220","  190","16.1","21.0",,,,
"USW00014822","DETROIT CITY AIRPORT, MI US","2023-05-01","11.41"," 1853","0.04",,"51","39","  260","  250","21.9","32.0",,,,
"USW00014822","DETROIT CITY AIRPORT, MI US","2023-05-02","11.41"," 1320","0.06",,"47","40","  270","  280","21.0","33.1",,,,
"USW00014822","DETROIT CITY AIRPORT, MI US","2023-05-03","9.84"," 1259","0.06",,"56","40","  340","  340","19.9","32.0",,,,
"USW00014822","DETROIT CITY AIRPORT, MI US","2023-05-04","5.37"," 1139","0.00",,"63","44","  160","  300","10.1","17.0",,,,
"USW00014822","DETROIT CITY AIRPORT, MI US","2023-05-05","6.49"," 1744","0.00",,"69","43","  100","  100","17.0","21.9",,,,
"USW00014822","DETROIT CITY AIRPORT, MI US","2023-05-06","7.38"," 1638","0.00",,"69","48","  100","   90","14.1","18.1",,,,
"USW00014822","DETROIT CITY AIRPORT, MI US","2023-05-07","8.05"," 0938","0.03",,"78","56","  150","  140","19.9","29.1",,,,
"USW00014822","DETROIT CITY AIRPORT, MI US","2023-05-08","7.83"," 0046","0.02",,"68","53","  360","  360","15.0","21.9",,,,
"USW00014822","DETROIT CITY AIRPORT, MI US","2023-05-09","7.61"," 1400","0.00",,"69","50","   50","   40","15.0","21.9",,,,
"USW00014822","DETROIT CITY AIRPORT, MI US","2023-05-10","4.70"," 1513","0.00",,"77","47","  170","  190","14.1","25.9",,,,
"USW00014822","DETROIT CITY AIRPORT, MI US","2023-05-11","4.70"," 1603","0.00",,"83","52","  180","  190","15.0","21.0",,,,
"USW00014822","DETROIT CITY AIRPORT, MI US","2023-05-12","2.68"," 1617","0.00",,"81","57","  180","   80","8.9","11.0",,,,
"USW00014822","DETROIT CITY AIRPORT, MI US","2023-05-13","6.04"," 2030","0.00",,"79","60","   40","   50","17.0","23.9",,,,
"USW00014822","DETROIT CITY AIRPORT, MI US","2023-05-14","9.62"," 1331","0.00",,"69","52","   20","   30","17.0","23.0",,,,
"USW00014822","DETROIT CITY AIRPORT, MI US","2023-05-15","4.47"," 2021","0.00",,"76","45","  210","  210","13.0","17.0",,,,
"USW00014822","DETROIT CITY AIRPORT, MI US","2023-05-16","9.62"," 1801","0.00",,"81","50","   30","   30","21.0","29.1",,,,
"USW00014822","DETROIT CITY AIRPORT, MI US","2023-05-17",,,"0.00",,"75","43","   40","   30","15.0","19.9",,,,
"USW00014822","DETROIT CITY AIRPORT, MI US","2023-05-18","4.92"," 1613","0.00",,"65","38","  120","  120","13.0","18.1",,,,
"USW00014822","DETROIT CITY AIRPORT, MI US","2023-05-19",,,"0.00",,"64","45",,,,,,,,
"USW00014822","DETROIT CITY AIRPORT, MI US","2023-05-20","7.61"," 1009","0.03",,"63","54","  300","  320","15.0","23.0",,,,"    1"
"USW00014822","DETROIT CITY AIRPORT, MI US","2023-05-21","4.70"," 1311","0.00",,"78","50","  100","  260","14.1","21.9",,,,
"USW00014822","DETROIT CITY AIRPORT, MI US","2023-05-22","5.59"," 1448","0.00",,"76","53","  120","  120","14.1","17.0",,,,
"USW00014822","DETROIT CITY AIRPORT, MI US","2023-05-23","3.58"," 1443","0.00",,"80","53","  120","  220","12.1","15.0",,,,
"USW00014822","DETROIT CITY AIRPORT, MI US","2023-05-24","10.51"," 1518","0.00",,"70","46","  360","   10","23.9","34.0",,,,
"USW00014822","DETROIT CITY AIRPORT, MI US","2023-05-25","9.40"," 1406","0.00",,"64","44","   90","   80","15.0","23.9",,,,
"USW00014822","DETROIT CITY AIRPORT, MI US","2023-05-26","6.71"," 1521","0.00",,"74","44","  100","  100","13.0","18.1",,,,
"USW00014822","DETROIT CITY AIRPORT, MI US","2023-05-27","4.47"," 1558","0.00",,"79","48","  140","   90","10.1","15.0",,,,
"USW00014822","DETROIT CITY AIRPORT, MI US","2023-05-28","5.82"," 1152","0.00",,"82","56","   80","   40","13.0","19.0",,,,
"USW00014822","DETROIT CITY AIRPORT, MI US","2023-05-29","5.59"," 1612","0.00",,"88","58","   70","  110","12.1","16.1",,,,
"USW00014822","DETROIT CITY AIRPORT, MI US","2023-05-30","6.26"," 1753","0.00",,"88","60","  170","  170","15.0","21.0",,,,
"USW00014822","DETROIT CITY AIRPORT, MI US","2023-05-31","6.93"," 1234","0.00",,"89","67","  110","  160","17.0","23.9",,,,
"USW00014822","DETROIT CITY AIRPORT, MI US","2023-06-01","3.36"," 1500","0.00",,"90","62","  130","  120","13.0","17.0",,,,
"USW00014822","DETROIT CITY AIRPORT, MI US","2023-06-02","6.93"," 1538","0.00",,"91","66","   60","   70","17.0","25.1",,,,
"USW00014822","DETROIT CITY AIRPORT, MI US","2023-06-03","9.84"," 2316","0.00",,"91","67","  120","  100","21.9","31.1",,,,
"USW00014822","DETROIT CITY AIRPORT, MI US","2023-06-04","8.50"," 1114","0.00",,"78","58","  100","  100","18.1","25.9",,,,
"USW00014822","DETROIT CITY AIRPORT, MI US","2023-06-05","2.46"," 1504","0.00",,"81","58","  130","  140","10.1","15.0",,,,"    1"
"USW00014822","DETROIT CITY AIRPORT, MI US","2023-06-06","7.61"," 1537","0.00",,"77","60","   10","  350","18.1","25.9",,,,"    1"
"USW00014822","DETROIT CITY AIRPORT, MI US","2023-06-07","6.26"," 1246","0.00",,"76","52","   50","   10","18.1","25.9",,,,"    1"
"USW00014822","DETROIT CITY AIRPORT, MI US","2023-06-08","6.71"," 1234","0.00",,"77","53","  350","  360","16.1","23.0",,,,"    1"
"USW00014822","DETROIT CITY AIRPORT, MI US","2023-06-09","5.82"," 1358","0.00",,"80","55","  280","  290","14.1","19.9",,,,
"USW00014822","DETROIT CITY AIRPORT, MI US","2023-06-10","6.04"," 1648","0.00",,"86","59","  280","  270","15.0","23.0",,,,
"USW00014822","DETROIT CITY AIRPORT, MI US","2023-06-11","8.95"," 2121","0.60",,"73","57","   20","   20","18.1","25.1",,,,
"USW00014822","DETROIT CITY AIRPORT, MI US","2023-06-12","11.18"," 0213","0.00",,"67","55","   10","  350","18.1","30.0",,,,
"USW00014822","DETROIT CITY AIRPORT, MI US","2023-06-13","6.71"," 1701","0.21",,"71","51","  360","   30","18.1","27.1",,,"    1",
"USW00014822","DETROIT CITY AIRPORT, MI US","2023-06-14","5.82"," 1123","0.00",,"76","53","  360","   10","14.1","21.0",,,,
"USW00014822","DETROIT CITY AIRPORT, MI US","2023-06-15","5.82"," 1506","0.13",,"74","57","  210","  200","15.0","21.9",,,,
"USW00014822","DETROIT CITY AIRPORT, MI US","2023-06-16","10.07"," 0929","0.02",,"71","59","  360","   10","18.1","29.1",,,,
"USW00014822","DETROIT CITY AIRPORT, MI US","2023-06-17","3.80"," 1202","0.00",,"82","56","   80","  330","13.0","18.1",,,,
"USW00014822","DETROIT CITY AIRPORT, MI US","2023-06-18","5.37"," 1539","0.00",,"82","56","  120","  130","14.1","18.1",,,,
"USW00014822","DETROIT CITY AIRPORT, MI US","2023-06-19","6.93"," 1406","0.00",,"84","59","  110","  110","15.0","21.0",,,,
"USW00014822","DETROIT CITY AIRPORT, MI US","2023-06-20","9.17"," 1751","0.00",,"85","67","  110","  120","17.0","23.9",,,,
"USW00014822","DETROIT CITY AIRPORT, MI US","2023-06-21","7.61"," 1440","0.00",,"85","67","  110","  120","17.0","25.1",,,,
"USW00014822","DETROIT CITY AIRPORT, MI US","2023-06-22","8.50"," 1213","0.00",,"79","68","  100","   90","16.1","23.9",,,,
"USW00014822","DETROIT CITY AIRPORT, MI US","2023-06-23","4.03"," 1247","0.33",,"72","67","   60","   60","10.1","15.0",,,,
"USW00014822","DETROIT CITY AIRPORT, MI US","2023-06-24","3.13"," 1650","0.00",,"88","68","  340","  350","10.1","15.0",,,,
"USW00014822","DETROIT CITY AIRPORT, MI US","2023-06-25","8.05"," 1754","0.92",,"86","67","  240","  240","35.1","53.9",,,,
"USW00014822","DETROIT CITY AIRPORT, MI US","2023-06-26","7.38"," 1744","0.25",,"75","65","  270","  280","18.1","27.1",,,,
"USW00014822","DETROIT CITY AIRPORT, MI US","2023-06-27","6.04"," 0501","0.00",,"71","63","  300","  300","15.0","21.9",,,,
"USW00014822","DETROIT CITY AIRPORT, MI US","2023-06-28","3.80"," 0143","0.00",,"77","60","  130","  360","10.1","15.0",,,,
"USW00014822","DETROIT CITY AIRPORT, MI US","2023-06-29","6.04"," 0847","0.02",,"84","61","  120","  130","16.1","21.0",,,,
"USW00014822","DETROIT CITY AIRPORT, MI US","2023-06-30","5.82"," 1735","0.00",,"88","67","  210","  210","15.0","21.0",,,,
"USW00014822","DETROIT CITY AIRPORT, MI US","2023-07-01","4.47"," 1354","0.12",,"86","73","  240","  230","16.1","21.0",,,,
"USW00014822","DETROIT CITY AIRPORT, MI US","2023-07-02","2.68"," 1912","1.31",,"82","71","  280","  280","12.1","16.1",,,,
"USW00014822","DETROIT CITY AIRPORT, MI US","2023-07-03","5.82"," 1626","0.00",,"87","71","   60","   50","14.1","21.9",,,,
"USW00014822","DETROIT CITY AIRPORT, MI US","2023-07-04","3.58"," 1348","0.00",,"89","68","  170","  120","15.0","19.9",,,,
"USW00014822","DETROIT CITY AIRPORT, MI US","2023-07-05","5.82"," 1408","0.00",,"91","71","  180","  170","15.0","21.0",,,,
"USW00014822","DETROIT CITY AIRPORT, MI US","2023-07-06","6.71"," 1741","0.00",,"88","71","  340","  340","15.0","21.9",,,,
"USW00014822","DETROIT CITY AIRPORT, MI US","2023-07-07","6.71"," 0810","0.00",,"81","66","  120","   10","12.1","16.1",,,,
"USW00014822","DETROIT CITY AIRPORT, MI US","2023-07-08","5.82"," 1053","0.94",,"77","67","  190","  210","14.1","18.1","    1",,,"    1"
"USW00014822","DETROIT CITY AIRPORT, MI US","2023-07-09","5.82"," 1120","0.01",,"82","64","   10","  360","14.1","19.0",,,,
"USW00014822","DETROIT CITY AIRPORT, MI US","2023-07-10","4.92"," 1714","0.00",,"88","63","  240","  230","13.0","19.0",,,,
"USW00014822","DETROIT CITY AIRPORT, MI US","2023-07-11","8.72"," 1714","0.35",,"90","69","  300","  310","25.9","46.1",,,,
"USW00014822","DETROIT CITY AIRPORT, MI US","2023-07-12","6.93"," 2202","0.18",,"79","66","  130","  110","15.0","21.0",,,,
"USW00014822","DETROIT CITY AIRPORT, MI US","2023-07-13","6.49"," 0307","0.09",,"80","63","  290","  320","19.9","31.1",,,,
"USW00014822","DETROIT CITY AIRPORT, MI US","2023-07-14","6.49"," 1401","0.00",,"85","65","  220","  170","17.0","25.1",,,,
"USW00014822","DETROIT CITY AIRPORT, MI US","2023-07-15","6.49"," 0407","0.52",,"76","69","  270","  280","19.9","28.0",,,,
"USW00014822","DETROIT CITY AIRPORT, MI US","2023-07-16","9.84"," 1540","0.00",,"84","69","  270","  270","21.9","33.1",,,,
"USW00014822","DETROIT CITY AIRPORT, MI US","2023-07-17","6.49"," 1607","0.00",,"84","64","  270","  250","15.0","21.9",,,,
"USW00014822","DETROIT CITY AIRPORT, MI US","2023-07-18","2.68"," 1211","0.00",,"80","63","  340","  290","8.9","16.1",,,,
"USW00014822","DETROIT CITY AIRPORT, MI US","2023-07-19","3.80"," 1631","0.00",,"83","63","  200","  170","15.0","30.0",,,,
"USW00014822","DETROIT CITY AIRPORT, MI US","2023-07-20","8.72"," 1514","0.42",,"87","67","  300","  310","29.1","44.1",,,,
"USW00014822","DETROIT CITY AIRPORT, MI US","2023-07-21","6.71"," 1125","0.00",,"83","66","   10","  350","14.1","21.9",,,,
"USW00014822","DETROIT CITY AIRPORT, MI US","2023-07-22","4.03"," 1129","0.04",,"85","67","   10","   10","16.1","23.9",,,"    1",
"USW00014822","DETROIT CITY AIRPORT, MI US","2023-07-23","5.14"," 1342","0.04",,"84","65","  210","  210","18.1","25.9",,,,
"USW00014822","DETROIT CITY AIRPORT, MI US","2023-07-24","2.68"," 1714","0.12",,"87","66","  350","  330","17.0","27.1",,,,
"USW00014822","DETROIT CITY AIRPORT, MI US","2023-07-25","2.91"," 1808","0.00",,"89","67","  220","  220","12.1","16.1",,,,
"USW00014822","DETROIT CITY AIRPORT, MI US","2023-07-26","8.50"," 1445","0.62",,"88","71","  260","  260","25.1","44.1",,,,
"USW00014822","DETROIT CITY AIRPORT, MI US","2023-07-27","4.92"," 1948","0.00",,"87","72","  190","  200","10.1","16.1",,,,
"USW00014822","DETROIT CITY AIRPORT, MI US","2023-07-28","4.92"," 1449","0.00",,"90","71","  110","  240","15.0","21.0",,,,
"USW00014822","DETROIT CITY AIRPORT, MI US","2023-07-29","7.38"," 0300","0.17",,"84","70","  360","  300","18.1","27.1",,,"    1",
"USW00014822","DETROIT CITY AIRPORT, MI US","2023-07-30","4.25"," 1529","0.00",,"83","65","  360","  350","15.0","19.9",,,,
"USW00014822","DETROIT CITY AIRPORT, MI US","2023-07-31","4.03"," 1912","0.09",,"82","63","  360","  360","19.9","28.0",,,,
"USW00014822","DETROIT CITY AIRPORT, MI US","2023-08-01","4.03"," 1509","0.00",,"79","64","  110","  100","12.1","16.1",,,,
"USW00014822","DETROIT CITY AIRPORT, MI US","2023-08-02","6.04"," 1259","0.00",,"84","65","  180","  240","15.0","19.0",,,,
"USW00014822","DETROIT CITY AIRPORT, MI US","2023-08-03","5.59"," 1551","0.02",,"90","68","  280","  240","15.0","23.0",,,,
"USW00014822","DETROIT CITY AIRPORT, MI US","2023-08-04","7.38"," 1747","0.04",,"87","69","  360","   20","15.0","21.0",,,,
"USW00014822","DETROIT CITY AIRPORT, MI US","2023-08-05","6.93"," 1617","0.00",,"81","66","  100","   90","14.1","19.9",,,,
"USW00014822","DETROIT CITY AIRPORT, MI US","2023-08-06","8.05"," 1056","0.39",,"77","69","   90","   70","17.0","23.9",,,,
"USW00014822","DETROIT CITY AIRPORT, MI US","2023-08-07","8.28"," 1734","0.00",,"75","67","  350","  350","18.1","31.1",,,,
"USW00014822","DETROIT CITY AIRPORT, MI US","2023-08-08","7.38"," 1352","0.00",,"86","64","  270","  270","15.0","23.9",,,,
"USW00014822","DETROIT CITY AIRPORT, MI US","2023-08-09","5.82"," 1619","0.00",,"85","68","  240","  250","15.0","23.0",,,,
"USW00014822","DETROIT CITY AIRPORT, MI US","2023-08-10","7.61"," 1532","0.00",,"83","68","  240","  250","16.1","23.0",,,,
"USW00014822","DETROIT CITY AIRPORT, MI US","2023-08-11","5.59"," 1319","0.42",,"82","60","  180","  160","15.0","19.0",,,,
"USW00014822","DETROIT CITY AIRPORT, MI US","2023-08-12","8.28"," 0841","0.00",,"85","71","  270","  270","15.0","21.9",,,,
"USW00014822","DETROIT CITY AIRPORT, MI US","2023-08-13","4.92"," 1450","0.00",,"85","67","  330","  310","14.1","19.9",,,,
"USW00014822","DETROIT CITY AIRPORT, MI US","2023-08-14","8.72"," 2245","0.38",,"78","67","   90","  100","19.9","25.1",,,,
"USW00014822","DETROIT CITY AIRPORT, MI US","2023-08-15","9.84"," 1611","0.05",,"76","65","   10","   20","21.0","29.1",,,,
"USW00014822","DETROIT CITY AIRPORT, MI US","2023-08-16","5.59"," 1721","0.00",,"84","61","  220","  220","14.1","19.9",,,,
"USW00014822","DETROIT CITY AIRPORT, MI US","2023-08-17","10.74"," 1032","0.36",,"80","65","  230","  220","25.1","35.1",,,,
"USW00014822","DETROIT CITY AIRPORT, MI US","2023-08-18","8.28"," 1007","0.00",,"75","59","  310","  310","21.9","33.1",,,,
"USW00014822","DETROIT CITY AIRPORT, MI US","2023-08-19","4.70"," 1638","0.00",,"79","56","  210","  200","13.0","19.0",,,,
"USW00014822","DETROIT CITY AIRPORT, MI US","2023-08-20","5.37"," 1429","0.00",,"89","66","  210","  220","14.1","19.0",,,,
"USW00014822","DETROIT CITY AIRPORT, MI US","2023-08-21","8.72"," 0117","0.00",,"83","65","   30","   30","16.1","23.0",,,,
"USW00014822","DETROIT CITY AIRPORT, MI US","2023-08-22","6.71"," 0821","0.00",,"75","62","   50","   40","13.0","18.1",,,,
"USW00014822","DETROIT CITY AIRPORT, MI US","2023-08-23","8.50"," 1054","1.31",,"82","65","   30","   50","32.0","46.1",,,,
"USW00014822","DETROIT CITY AIRPORT, MI US","2023-08-24","10.96"," 2124","2.12",,"89","71","  350","  350","30.0","53.9",,,,
"USW00014822","DETROIT CITY AIRPORT, MI US","2023-08-25","4.92"," 0455","0.00",,"79","69","   20","   10","14.1","19.0",,,,
"USW00014822","DETROIT CITY AIRPORT, MI US","2023-08-26","6.71"," 1947","0.00",,"80","61","   20","  350","19.9","30.0",,,,
"USW00014822","DETROIT CITY AIRPORT, MI US","2023-08-27","7.16"," 1154","0.00",,"74","57","   70","   80","14.1","21.0",,,,
"USW00014822","DETROIT CITY AIRPORT, MI US","2023-08-28","3.80"," 1433","0.00",,"76","57","  180","  170","12.1","16.1",,,,
"USW00014822","DETROIT CITY AIRPORT, MI US","2023-08-29","6.04"," 2013","0.06",,"81","59","  320","  320","18.1","31.1",,,,
"USW00014822","DETROIT CITY AIRPORT, MI US","2023-08-30","8.05"," 0144","0.00",,"67","57","  350","  330","17.0","29.1",,,,
"USW00014822","DETROIT CITY AIRPORT, MI US","2023-08-31","4.25"," 1532","0.00",,"74","52","   70","  100","10.1","13.0",,,,
"USW00014822","DETROIT CITY AIRPORT, MI US","2023-09-01","5.14"," 1207","0.00",,"78","54","  100","  130","13.0","19.0",,,,
"USW00014822","DETROIT CITY AIRPORT, MI US","2023-09-02","7.16"," 1645","0.00",,"84","59","  240","  240","18.1","25.9",,,,
"USW00014822","DETROIT CITY AIRPORT, MI US","2023-09-03","10.51"," 1641","0.00",,"90","69","  230","  250","21.9","30.0",,,,
"USW00014822","DETROIT CITY AIRPORT, MI US","2023-09-04","7.83"," 1526","0.00",,"91","74","  230","  220","18.1","25.9",,,,
"USW00014822","DETROIT CITY AIRPORT, MI US","2023-09-05","6.71"," 2021","0.00",,"92","75","  230","  230","19.9","27.1",,,,
"USW00014822","DETROIT CITY AIRPORT, MI US","2023-09-06","7.83"," 1129","0.10",,"82","72","  230","  220","19.9","29.1",,,,
"USW00014822","DETROIT CITY AIRPORT, MI US","2023-09-07","7.38"," 1541","0.00",,"80","63","   10","   20","19.9","25.1",,,,
"USW00014822","DETROIT CITY AIRPORT, MI US","2023-09-08","5.14"," 0101","0.00",,"70","62","  360","   10","13.0","16.1",,,,
"USW00014822","DETROIT CITY AIRPORT, MI US","2023-09-09","6.04"," 1639","0.00",,"71","61","   30","   40","10.1","16.1",,,,
"USW00014822","DETROIT CITY AIRPORT, MI US","2023-09-10","2.68"," 0730","0.00",,"73","62","   80","   10","8.9","13.0",,,,
"USW00014822","DETROIT CITY AIRPORT, MI US","2023-09-11","2.01"," 1547","0.01",,"75","58","  110","  120","8.9","12.1",,,,
"USW00014822","DETROIT CITY AIRPORT, MI US","2023-09-12","6.71"," 1848","0.24",,"75","61","  330","  350","13.0","19.9",,,,
"USW00014822","DETROIT CITY AIRPORT, MI US","2023-09-13","4.47"," 1538","0.00",,"69","53","   10","   10","13.0","17.0",,,,
"USW00014822","DETROIT CITY AIRPORT, MI US","2023-09-14","1.79"," 1351","0.00",,"71","50","  110","  130","8.9","13.0",,,,
"USW00014822","DETROIT CITY AIRPORT, MI US","2023-09-15","2.46"," 1342","0.00",,"74","52","  130","  130","10.1","15.0",,,,
"USW00014822","DETROIT CITY AIRPORT, MI US","2023-09-16","2.24"," 1459","0.00",,"75","52","   80","  280","8.1","11.0",,,,
"USW00014822","DETROIT CITY AIRPORT, MI US","2023-09-17","4.47"," 1546","0.00",,"76","62","  360","   10","13.0","19.0",,,,
"USW00014822","DETROIT CITY AIRPORT, MI US","2023-09-18","4.70"," 1313","0.00",,"71","57","  360","  310","14.1","19.9",,,,
"USW00014822","DETROIT CITY AIRPORT, MI US","2023-09-19","3.36"," 1223","0.00",,"74","53","  280","  280","13.0","17.0",,,,
"USW00014822","DETROIT CITY AIRPORT, MI US","2023-09-20","3.80"," 1741","0.00",,"79","62","  210","  220","10.1","15.0",,,,
"USW00014822","DETROIT CITY AIRPORT, MI US","2023-09-21","3.58"," 0953","0.00",,"83","60","  180","  250","10.1","15.0",,,,
"USW00014822","DETROIT CITY AIRPORT, MI US","2023-09-22","4.70"," 1408","0.00",,"80","64","  120","  110","15.0","19.9",,,,
"USW00014822","DETROIT CITY AIRPORT, MI US","2023-09-23","7.61"," 1040","0.00",,"74","57","   90","  110","17.0","23.9",,,,
"USW00014822","DETROIT CITY AIRPORT, MI US","2023-09-24","8.50"," 1743","0.00",,"80","56","   50","   50","17.0","32.0",,,,"    1"
"USW00014822","DETROIT CITY AIRPORT, MI US","2023-09-25","6.71"," 0038","0.02",,"72","62","   80","   80","15.0","21.9",,,,
"USW00014822","DETROIT CITY AIRPORT, MI US","2023-09-26","10.51"," 1254","0.00",,"71","63","  100","   90","19.9","27.1",,,,
"USW00014822","DETROIT CITY AIRPORT, MI US","2023-09-27","10.07"," 1728","0.38",,"68","61","  110","  100","17.0","23.0",,,,
"USW00014822","DETROIT CITY AIRPORT, MI US","2023-09-28","7.38"," 1458","0.12",,"65","61","   90","   70","13.0","18.1",,,,
"USW00014822","DETROIT CITY AIRPORT, MI US","2023-09-29","3.80"," 1331","0.00",,"73","60","   70","   70","8.1","12.1",,,,
"USW00014822","DETROIT CITY AIRPORT, MI US","2023-09-30","2.68"," 1104","0.00",,"77","56","  130","  110","8.1","13.0",,,,
"USW00014822","DETROIT CITY AIRPORT, MI US","2023-10-01","1.34"," 1523","0.00",,"79","58","  120","  120","8.9","12.1",,,,
"USW00014822","DETROIT CITY AIRPORT, MI US","2023-10-02","1.57"," 1426","0.00",,"83","60","  220","  210","8.9","11.0",,,,
"USW00014822","DETROIT CITY AIRPORT, MI US","2023-10-03","3.58"," 1450","0.00",,"86","60","  220","  210","12.1","15.0",,"    1",,"    1"
"USW00014822","DETROIT CITY AIRPORT, MI US","2023-10-04","6.93"," 1143","0.00",,"84","66","  190","  220","13.0","19.0",,,,
"USW00014822","DETROIT CITY AIRPORT, MI US","2023-10-05","8.05"," 1822","0.39",,"73","64","  220","  220","19.9","28.0",,,,
"USW00014822","DETROIT CITY AIRPORT, MI US","2023-10-06","9.62"," 1936","0.02",,"70","51","  270","  280","23.0","35.1",,,,
"USW00014822","DETROIT CITY AIRPORT, MI US","2023-10-07","11.63"," 1549","0.00",,"59","48","  300","  300","21.9","36.9",,,,
"USW00014822","DETROIT CITY AIRPORT, MI US","2023-10-08","10.74"," 1457","0.00",,"59","43","  280","  280","19.9","32.0",,,,
"USW00014822","DETROIT CITY AIRPORT, MI US","2023-10-09","11.18"," 1021","0.00",,"58","42","  280","  280","23.0","34.0",,,,
"USW00014822","DETROIT CITY AIRPORT, MI US","2023-10-10","7.83"," 1631","0.00",,"55","47","  250","  260","18.1","25.1",,,,
"USW00014822","DETROIT CITY AIRPORT, MI US","2023-10-11","3.13"," 1458","0.00",,"60","48","   40","   50","8.1","14.1",,,,
"USW00014822","DETROIT CITY AIRPORT, MI US","2023-10-12","6.26"," 1902","0.00",,"66","47","   50","   40","17.0","23.9",,,,
"USW00014822","DETROIT CITY AIRPORT, MI US","2023-10-13","9.62"," 2327","0.01",,"58","50","   70","   70","17.0","23.0",,,,
"USW00014822","DETROIT CITY AIRPORT, MI US","2023-10-14","12.75"," 1814","0.21",,"55","50","  360","  350","19.9","31.1",,,,
"USW00014822","DETROIT CITY AIRPORT, MI US","2023-10-15","9.62"," 1232","0.04",,"56","48","  330","  320","17.0","27.1",,,,
"USW00014822","DETROIT CITY AIRPORT, MI US","2023-10-16","8.50"," 1544","0.00",,"57","48","  350","  340","17.0","27.1",,,,
"USW00014822","DETROIT CITY AIRPORT, MI US","2023-10-17","4.92"," 1234","0.00",,"54","47","  280","  240","10.1","14.1",,,,
"USW00014822","DETROIT CITY AIRPORT, MI US","2023-10-18","8.05"," 1435","0.00",,"64","43","  220","  180","16.1","25.9",,,,
"USW00014822","DETROIT CITY AIRPORT, MI US","2023-10-19","9.62"," 1702","0.04",,"60","53","  190","  190","17.0","27.1",,,,
"USW00014822","DETROIT CITY AIRPORT, MI US","2023-10-20","7.83"," 2205","0.01",,"61","52","  320","  320","16.1","23.9",,,,
"USW00014822","DETROIT CITY AIRPORT, MI US","2023-10-21","7.61"," 0025","0.00",,"57","48","  320","  320","15.0","25.1",,,,
"USW00014822","DETROIT CITY AIRPORT, MI US","2023-10-22","6.71"," 1038","0.00",,"54","41","  350","  340","14.1","21.9",,,,
"USW00014822","DETROIT CITY AIRPORT, MI US","2023-10-23","5.14"," 1111","0.00",,"57","35","  190","  230","13.0","19.0",,,,
"USW00014822","DETROIT CITY AIRPORT, MI US","2023-10-24","9.40"," 0105","0.00",,"77","50","  230","  210","17.0","23.9",,,,
"USW00014822","DETROIT CITY AIRPORT, MI US","2023-10-25","8.05"," 1235","0.01",,"70","62","  230","  220","21.0","29.1",,,,
"USW00014822","DETROIT CITY AIRPORT, MI US","2023-10-26","9.62"," 2143","0.02",,"74","62","  220","  220","19.9","25.9",,,,
"USW00014822","DETROIT CITY AIRPORT, MI US","2023-10-27","11.63"," 1428","0.01",,"78","65","  230","  250","19.9","28.0",,,,
"USW00014822","DETROIT CITY AIRPORT, MI US","2023-10-28","8.50"," 0300","0.00",,"71","48","  300","  300","17.0","28.0",,,,
"USW00014822","DETROIT CITY AIRPORT, MI US","2023-10-29","7.16"," 0138","0.02",,"50","44","   70","   70","15.0","21.9",,,,
"USW00014822","DETROIT CITY AIRPORT, MI US","2023-10-30","7.61"," 1332",,,"49","34","  320","  310","15.0","25.1",,,,
"USW00014822","DETROIT CITY AIRPORT, MI US","2023-10-31","7.16"," 1652","0.00",,"43","30","  230","  230","18.1","28.0",,,,
"USW00014822","DETROIT CITY AIRPORT, MI US","2023-11-01","8.05"," 1359","0.00",,"45","31","  280","  330","15.0","25.1",,,,
"USW00014822","DETROIT CITY AIRPORT, MI US","2023-11-02","10.96"," 1342","0.00",,"53","36","  240","  250","19.9","27.1",,,,
"USW00014822","DETROIT CITY AIRPORT, MI US","2023-11-03","12.75"," 1737","0.00",,"59","45","  220","  230","21.0","32.0",,,,
"USW00014822","DETROIT CITY AIRPORT, MI US","2023-11-04","2.91"," 0036","0.05",,"56","47","  200","  270","8.1","11.0",,,,
"USW00014822","DETROIT CITY AIRPORT, MI US","2023-11-05","3.58"," 1026","0.00",,"55","41","  230","  340","8.9","16.1",,,,
"USW00014822","DETROIT CITY AIRPORT, MI US","2023-11-06","13.20"," 1458","0.00",,"66","45","  230","  230","25.9","42.1",,,,
"USW00014822","DETROIT CITY AIRPORT, MI US","2023-11-07","8.72"," 0421","0.00",,"61","42","  300","  300","17.0","27.1",,,,
"USW00014822","DETROIT CITY AIRPORT, MI US","2023-11-08","10.51"," 1408","0.26",,"52","39","  100","  100","23.0","34.0",,,,
"USW00014822","DETROIT CITY AIRPORT, MI US","2023-11-09","10.29"," 1535","0.00",,"57","45","  260","  270","21.0","32.0",,,,
"USW00014822","DETROIT CITY AIRPORT, MI US","2023-11-10","6.71"," 1241","0.00",,"55","38","  260","  280","16.1","23.0",,,,
"USW00014822","DETROIT CITY AIRPORT, MI US","2023-11-11","4.25"," 0217","0.00",,"52","37","  340","  340","12.1","17.0",,,,
"USW00014822","DETROIT CITY AIRPORT, MI US","2023-11-12","4.25"," 1205","0.00",,"52","31","  150","  160","12.1","17.0",,,,
"USW00014822","DETROIT CITY AIRPORT, MI US","2023-11-13","9.62"," 1435","0.00",,"62","42","  280","  260","21.0","32.0",,,,
"USW00014822","DETROIT CITY AIRPORT, MI US","2023-11-14","4.25"," 1137","0.00",,"54","32","  180","  170","10.1","16.1",,,,
"USW00014822","DETROIT CITY AIRPORT, MI US","2023-11-15","7.83"," 1039","0.00",,"63","34","  230","  220","15.0","23.0",,,,
"USW00014822","DETROIT CITY AIRPORT, MI US","2023-11-16","6.93"," 2129","0.00",,"65","37","  210","  210","17.0","25.9",,,,
"USW00014822","DETROIT CITY AIRPORT, MI US","2023-11-17","8.95"," 1313","0.02",,"62","33","  360","   10","21.9","27.1",,,,
"USW00014822","DETROIT CITY AIRPORT, MI US","2023-11-18","6.93"," 1539","0.00",,"52","28","  250","  290","17.0","23.0",,,,
"USW00014822","DETROIT CITY AIRPORT, MI US","2023-11-19","6.26"," 1209","0.00",,"53","34","  350","  360","13.0","17.0",,,,
"USW00014822","DETROIT CITY AIRPORT, MI US","2023-11-20","10.51"," 1326","0.00",,"42","32","   70","   80","17.0","25.1",,,,
"USW00014822","DETROIT CITY AIRPORT, MI US","2023-11-21","9.84"," 0715","0.39",,"52","38","  110","  120","18.1","25.9",,,,
"USW00014822","DETROIT CITY AIRPORT, MI US","2023-11-22","6.93"," 0639","0.00",,"45","40","  330","  330","15.0","23.0",,,,
"USW00014822","DETROIT CITY AIRPORT, MI US","2023-11-23","10.07"," 0651","0.00",,"50","34","  360","  240","15.0","23.0",,,,
"USW00014822","DETROIT CITY AIRPORT, MI US","2023-11-24","5.82"," 1323","0.00",,"37","25","  360","  340","16.1","23.9",,,,
"USW00014822","DETROIT CITY AIRPORT, MI US","2023-11-25","1.79"," 1142","0.00",,"39","22","  250","  260","8.1","13.0",,,,
"USW00014822","DETROIT CITY AIRPORT, MI US","2023-11-26","5.14"," 2250","0.20",,"42","25","  230","  280","14.1","19.9","    1",,,"    1"
"USW00014822","DETROIT CITY AIRPORT, MI US","2023-11-27","12.75"," 1609","0.01",,"36","25","  270","  260","21.9","35.1",,,,
"USW00014822","DETROIT CITY AIRPORT, MI US","2023-11-28","10.74"," 1322","0.00",,"31","22","  290","  260","17.0","28.0",,,,
"USW00014822","DETROIT CITY AIRPORT, MI US","2023-11-29","11.63"," 1020","0.00",,"35","21","  220","  220","21.0","30.0",,,,
"USW00014822","DETROIT CITY AIRPORT, MI US","2023-11-30","11.18"," 1340","0.00",,"55","30","  210","  230","23.9","32.0",,,,
"USW00014822","DETROIT CITY AIRPORT, MI US","2023-12-01","4.47"," 1130","0.53",,"50","43","  200","  190","13.0","17.0",,,,
"USW00014822","DETROIT CITY AIRPORT, MI US","2023-12-02","6.71"," 0851","0.07",,"44","41","   30","   10","12.1","17.0",,,,
"USW00014822","DETROIT CITY AIRPORT, MI US","2023-12-03","7.83"," 1911","0.22",,"45","40","  280","  270","16.1","25.1",,,,
"USW00014822","DETROIT CITY AIRPORT, MI US","2023-12-04","6.71"," 0231","0.01",,"43","36","  280","  270","14.1","21.0",,,,
"USW00014822","DETROIT CITY AIRPORT, MI US","2023-12-05","3.13"," 1852","0.03",,"40","32","   20","   30","10.1","14.1","    1",,,"    1"
"USW00014822","DETROIT CITY AIRPORT, MI US","2023-12-06","6.04"," 2326","0.00",,"43","28","  230","  230","17.0","23.0",,,,
"USW00014822","DETROIT CITY AIRPORT, MI US","2023-12-07","9.40"," 0422","0.00",,"49","37","  230","  220","19.9","28.0",,,,
"USW00014822","DETROIT CITY AIRPORT, MI US","2023-12-08","9.62"," 1011","0.00",,"55","39","  210","  210","18.1","27.1",,,,
"USW00014822","DETROIT CITY AIRPORT, MI US","2023-12-09","10.96"," 0530","0.03",,"63","46","  200","  190","21.0","30.0",,,,
"USW00014822","DETROIT CITY AIRPORT, MI US","2023-12-10","9.62"," 0411","0.00",,"46","37","  260","  260","17.0","25.1",,,,
"USW00014822","DETROIT CITY AIRPORT, MI US","2023-12-11","10.51"," 2138","0.00",,"37","31","  230","  230","19.9","25.9",,,,
"USW00014822","DETROIT CITY AIRPORT, MI US","2023-12-12","12.30"," 1256","0.00",,"45","30","  260","  250","21.0","32.0",,,,
"USW00014822","DETROIT CITY AIRPORT, MI US","2023-12-13","5.14"," 1525","0.00",,"40","28","  260","  260","12.1","18.1",,,,
"USW00014822","DETROIT CITY AIRPORT, MI US","2023-12-14","9.17"," 2052","0.00",,"50","28","  240","  250","16.1","23.0",,,,
"USW00014822","DETROIT CITY AIRPORT, MI US","2023-12-15","6.49"," 1243","0.00",,"57","36","  240","  250","13.0","17.0",,,,
"USW00014822","DETROIT CITY AIRPORT, MI US","2023-12-16","5.82"," 1402","0.00",,"53","41","  120","  100","14.1","18.1",,,,
"USW00014822","DETROIT CITY AIRPORT, MI US","2023-12-17","9.62"," 0358","0.28",,"52","45","  200","  220","16.1","25.9",,,,
"USW00014822","DETROIT CITY AIRPORT, MI US","2023-12-18","11.41"," 2317","0.05",,"45","32","  350","  340","23.9","36.0",,,,
"USW00014822","DETROIT CITY AIRPORT, MI US","2023-12-19","10.74"," 0005","0.00",,"36","30","  320","  340","19.9","32.0",,,,
"USW00014822","DETROIT CITY AIRPORT, MI US","2023-12-20","6.71"," 0116","0.00",,"45","32","  220","  240","15.0","21.0",,,,
"USW00014822","DETROIT CITY AIRPORT, MI US","2023-12-21","8.05"," 1256","0.00",,"45","36","  110","  110","17.0","21.9",,,,
"USW00014822","DETROIT CITY AIRPORT, MI US","2023-12-22","6.71"," 0948","0.02",,"43","36","  100","  110","10.1","15.0",,,,
"USW00014822","DETROIT CITY AIRPORT, MI US","2023-12-23","4.47"," 0522","0.24",,"48","42","  180","  170","13.0","17.0",,,,
"USW00014822","DETROIT CITY AIRPORT, MI US","2023-12-24","4.47"," 1757","0.00",,"48","45","  100","  110","8.9","12.1",,,,
"USW00014822","DETROIT CITY AIRPORT, MI US","2023-12-25","7.61"," 1512","0.00",,"56","44","  110","  120","14.1","18.1",,"    1",,"    1"
"USW00014822","DETROIT CITY AIRPORT, MI US","2023-12-26","5.59"," 0158","0.06",,"57","50","  110","  110","12.1","16.1",,,,
"USW00014822","DETROIT CITY AIRPORT, MI US","2023-12-27","6.93"," 0531","0.20",,"51","46","  360","  330","14.1","19.9",,,,
"USW00014822","DETROIT CITY AIRPORT, MI US","2023-12-28","6.26"," 2206","0.46",,"48","43","  220","  220","15.0","19.9",,,,
"USW00014822","DETROIT CITY AIRPORT, MI US","2023-12-29","6.71"," 0033","0.08",,"44","39","   10","  230","13.0","18.1",,,,
"USW00014822","DETROIT CITY AIRPORT, MI US","2023-12-30","5.82"," 2158","0.00",,"40","36","  240","  240","14.1","19.9",,,,
"USW00014822","DETROIT CITY AIRPORT, MI US","2023-12-31","4.92"," 0011","0.04",,"41","37","  230","  220","13.0","17.0",,,,
"USW00014822","DETROIT CITY AIRPORT, MI US","2024-01-01","9.84"," 0515","0.00",,"38","32","  360","  360","19.9","27.1",,,,
"USW00014822","DETROIT CITY AIRPORT, MI US","2024-01-02","12.53"," 1128","0.00",,"36","32","  230","  250","19.9","29.1",,,,
"USW00014822","DETROIT CITY AIRPORT, MI US","2024-01-03","8.05"," 2240","0.02",,"37","34","  360","  320","17.0","25.1",,,,
"USW00014822","DETROIT CITY AIRPORT, MI US","2024-01-04","7.38"," 0319","0.00",,"34","22","   10","   10","17.0","28.0",,,,
"USW00014822","DETROIT CITY AIRPORT, MI US","2024-01-05","6.26"," 1103","0.00",,"34","23","  230","  230","15.0","19.9",,,,
"USW00014822","DETROIT CITY AIRPORT, MI US","2024-01-06","6.93"," 0923","0.03",,"38","31","   80","   80","15.0","19.9",,,,
"USW00014822","DETROIT CITY AIRPORT, MI US","2024-01-07","4.92"," 1829","0.01",,"38","32","  320","  310","13.0","19.9",,,,
"USW00014822","DETROIT CITY AIRPORT, MI US","2024-01-08","7.16"," 2359","0.00",,"39","35","   90","   80","14.1","19.9",,,,
"USW00014822","DETROIT CITY AIRPORT, MI US","2024-01-09","13.87"," 2340","0.88",,"47","37","  230","  230","25.9","36.9","    1",,,
"USW00014822","DETROIT CITY AIRPORT, MI US","2024-01-10","15.21"," 0127","0.04",,"43","35","  240","  240","31.1","44.1",,,,
"USW00014822","DETROIT CITY AIRPORT, MI US","2024-01-11","8.72"," 0252","0.07",,"39","33","  220","  240","16.1","21.9",,,,
"USW00014822","DETROIT CITY AIRPORT, MI US","2024-01-12","14.09"," 1118","0.47",,"42","31","  110","  110","25.9","40.9",,,,
"USW00014822","DETROIT CITY AIRPORT, MI US","2024-01-13","11.86"," 0649","0.00",,"40","20","  230","  210","32.0","47.0",,,,
"USW00014822","DETROIT CITY AIRPORT, MI US","2024-01-14","17.67"," 0933","0.00",,"20","1","  240","  250","25.9","38.9",,,,
"USW00014822","DETROIT CITY AIRPORT, MI US","2024-01-15","10.96"," 0255","0.00",,"12","0","  230","  230","16.1","23.0",,,,
"USW00014822","DETROIT CITY AIRPORT, MI US","2024-01-16","13.42"," 2030","0.00",,"15","6","  230","  250","21.9","32.0",,,,
"USW00014822","DETROIT CITY AIRPORT, MI US","2024-01-17","14.76"," 1410","0.00",,"19","5","  230","  220","23.9","33.1",,,,
"USW00014822","DETROIT CITY AIRPORT, MI US","2024-01-18","7.83"," 0253","0.04",,"27","19","  240","  250","14.1","19.9",,,,
"USW00014822","DETROIT CITY AIRPORT, MI US","2024-01-19","7.61"," 1233","0.06",,"24","11","   10","  360","21.0","29.1",,,,
"USW00014822","DETROIT CITY AIRPORT, MI US","2024-01-20","7.38"," 1315","0.00",,"22","6","  320","  290","16.1","23.9",,,,
"USW00014822","DETROIT CITY AIRPORT, MI US","2024-01-21","8.95"," 1637","0.00",,"27","16","  230","  240","18.1","25.9",,,,
"USW00014822","DETROIT CITY AIRPORT, MI US","2024-01-22","11.86"," 0741","0.00",,"35","19","  230","  210","18.1","25.9",,,,
"USW00014822","DETROIT CITY AIRPORT, MI US","2024-01-23","4.47"," 1634","0.39",,"37","35","  120","  110","8.9","12.1",,"    1",,
"USW00014822","DETROIT CITY AIRPORT, MI US","2024-01-24","2.01"," 1643","0.36",,"40","36","   30","   20","8.1","11.0",,,,
"USW00014822","DETROIT CITY AIRPORT, MI US","2024-01-25","5.59"," 2357","0.13",,"43","38","   30","   20","12.1","17.0",,,,
"USW00014822","DETROIT CITY AIRPORT, MI US","2024-01-26","6.04"," 0314","1.04",,"43","38","   30","   20","16.1","23.0",,,,
"USW00014822","DETROIT CITY AIRPORT, MI US","2024-01-27","4.92"," 2055","0.00",,"43","36","   60","   60","13.0","18.1",,,,
"USW00014822","DETROIT CITY AIRPORT, MI US","2024-01-28","12.75"," 1627","0.27",,"41","36","   10","  350","23.9","34.0",,,,
"USW00014822","DETROIT CITY AIRPORT, MI US","2024-01-29","7.38"," 2245","0.00",,"37","34","  210","  200","16.1","21.0",,,,
"USW00014822","DETROIT CITY AIRPORT, MI US","2024-01-30","7.16"," 0303","0.17",,"36","34","  200","  220","17.0","25.9",,,,
"USW00014822","DETROIT CITY AIRPORT, MI US","2024-01-31","7.16"," 2050","0.00",,"41","34","  240","  230","21.9","29.1",,,,
"USW00014822","DETROIT CITY AIRPORT, MI US","2024-02-01","8.28"," 0030","0.00",,"44","39","  220","  240","17.0","27.1",,,,
"USW00014822","DETROIT CITY AIRPORT, MI US","2024-02-02","10.29"," 0854","0.00",,"41","32","   10","   10","18.1","25.1",,,,
"USW00014822","DETROIT CITY AIRPORT, MI US","2024-02-03","3.36"," 0054","0.00",,"34","26","   30","  360","10.1","15.0",,,,
"USW00014822","DETROIT CITY AIRPORT, MI US","2024-02-04","2.91"," 2300","0.00",,"50","23","   20","   10","8.9","13.0",,"    1",,"    1"
"USW00014822","DETROIT CITY AIRPORT, MI US","2024-02-05","7.61"," 0808","0.00",,"41","29","   10","   20","13.0","16.1",,,,
"USW00014822","DETROIT CITY AIRPORT, MI US","2024-02-06","4.47"," 1350","0.00",,"44","26","  110","  150","10.1","14.1",,,,
"USW00014822","DETROIT CITY AIRPORT, MI US","2024-02-07","3.13"," 1457","0.00",,"51","29","  160","  150","10.1","14.1",,,,
"USW00014822","DETROIT CITY AIRPORT, MI US","2024-02-08","8.05"," 2056","0.00",,"61","36","  200","  190","18.1","30.0",,,,
"USW00014822","DETROIT CITY AIRPORT, MI US","2024-02-09","14.99"," 1539","0.00",,"65","50","  230","  220","30.0","40.0",,,,
"USW00014822","DETROIT CITY AIRPORT, MI US","2024-02-10","8.72"," 1320","0.00",,"56","36","  290","  310","16.1","25.9",,,,
"USW00014822","DETROIT CITY AIRPORT, MI US","2024-02-11","3.80"," 0102","0.00",,"42","31","  320","  340","14.1","19.0",,,,
"USW00014822","DETROIT CITY AIRPORT, MI US","2024-02-12","3.36"," 1456","0.00",,"44","30","  140","  140","14.1","19.0",,,,
"USW00014822","DETROIT CITY AIRPORT, MI US","2024-02-13","6.04"," 1709","0.00",,"38","29","  310","  300","13.0","19.9",,,,
"USW00014822","DETROIT CITY AIRPORT, MI US","2024-02-14","5.14"," 1237","0.00",,"40","30","  280","  340","14.1","21.0",,,,
"USW00014822","DETROIT CITY AIRPORT, MI US","2024-02-15","12.75"," 1640","0.06",,"41","30","  290","  270","25.1","40.0",,,,
"USW00014822","DETROIT CITY AIRPORT, MI US","2024-02-16","6.49"," 0138","0.00",,"33","27","  310","  320","16.1","25.1",,,,
"USW00014822","DETROIT CITY AIRPORT, MI US","2024-02-17","12.53"," 2226","0.00",,"30","19","  220","  230","29.1","38.9",,,,
"USW00014822","DETROIT CITY AIRPORT, MI US","2024-02-18","13.87"," 0131","0.00",,"40","19","  230","  240","23.0","32.0",,,,
"USW00014822","DETROIT CITY AIRPORT, MI US","2024-02-19","5.37"," 1425","0.00",,"41","22","  160","  190","13.0","17.0",,,,
"USW00014822","DETROIT CITY AIRPORT, MI US","2024-02-20","5.82"," 1530","0.00",,"50","23","  150","  150","16.1","25.1",,,,
"USW00014822","DETROIT CITY AIRPORT, MI US","2024-02-21","9.84"," 1613","0.00",,"62","32","  190","  190","23.0","31.1",,,,
"USW00014822","DETROIT CITY AIRPORT, MI US","2024-02-22","3.58"," 0000","0.00",,"55","37","  210","  210","10.1","13.0",,,,
"USW00014822","DETROIT CITY AIRPORT, MI US","2024-02-23","9.84"," 2117","0.00",,"52","25","   20","   10","18.1","25.9",,,,
"USW00014822","DETROIT CITY AIRPORT, MI US","2024-02-24","10.29"," 0401","0.00",,"34","22","  360","  360","21.0","29.1",,,,
"USW00014822","DETROIT CITY AIRPORT, MI US","2024-02-25","12.97"," 1718","0.00",,"52","28","  220","  210","21.9","34.0",,,,
"USW00014822","DETROIT CITY AIRPORT, MI US","2024-02-26","7.38"," 1112","0.00",,"54","37","   80","   80","15.0","21.0",,,,
"USW00014822","DETROIT CITY AIRPORT, MI US","2024-02-27","13.87"," 1018","0.00",,"74","45","  210","  210","21.9","31.1",,,,
"USW00014822","DETROIT CITY AIRPORT, MI US","2024-02-28","15.21"," 1509","0.12",,"66","25","  270","  260","28.0","49.0",,,,
"USW00014822","DETROIT CITY AIRPORT, MI US","2024-02-29","9.17"," 0902","0.00",,"39","23","  310","  320","17.0","25.9",,,,
"USW00014822","DETROIT CITY AIRPORT, MI US","2024-03-01","7.61"," 1619","0.00",,"49","28","  180","  170","16.1","21.9",,,,
"USW00014822","DETROIT CITY AIRPORT, MI US","2024-03-02","5.14"," 1718","0.00",,"54","40","  170","  170","10.1","15.0",,,,
"USW00014822","DETROIT CITY AIRPORT, MI US","2024-03-03","8.28"," 1905","0.00",,"60","36","  140","  100","18.1","23.9",,,,
"USW00014822","DETROIT CITY AIRPORT, MI US","2024-03-04","8.28"," 1434","0.00",,"75","40","  210","  210","21.0","31.1",,,,
"USW00014822","DETROIT CITY AIRPORT, MI US","2024-03-05","10.74"," 1959","0.21",,"62","43","   10","   10","18.1","27.1",,,,
"USW00014822","DETROIT CITY AIRPORT, MI US","2024-03-06","11.86"," 1704","0.00",,"47","41","   10","   10","21.0","28.0",,,,
"USW00014822","DETROIT CITY AIRPORT, MI US","2024-03-07","6.93"," 0010","0.00",,"54","41","   10","   90","14.1","19.9",,,,
"USW00014822","DETROIT CITY AIRPORT, MI US","2024-03-08","6.26"," 2142","0.39",,"54","42","  150","  140","12.1","18.1",,,,
"USW00014822","DETROIT CITY AIRPORT, MI US","2024-03-09","11.86"," 2320","0.27",,"56","38","  290","  320","18.1","29.1",,,,
"USW00014822","DETROIT CITY AIRPORT, MI US","2024-03-10","14.09"," 1017","0.00",,"40","32","  320","  310","23.9","38.9",,,,
"USW00014822","DETROIT CITY AIRPORT, MI US","2024-03-11","10.96"," 1747","0.00",,"57","31","  220","  220","21.9","30.0",,,,
"USW00014822","DETROIT CITY AIRPORT, MI US","2024-03-12","11.41"," 1534","0.00",,"71","45","  220","  220","23.0","31.1",,,,
"USW00014822","DETROIT CITY AIRPORT, MI US","2024-03-13","7.16"," 0146","0.00",,"70","52","  230","  230","16.1","25.1",,,,
"USW00014822","DETROIT CITY AIRPORT, MI US","2024-03-14","8.05"," 1954","0.34",,"59","47","   10","   20","21.0","28.0",,,,
"USW00014822","DETROIT CITY AIRPORT, MI US","2024-03-15","9.40"," 0150","0.00",,"54","39","   10","  360","21.0","31.1",,,,
"USW00014822","DETROIT CITY AIRPORT, MI US","2024-03-16","12.53"," 1448","0.10",,"62","38","  240","  240","29.1","42.9",,,,
"USW00014822","DETROIT CITY AIRPORT, MI US","2024-03-17","9.40"," 1631","0.00",,"45","32","  270","  310","21.0","33.1",,,,
"USW00014822","DETROIT CITY AIRPORT, MI US","2024-03-18","9.62"," 2352","0.00",,"36","29","  270","  270","15.0","25.1",,,,
"USW00014822","DETROIT CITY AIRPORT, MI US","2024-03-19","13.87"," 1356","0.00",,"48","32","  220","  250","25.9","38.9",,,,
"USW00014822","DETROIT CITY AIRPORT, MI US","2024-03-20","12.08"," 1324","0.00",,"42","26","  320","  320","23.9","46.1",,,,
"USW00014822","DETROIT CITY AIRPORT, MI US","2024-03-21","5.82"," 0916","0.00",,"38","22","  270","  360","12.1","18.1",,,,
"USW00014822","DETROIT CITY AIRPORT, MI US","2024-03-22","9.62"," 1608","0.19",,"32","29","   70","   60","17.0","23.0",,,,
"USW00014822","DETROIT CITY AIRPORT, MI US","2024-03-23","8.50"," 1450","0.00",,"39","27","  360","   20","19.9","29.1",,,,
"USW00014822","DETROIT CITY AIRPORT, MI US","2024-03-24","8.95"," 2352","0.00",,"40","22","  100","  100","19.9","28.0",,,,
"USW00014822","DETROIT CITY AIRPORT, MI US","2024-03-25","10.74"," 1654","0.00",,"65","35","  130","  130","18.1","25.9",,,,
"USW00014822","DETROIT CITY AIRPORT, MI US","2024-03-26","15.43"," 1841","0.27",,"59","46","  170","  170","25.9","42.9",,,,
"USW00014822","DETROIT CITY AIRPORT, MI US","2024-03-27","11.41"," 1456","0.00",,"46","31","  250","  240","19.9","30.0",,,,
"USW00014822","DETROIT CITY AIRPORT, MI US","2024-03-28","9.17"," 1532","0.00",,"51","30","  260","  250","21.0","30.0",,,,
"USW00014822","DETROIT CITY AIRPORT, MI US","2024-03-29","5.59"," 1455","0.00",,"55","29","  310","  300","13.0","21.0",,,,
"USW00014822","DETROIT CITY AIRPORT, MI US","2024-03-30","5.59"," 1010","0.02",,"45","37","  100","  100","14.1","19.0","    1",,,"    1"
"USW00014822","DETROIT CITY AIRPORT, MI US","2024-03-31","4.70"," 0611","0.00",,"45","39","   20","   20","13.0","17.0",,,,
"USW00014822","DETROIT CITY AIRPORT, MI US","2024-04-01","9.40"," 1844","0.17",,"55","40","   70","   60","21.0","30.0",,,,
"USW00014822","DETROIT CITY AIRPORT, MI US","2024-04-02","13.65"," 1913","0.40",,"52","42","  110","  110","25.9","38.9","    1",,,"    1"
"USW00014822","DETROIT CITY AIRPORT, MI US","2024-04-03","11.41"," 0031","0.00",,"52","40","  220","  210","21.9","31.1",,,,
"USW00014822","DETROIT CITY AIRPORT, MI US","2024-04-04","7.16"," 2054","0.01",,"52","38","  350","  340","21.0","28.0",,,,
"USW00014822","DETROIT CITY AIRPORT, MI US","2024-04-05","12.08"," 1415","0.00",,"49","37","  350","  320","21.0","31.1",,,,
"USW00014822","DETROIT CITY AIRPORT, MI US","2024-04-06","7.38"," 1053","0.00",,"60","39","   30","   10","16.1","23.0",,,,
"USW00014822","DETROIT CITY AIRPORT, MI US","2024-04-07","6.93"," 1712","0.00",,"59","32","  120","  110","17.0","23.9",,,,
"USW00014822","DETROIT CITY AIRPORT, MI US","2024-04-08","7.83"," 1653","0.00",,"72","49","  180","  190","14.1","19.9",,,,
"USW00014822","DETROIT CITY AIRPORT, MI US","2024-04-09","10.96"," 1252","0.00",,"78","48","  190","  180","25.1","36.0",,,,
"USW00014822","DETROIT CITY AIRPORT, MI US","2024-04-10","5.59"," 0008","0.02",,"66","48","  330","  320","13.0","21.0",,,,
"USW00014822","DETROIT CITY AIRPORT, MI US","2024-04-11","8.50"," 0411","0.87",,"64","48","   70","   50","16.1","25.9",,,,
"USW00014822","DETROIT CITY AIRPORT, MI US","2024-04-12","15.43"," 1647","0.23",,"53","47","  300","  270","30.0","51.0",,,,
"USW00014822","DETROIT CITY AIRPORT, MI US","2024-04-13","11.63"," 0044","0.00",,"65","45","  310","  310","21.9","38.0",,,,
"USW00014822","DETROIT CITY AIRPORT, MI US","2024-04-14","10.51"," 1354","0.00",,"82","49","  290","  270","19.9","32.0",,,,
"USW00014822","DETROIT CITY AIRPORT, MI US","2024-04-15","5.82"," 1542","0.00",,"68","50","  120","  120","14.1","19.0",,,,
"USW00014822","DETROIT CITY AIRPORT, MI US","2024-04-16","10.51"," 2221","0.00",,"70","48","  100","   80","17.0","27.1",,,,
"USW00014822","DETROIT CITY AIRPORT, MI US","2024-04-17","10.29"," 1500","0.35",,"76","53","  240","  220","28.0","45.0",,,,
"USW00014822","DETROIT CITY AIRPORT, MI US","2024-04-18","8.50"," 0251","0.00",,"68","54","  270","  280","18.1","28.0",,,,
"USW00014822","DETROIT CITY AIRPORT, MI US","2024-04-19","9.62"," 1540","0.29",,"62","47","  260","  260","23.0","33.1",,,,
"USW00014822","DETROIT CITY AIRPORT, MI US","2024-04-20","11.18"," 1116","0.00",,"50","42","  300","  300","19.9","29.1",,,,
"USW00014822","DETROIT CITY AIRPORT, MI US","2024-04-21","7.83"," 1512","0.00",,"57","41","  270","  290","17.0","25.9",,,,
"USW00014822","DETROIT CITY AIRPORT, MI US","2024-04-22","9.84"," 1630","0.00",,"65","37","  230","  240","21.0","30.0",,,,
"USW00014822","DETROIT CITY AIRPORT, MI US","2024-04-23","14.09"," 1123","0.04",,"61","51","  220","  210","28.0","38.9",,,,
"USW00014822","DETROIT CITY AIRPORT, MI US","2024-04-24","11.18"," 0519","0.03",,"51","33","   10","  310","19.9","30.0",,,,
"USW00014822","DETROIT CITY AIRPORT, MI US","2024-04-25","5.14"," 1156","0.00",,"55","31","  110","  140","12.1","19.0",,,,
"USW00014822","DETROIT CITY AIRPORT, MI US","2024-04-26","10.29"," 2152","0.00",,"64","39","  110","  110","19.9","28.0",,,,
"USW00014822","DETROIT CITY AIRPORT, MI US","2024-04-27","14.09"," 1617","0.08",,"83","54","  230","  230","25.9","38.0",,,,
"USW00014822","DETROIT CITY AIRPORT, MI US","2024-04-28","8.50"," 0048","0.87",,"81","57","  230","  230","18.1","28.0",,,,
"USW00014822","DETROIT CITY AIRPORT, MI US","2024-04-29","9.40"," 1317","0.62",,"83","57","  180","  190","28.0","40.9",,,,
"USW00014822","DETROIT CITY AIRPORT, MI US","2024-04-30","9.40"," 0959","0.07",,"75","55","  260","  290","19.9","32.0",,,,
"USW00014822","DETROIT CITY AIRPORT, MI US","2024-05-01","9.17"," 1538","0.00",,"84","51","  230","  270","21.9","33.1",,,,"    1"
"USW00014822","DETROIT CITY AIRPORT, MI US","2024-05-02","5.82"," 1115","0.02",,"71","52","  110","  120","13.0","19.9",,,,
"USW00014822","DETROIT CITY AIRPORT, MI US","2024-05-03","5.82"," 0341","0.55",,"72","57","   70","   70","16.1","21.0","    1",,"    1",
"USW00014822","DETROIT CITY AIRPORT, MI US","2024-05-04","6.93"," 1411","0.07",,"75","57","  120","  100","14.1","21.0",,,,
"USW00014822","DETROIT CITY AIRPORT, MI US","2024-05-05","6.49"," 1248","0.00",,"74","53","   20","   40","16.1","23.9",,,,
"USW00014822","DETROIT CITY AIRPORT, MI US","2024-05-06","6.93"," 1255","0.00",,"68","49","   50","   60","14.1","19.9",,,,
"USW00014822","DETROIT CITY AIRPORT, MI US","2024-05-07","6.26"," 1951","0.03",,"70","48","  110","  120","15.0","21.9",,,,
"USW00014822","DETROIT CITY AIRPORT, MI US","2024-05-08","10.51"," 1256","0.00",,"80","53","   70","  300","19.9","32.0",,,,
"USW00014822","DETROIT CITY AIRPORT, MI US","2024-05-09","7.83"," 2059","0.07",,"59","52","   10","   20","15.0","23.0",,,,
"USW00014822","DETROIT CITY AIRPORT, MI US","2024-05-10","7.61"," 0830","0.00",,"69","48","  360","   20","15.0","23.0",,,,
"USW00014822","DETROIT CITY AIRPORT, MI US","2024-05-11","9.17"," 0516","0.34",,"60","52","  250","  270","19.9","32.0",,,,
"USW00014822","DETROIT CITY AIRPORT, MI US","2024-05-12","5.14"," 1758","0.00",,"71","44","  170","  170","15.0","21.0",,,,
"USW00014822","DETROIT CITY AIRPORT, MI US","2024-05-13","11.18"," 1440","0.02",,"83","59","  230","  230","23.0","35.1",,,,
"USW00014822","DETROIT CITY AIRPORT, MI US","2024-05-14","8.72"," 1451","0.00",,"71","56","   70","   80","17.0","23.0",,,,
"USW00014822","DETROIT CITY AIRPORT, MI US","2024-05-15","8.72"," 1737","0.00",,"77","55","  360","   30","15.0","21.9",,,,
"USW00014822","DETROIT CITY AIRPORT, MI US","2024-05-16","5.14"," 1606","0.00",,"77","53","  140","  130","15.0","21.0",,,,
"USW00014822","DETROIT CITY AIRPORT, MI US","2024-05-17","6.04"," 2124","0.23",,"74","63","  120","  130","14.1","18.1",,,,
"USW00014822","DETROIT CITY AIRPORT, MI US","2024-05-18","4.70"," 1633","0.00",,"78","62","  160","  110","10.1","14.1",,,,
"USW00014822","DETROIT CITY AIRPORT, MI US","2024-05-19","4.25"," 1816","0.40",,"89","59","  220","  240","18.1","23.9","    1",,"    1","    1"
"USW00014822","DETROIT CITY AIRPORT, MI US","2024-05-20","5.82"," 1448","0.13",,"88","62","  140","  140","18.1","29.1","    1",,"    1","    1"
"USW00014822","DETROIT CITY AIRPORT, MI US","2024-05-21","8.28"," 2336","0.00",,"89","70","  210","  180","15.0","25.1",,,,
"USW00014822","DETROIT CITY AIRPORT, MI US","2024-05-22","13.65"," 1124","0.00",,"89","71","  220","  230","25.1","36.0",,,,
"USW00014822","DETROIT CITY AIRPORT, MI US","2024-05-23","6.93"," 1241","0.00",,"83","62","  230","  220","17.0","27.1",,,,
"USW00014822","DETROIT CITY AIRPORT, MI US","2024-05-24","5.37"," 0718","0.00",,"83","57","   60","   40","14.1","19.9",,,,
"USW00014822","DETROIT CITY AIRPORT, MI US","2024-05-25","6.04"," 1324","0.26",,"83","66","  300","  280","15.0","21.9","    1",,"    1","    1"
"USW00014822","DETROIT CITY AIRPORT, MI US","2024-05-26","9.40"," 2043","0.82",,"78","58","   70","   60","25.1","36.9","    1",,"    1","    1"
"USW00014822","DETROIT CITY AIRPORT, MI US","2024-05-27","10.96"," 1042","0.72",,"74","62","  240","  220","28.0","40.0","    1",,"    1",
"USW00014822","DETROIT CITY AIRPORT, MI US","2024-05-28","6.71"," 1508","0.56",,"75","59","   60","   60","19.9","25.9","    1",,"    1",
"USW00014822","DETROIT CITY AIRPORT, MI US","2024-05-29","8.05"," 1547","0.00",,"71","53","   10","   10","18.1","28.0",,,"    1",
"USW00014822","DETROIT CITY AIRPORT, MI US","2024-05-30","5.37"," 1255","0.00",,"73","46","   10","  350","14.1","21.0",,,,
"USW00014822","DETROIT CITY AIRPORT, MI US","2024-05-31","3.58"," 1843","0.00",,"78","49","  180","  160","13.0","17.0",,,,"    1"
"USW00014822","DETROIT CITY AIRPORT, MI US","2024-06-01","6.93"," 1110","0.06",,"80","58","  160","  190","16.1","25.1",,,,
"USW00014822","DETROIT CITY AIRPORT, MI US","2024-06-02","7.83"," 0126","0.23",,"80","64","  210","  220","16.1","25.1",,,,
"USW00014822","DETROIT CITY AIRPORT, MI US","2024-06-03","4.70"," 1357","0.00",,"78","62","  120","  100","13.0","16.1",,,,
"USW00014822","DETROIT CITY AIRPORT, MI US","2024-06-04","5.82"," 1224","0.00",,"87","64","  160","  150","14.1","19.9",,,,
"USW00014822","DETROIT CITY AIRPORT, MI US","2024-06-05","7.16"," 1501","0.45",,"85","68","  240","  220","36.0","55.9",,,,
"USW00014822","DETROIT CITY AIRPORT, MI US","2024-06-06","10.51"," 1628","0.00",,"81","66","  280","  270","23.0","35.1",,,,
"USW00014822","DETROIT CITY AIRPORT, MI US","2024-06-07","9.84"," 0953","0.00",,"71","62","  270","  280","18.1","30.0",,,,
"USW00014822","DETROIT CITY AIRPORT, MI US","2024-06-08","7.61"," 1752","0.36",,"79","57","  360","   10","19.9","28.0",,,,
"USW00014822","DETROIT CITY AIRPORT, MI US","2024-06-09","10.07"," 1311","0.00",,"76","56","  280","  250","21.9","35.1",,,,
"USW00014822","DETROIT CITY AIRPORT, MI US","2024-06-10","8.28"," 0753","0.00",,"71","53","  360","   10","16.1","23.9",,,,
"USW00014822","DETROIT CITY AIRPORT, MI US","2024-06-11","5.37"," 1037","0.00",,"73","48","  130","  120","14.1","19.0",,,,
"USW00014822","DETROIT CITY AIRPORT, MI US","2024-06-12","7.83"," 1445","0.00",,"86","62","  210","  200","17.0","25.1",,,,
"USW00014822","DETROIT CITY AIRPORT, MI US","2024-06-13","12.08"," 1551","0.02",,"93","73","  220","  220","25.1","36.9",,,,
"USW00014822","DETROIT CITY AIRPORT, MI US","2024-06-14","5.59"," 1729","0.00",,"84","62","   70","   70","18.1","23.0",,,,
"USW00014822","DETROIT CITY AIRPORT, MI US","2024-06-15","5.82"," 1021","0.00",,"77","56","  350","  350","14.1","19.0",,,,
"USW00014822","DETROIT CITY AIRPORT, MI US","2024-06-16","7.61"," 1448","0.00",,"87","60","  170","  190","16.1","23.0",,,,
"USW00014822","DETROIT CITY AIRPORT, MI US","2024-06-17","8.50"," 2103","0.44",,"96","71","  190","  190","17.0","27.1",,,,
"USW00014822","DETROIT CITY AIRPORT, MI US","2024-06-18","7.61"," 1929","0.00",,"92","77","  160","  160","18.1","23.9",,,,
"USW00014822","DETROIT CITY AIRPORT, MI US","2024-06-19","5.37"," 2111","0.01",,"93","75","  310","  290","16.1","23.9",,,,
"USW00014822","DETROIT CITY AIRPORT, MI US","2024-06-20","4.92"," 1451","0.38",,"91","71","  340","  360","19.9","28.0",,,,
"USW00014822","DETROIT CITY AIRPORT, MI US","2024-06-21","2.91"," 1834","0.03",,"90","69","  360","  360","16.1","25.1",,,,
"USW00014822","DETROIT CITY AIRPORT, MI US","2024-06-22","8.72"," 1446","0.00",,"94","73","  230","  230","21.0","31.1","    1",,,"    1"
"USW00014822","DETROIT CITY AIRPORT, MI US","2024-06-23","11.41"," 0308","0.14",,"86","70","  230","  230","23.9","36.0",,,,
"USW00014822","DETROIT CITY AIRPORT, MI US","2024-06-24","4.03"," 1138","0.00",,"83","66","  100","  100","13.0","17.0",,,,
"USW00014822","DETROIT CITY AIRPORT, MI US","2024-06-25","10.74"," 1023","0.52",,"84","69","  170","  170","25.1","33.1",,,,
"USW00014822","DETROIT CITY AIRPORT, MI US","2024-06-26","5.14"," 2233","0.00",,"81","66","   10","  360","15.0","23.0",,,,
"USW00014822","DETROIT CITY AIRPORT, MI US","2024-06-27","6.71"," 1535","0.00",,"76","61","  130","  100","14.1","18.1",,,,
"USW00014822","DETROIT CITY AIRPORT, MI US","2024-06-28","5.82"," 1055","0.00",,"76","58","  150","  130","12.1","19.0",,,,
"USW00014822","DETROIT CITY AIRPORT, MI US","2024-06-29","8.28"," 1802","1.06",,"90","69","  240","  250","19.9","29.1",,,,
"USW00014822","DETROIT CITY AIRPORT, MI US","2024-06-30","9.40"," 0926","0.00",,"80","59","  350","  340","17.0","25.9",,,,
"USW00014822","DETROIT CITY AIRPORT, MI US","2024-07-01","4.70"," 1427","0.00",,"75","55","   80","   60","13.0","17.0",,,,
"USW00014822","DETROIT CITY AIRPORT, MI US","2024-07-02","7.16"," 1331","0.00",,"82","58","  140","  160","15.0","21.0",,,,
"USW00014822","DETROIT CITY AIRPORT, MI US","2024-07-03","8.95"," 0903","0.00",,"88","72","  230","  230","19.9","28.0",,,,
"USW00014822","DETROIT CITY AIRPORT, MI US","2024-07-04","3.13"," 1241","0.00",,"86","68","  200","  200","12.1","15.0",,,,
"USW00014822","DETROIT CITY AIRPORT, MI US","2024-07-05","3.80"," 1650","0.06",,"82","69","  190","  180","13.0","18.1",,,,
"USW00014822","DETROIT CITY AIRPORT, MI US","2024-07-06","6.49"," 1721","0.00",,"83","67","  240","  240","14.1","19.9",,,,
"USW00014822","DETROIT CITY AIRPORT, MI US","2024-07-07","3.80"," 1450","0.00",,"87","64","  120","  220","10.1","17.0",,,,
"USW00014822","DETROIT CITY AIRPORT, MI US","2024-07-08","6.49"," 1258","0.00",,"90","72","  170","  160","15.0","19.9",,,,
"USW00014822","DETROIT CITY AIRPORT, MI US","2024-07-09","4.70"," 0207","0.02",,"84","75","  210","  300","13.0","19.9",,,,
"USW00014822","DETROIT CITY AIRPORT, MI US","2024-07-10","11.86"," 0405","2.88",,"75","67","   40","   60","23.9","38.0",,,,
"USW00014822","DETROIT CITY AIRPORT, MI US","2024-07-11","6.04"," 1046","0.00",,"85","66","   60","   10","12.1","18.1",,,,
"USW00014822","DETROIT CITY AIRPORT, MI US","2024-07-12","2.91"," 1459","0.02",,"84","68","  130","  120","12.1","16.1",,,,
"USW00014822","DETROIT CITY AIRPORT, MI US","2024-07-13","4.03"," 1459","0.00",,"89","67","  110","  110","13.0","18.1",,,,
"USW00014822","DETROIT CITY AIRPORT, MI US","2024-07-14","9.17"," 1102","0.00",,"88","75","  180","  220","17.0","25.1",,,,
"USW00014822","DETROIT CITY AIRPORT, MI US","2024-07-15","7.61"," 1045","0.04",,"90","74","  290","  310","18.1","29.1",,,,
"USW00014822","DETROIT CITY AIRPORT, MI US","2024-07-16","8.72"," 0207","0.39",,"90","71","  220","  200","31.1","45.0",,,,
"USW00014822","DETROIT CITY AIRPORT, MI US","2024-07-17","5.82"," 1423","0.12",,"86","70","  320","  330","21.0","36.9",,,,
"USW00014822","DETROIT CITY AIRPORT, MI US","2024-07-18","6.71"," 0003","0.00",,"79","63","   50","  330","13.0","19.0",,,,
"USW00014822","DETROIT CITY AIRPORT, MI US","2024-07-19","3.58"," 1911","0.00",,"83","59","  150","  150","14.1","17.0",,,,
"USW00014822","DETROIT CITY AIRPORT, MI US","2024-07-20","3.58"," 0958","0.00",,"83","66","  260","  310","10.1","16.1",,,,
"USW00014822","DETROIT CITY AIRPORT, MI US","2024-07-21","4.03"," 1932","0.00",,"85","68","   50","   30","13.0","19.0",,,,
"USW00014822","DETROIT CITY AIRPORT, MI US","2024-07-22","3.36"," 1158","0.00",,"82","68","  210","   90","8.9","13.0",,,"    1","    1"
"USW00014822","DETROIT CITY AIRPORT, MI US","2024-07-23","4.92"," 1724","2.26",,"86","67","  110","  110","25.9","40.0",,,,
"USW00014822","DETROIT CITY AIRPORT, MI US","2024-07-24","6.26"," 1212","0.00",,"80","69","  300","  280","15.0","21.0",,,,
"USW00014822","DETROIT CITY AIRPORT, MI US","2024-07-25","4.70"," 1556","0.00",,"80","66","   90","   40","10.1","15.0",,,,
"USW00014822","DETROIT CITY AIRPORT, MI US","2024-07-26","4.70"," 1510","0.00",,"80","63","  110","  110","12.1","19.0",,,,
"USW00014822","DETROIT CITY AIRPORT, MI US","2024-07-27","3.80"," 1608","0.00",,"83","62","  100","  140","12.1","17.0",,,,
"USW00014822","DETROIT CITY AIRPORT, MI US","2024-07-28","4.03"," 1310","0.00",,"89","65","  170","  190","13.0","18.1",,,,
"USW00014822","DETROIT CITY AIRPORT, MI US","2024-07-29","6.04"," 2338","0.15",,"86","75","  230","  240","21.0","35.1",,,,
"USW00014822","DETROIT CITY AIRPORT, MI US","2024-07-30","7.61"," 1435","0.04",,"87","73","  310","  320","15.0","28.0",,,,
"USW00014822","DETROIT CITY AIRPORT, MI US","2024-07-31","5.37"," 1528","0.00",,"91","72","  230","  240","17.0","25.9",,,,
"USW00014822","DETROIT CITY AIRPORT, MI US","2024-08-01","4.92"," 2302","0.17",,"91","74","  200","  160","14.1","18.1",,,,
"USW00014822","DETROIT CITY AIRPORT, MI US","2024-08-02","4.03"," 1548","1.17",,"82","73","   60","   70","14.1","18.1",,,,
"USW00014822","DETROIT CITY AIRPORT, MI US","2024-08-03","5.59"," 1315","0.00",,"91","74","  340","  330","14.1","21.9",,,,
"USW00014822","DETROIT CITY AIRPORT, MI US","2024-08-04","3.13"," 1822","0.00",,"90","70","  220","  220","14.1","19.0",,,,
"USW00014822","DETROIT CITY AIRPORT, MI US","2024-08-05","6.71"," 1113","0.05",,"88","74","  280","  280","21.9","34.0",,,,
"USW00014822","DETROIT CITY AIRPORT, MI US","2024-08-06","9.62"," 1616","1.30",,"75","64","   40","   10","16.1","23.9",,,,
"USW00014822","DETROIT CITY AIRPORT, MI US","2024-08-07","9.84"," 0909","0.00",,"80","62","   60","   40","21.0","29.1",,,,
"USW00014822","DETROIT CITY AIRPORT, MI US","2024-08-08","3.80"," 1656","0.00",,"85","65","  120","  140","8.9","13.0",,,,
"USW00014822","DETROIT CITY AIRPORT, MI US","2024-08-09","7.83"," 1347","0.00",,"83","67","  280","  260","17.0","25.9",,,,
"USW00014822","DETROIT CITY AIRPORT, MI US","2024-08-10","10.74"," 0956","0.00",,"77","61","  250","  250","19.9","31.1",,,,
"USW00014822","DETROIT CITY AIRPORT, MI US","2024-08-11","8.72"," 1507","0.00",,"78","61","  290","  220","18.1","25.9",,,,
"USW00014822","DETROIT CITY AIRPORT, MI US","2024-08-12","4.70"," 1439","0.00",,"83","60","  290","  290","13.0","19.0",,,,
"USW00014822","DETROIT CITY AIRPORT, MI US","2024-08-13","2.46"," 1620","0.00",,"83","62","  150","  170","12.1","16.1",,,,
"USW00014822","DETROIT CITY AIRPORT, MI US","2024-08-14","2.46"," 1409","0.00",,"83","64","   80","  100","8.9","15.0",,,,
"USW00014822","DETROIT CITY AIRPORT, MI US","2024-08-15","5.14"," 1419","0.00",,"83","64","  130","  140","14.1","19.9",,,,
"USW00014822","DETROIT CITY AIRPORT, MI US","2024-08-16","6.04"," 1215","0.46",,"82","68","  210","  190","13.0","18.1",,,,
"USW00014822","DETROIT CITY AIRPORT, MI US","2024-08-17","8.95"," 1439","0.08",,"84","70","  250","  250","17.0","25.9",,,,
"USW00014822","DETROIT CITY AIRPORT, MI US","2024-08-18","8.50"," 2118","0.23",,"82","70","  360","  340","19.9","30.0",,,,
"USW00014822","DETROIT CITY AIRPORT, MI US","2024-08-19","12.30"," 1107","0.00",,"75","62","   10","  360","21.0","30.0",,,,
"USW00014822","DETROIT CITY AIRPORT, MI US","2024-08-20","7.38"," 1316","0.00",,"74","58","  360","  350","18.1","23.9",,,,
"USW00014822","DETROIT CITY AIRPORT, MI US","2024-08-21","5.59"," 1159","0.00",,"77","55","  360","  350","17.0","23.0",,,,
"USW00014822","DETROIT CITY AIRPORT, MI US","2024-08-22","2.68"," 1708","0.00",,"80","53","  190","  190","15.0","19.9",,,,
"USW00014822","DETROIT CITY AIRPORT, MI US","2024-08-23","3.80"," 1422","0.00",,"80","58","  250","  270","14.1","21.0",,,,
"USW00014822","DETROIT CITY AIRPORT, MI US","2024-08-24","4.03"," 1253","0.00",,"85","62","  180","  170","13.0","25.1",,,,
"USW00014822","DETROIT CITY AIRPORT, MI US","2024-08-25","4.92"," 1443","0.00",,"88","69","  100","  100","13.0","16.1",,,,
"USW00014822","DETROIT CITY AIRPORT, MI US","2024-08-26","5.37"," 1402","0.00",,"94","72","  180","  210","15.0","25.1","    1",,,"    1"
"USW00014822","DETROIT CITY AIRPORT, MI US","2024-08-27","7.83"," 1701","0.00",,"97","74","  320","  280","31.1","52.1",,,,
"USW00014822","DETROIT CITY AIRPORT, MI US","2024-08-28","6.04"," 0128","0.00",,"84","70","  200","  270","17.0","25.1",,,,
"USW00014822","DETROIT CITY AIRPORT, MI US","2024-08-29","5.82"," 2311","0.00",,"79","69","  100","  140","10.1","14.1",,,,
"USW00014822","DETROIT CITY AIRPORT, MI US","2024-08-30","6.26"," 1442","0.00",,"91","69","  220","  210","14.1","19.0",,,,
"USW00014822","DETROIT CITY AIRPORT, MI US","2024-08-31","5.37"," 0248","0.22",,"86","73","  220","  220","17.0","23.9",,,,
"USW00014822","DETROIT CITY AIRPORT, MI US","2024-09-01","8.05"," 1456","0.00",,"82","65","  350","  360","15.0","23.9",,,,
"USW00014822","DETROIT CITY AIRPORT, MI US","2024-09-02","6.93"," 0921","0.00",,"73","57","  360","  340","16.1","23.0",,,,
"USW00014822","DETROIT CITY AIRPORT, MI US","2024-09-03","2.46"," 1216","0.00",,"75","53","  110","  110","8.9","14.1",,,,
"USW00014822","DETROIT CITY AIRPORT, MI US","2024-09-04","3.80"," 1156","0.00",,"80","56","  110","   70","12.1","16.1",,,,
"USW00014822","DETROIT CITY AIRPORT, MI US","2024-09-05","6.04"," 1508","0.00",,"87","60","  170","  190","15.0","19.9",,,,
"USW00014822","DETROIT CITY AIRPORT, MI US","2024-09-06","7.61"," 2234","0.00",,"76","57","  360","   10","18.1","28.0","    1",,"    1","    1"
"USW00014822","DETROIT CITY AIRPORT, MI US","2024-09-07","9.40"," 1056","0.00",,"64","53","  320","  360","17.0","29.1",,,,
"USW00014822","DETROIT CITY AIRPORT, MI US","2024-09-08","7.83"," 1442","0.00",,"74","48","  270","  280","16.1","25.9",,,,
"USW00014822","DETROIT CITY AIRPORT, MI US","2024-09-09","8.95"," 1009","0.00",,"82","58","  240","  250","18.1","30.0",,,,
"USW00014822","DETROIT CITY AIRPORT, MI US","2024-09-10","2.91"," 1526","0.00",,"81","58","  110","  100","12.1","15.0","    1",,,
"USW00014822","DETROIT CITY AIRPORT, MI US","2024-09-11","3.58"," 1629","0.00",,"85","61","  160","  150","12.1","16.1",,,,
"USW00014822","DETROIT CITY AIRPORT, MI US","2024-09-12","4.47"," 1338","0.00",,"85","61","   70","  110","12.1","14.1","    1",,,
"USW00014822","DETROIT CITY AIRPORT, MI US","2024-09-13","6.71"," 1458","0.00",,"83","65","   70","   70","15.0","19.9",,,,
"USW00014822","DETROIT CITY AIRPORT, MI US","2024-09-14","6.71"," 1656","0.00",,"83","63","  100","  110","15.0","21.0",,,,
"USW00014822","DETROIT CITY AIRPORT, MI US","2024-09-15","6.04"," 1439","0.00",,"85","62","  110","  100","14.1","17.0",,"    1",,
"USW00014822","DETROIT CITY AIRPORT, MI US","2024-09-16","4.70"," 1443","0.00",,"83","60","   90","  120","17.0","25.1",,,,
"USW00014822","DETROIT CITY AIRPORT, MI US","2024-09-17","4.92"," 1237","0.00",,"79","60","   70","  100","14.1","19.0",,,,
"USW00014822","DETROIT CITY AIRPORT, MI US","2024-09-18","4.03"," 1328","0.00",,"83","65","   90","  100","14.1","21.0",,,,
"USW00014822","DETROIT CITY AIRPORT, MI US","2024-09-19","3.58"," 1627","0.00",,"84","64","  120","  100","8.9","15.0",,,,
"USW00014822","DETROIT CITY AIRPORT, MI US","2024-09-20","4.03"," 1348","0.00",,"85","62","  160","  160","13.0","18.1",,,,
"USW00014822","DETROIT CITY AIRPORT, MI US","2024-09-21","2.68"," 1206","0.00",,"89","64","  290","  310","13.0","18.1",,,,
"USW00014822","DETROIT CITY AIRPORT, MI US","2024-09-22","4.70"," 1707","0.00",,"85","63","  220","  220","17.0","25.9",,,,
"USW00014822","DETROIT CITY AIRPORT, MI US","2024-09-23","8.05"," 0437","0.00",,"73","63","  340","  340","16.1","28.0",,,,
"USW00014822","DETROIT CITY AIRPORT, MI US","2024-09-24","4.47"," 2018","0.06",,"74","63","  120","  130","13.0","15.0",,,,
"USW00014822","DETROIT CITY AIRPORT, MI US","2024-09-25","6.71"," 0822","0.00",,"79","64","  230","  230","14.1","21.9",,,,
"USW00014822","DETROIT CITY AIRPORT, MI US","2024-09-26","5.82"," 1152","0.00",,"75","63","   50","   20","10.1","15.0",,,,
"USW00014822","DETROIT CITY AIRPORT, MI US","2024-09-27","12.53"," 1111","0.00",,"76","63","   60","   70","21.9","33.1",,,,"    1"
"USW00014822","DETROIT CITY AIRPORT, MI US","2024-09-28","8.05"," 0011","0.00",,"70","67","   40","   40","15.0","23.0","    1",,,"    1"
"USW00014822","DETROIT CITY AIRPORT, MI US","2024-09-29","7.16"," 1826","0.00",,"72","65","   30","   20","15.0","23.0","    1",,,"    1"
"USW00014822","DETROIT CITY AIRPORT, MI US","2024-09-30","5.14"," 0633","0.00",,"74","61","   90","   60","12.1","15.0","    1",,,
"USW00014822","DETROIT CITY AIRPORT, MI US","2024-10-01","4.70"," 1552","0.27",,"80","56","  330","  300","21.0","30.0",,,,
"USW00014822","DETROIT CITY AIRPORT, MI US","2024-10-02","4.47"," 1334","0.00",,"70","51","  270","  310","8.9","14.1",,,,
"USW00014822","DETROIT CITY AIRPORT, MI US","2024-10-03","3.13"," 1108","0.00",,"78","51","  210","  240","10.1","17.0",,,,
"USW00014822","DETROIT CITY AIRPORT, MI US","2024-10-04","4.70"," 1532","0.00",,"74","53","  350","  350","13.0","18.1",,,,
"USW00014822","DETROIT CITY AIRPORT, MI US","2024-10-05","6.71"," 1111","0.00",,"70","51","  110","  120","15.0","21.0",,,,
"USW00014822","DETROIT CITY AIRPORT, MI US","2024-10-06","12.75"," 1407","0.00",,"81","60","  250","  240","23.0","36.0",,,,
"USW00014822","DETROIT CITY AIRPORT, MI US","2024-10-07","7.61"," 0008","0.00",,"68","53","  310","  330","15.0","25.1",,,,
"USW00014822","DETROIT CITY AIRPORT, MI US","2024-10-08","5.59"," 1356","0.00",,"71","47","  250","  240","15.0","19.9",,,,
"USW00014822","DETROIT CITY AIRPORT, MI US","2024-10-09","6.26"," 1140","0.00",,"66","46","  280","  260","17.0","25.9",,,,
"USW00014822","DETROIT CITY AIRPORT, MI US","2024-10-10","2.46"," 1427","0.00",,"64","41","   80","   90","10.1","16.1",,,,
"USW00014822","DETROIT CITY AIRPORT, MI US","2024-10-11","8.95"," 1553","0.00",,"79","48","  230","  230","17.0","23.9",,,,
"USW00014822","DETROIT CITY AIRPORT, MI US","2024-10-12","8.50"," 2232","0.00",,"70","52","  100","   90","16.1","21.0",,,,
"USW00014822","DETROIT CITY AIRPORT, MI US","2024-10-13","6.04"," 0905","0.00",,"55","50","   40","   40","13.0","21.9","    1",,,"    1"
"USW00014822","DETROIT CITY AIRPORT, MI US","2024-10-14","7.83"," 1020","0.00",,"57","45","  350","  360","18.1","25.9","    1",,,"    1"
"USW00014822","DETROIT CITY AIRPORT, MI US","2024-10-15","7.83"," 1229","0.00",,"55","41","  360","   10","21.0","28.0","    1",,,"    1"
"USW00014822","DETROIT CITY AIRPORT, MI US","2024-10-16","6.71"," 0917","0.00",,"58","40","  330","  310","15.0","23.0",,,,
"USW00014822","DETROIT CITY AIRPORT, MI US","2024-10-17","3.13"," 1340","0.00",,"65","40","  190","  230","10.1","16.1",,,,
"USW00014822","DETROIT CITY AIRPORT, MI US","2024-10-18","2.68"," 1319","0.00",,"67","39","  170","  200","12.1","19.0","    1",,,"    1"
"USW00014822","DETROIT CITY AIRPORT, MI US","2024-10-19","2.68"," 1427","0.00",,"72","42","  190","  180","10.1","16.1",,,,
"USW00014822","DETROIT CITY AIRPORT, MI US","2024-10-20","6.04"," 1443","0.00",,"76","44","  200","  190","14.1","19.0",,,,
"USW00014822","DETROIT CITY AIRPORT, MI US","2024-10-21","6.04"," 1450","0.00",,"82","57","  230","  230","15.0","21.0",,,,
"USW00014822","DETROIT CITY AIRPORT, MI US","2024-10-22","6.71"," 2338","0.00",,"76","51","  260","  250","21.9","31.1",,,,
"USW00014822","DETROIT CITY AIRPORT, MI US","2024-10-23","9.62"," 1727","0.00",,"70","49","  360","   10","18.1","28.0",,,,
"USW00014822","DETROIT CITY AIRPORT, MI US","2024-10-24","3.13"," 1701","0.00",,"61","39","  110","   30","10.1","15.0",,,,
"USW00014822","DETROIT CITY AIRPORT, MI US","2024-10-25","5.37"," 1210","0.00",,"62","43","  240","  240","15.0","21.0",,,,
"USW00014822","DETROIT CITY AIRPORT, MI US","2024-10-26","4.92"," 1022","0.00",,"59","41","  320","  340","18.1","30.0",,,,
"USW00014822","DETROIT CITY AIRPORT, MI US","2024-10-27","2.68"," 1237","0.00",,"58","34","  200","  220","12.1","16.1",,,,
"USW00014822","DETROIT CITY AIRPORT, MI US","2024-10-28","4.25"," 1137","0.00",,"62","39","  160","  180","15.0","21.9",,,,
"USW00014822","DETROIT CITY AIRPORT, MI US","2024-10-29","12.08"," 1546","0.00",,"80","50","  220","  230","23.0","32.0",,,,
"USW00014822","DETROIT CITY AIRPORT, MI US","2024-10-30","14.76"," 1112","0.00",,"79","68","  220","  230","25.1","36.0",,,,
"USW00014822","DETROIT CITY AIRPORT, MI US","2024-10-31","16.11"," 1555","0.00",,"77","58","  230","  230","32.0","46.1",,,,
"USW00014822","DETROIT CITY AIRPORT, MI US","2024-11-01","9.84"," 0045","0.00",,"58","44","  230","  230","23.0","36.9",,,,
"USW00014822","DETROIT CITY AIRPORT, MI US","2024-11-02","2.01"," 1546","0.00",,"58","36","   90","   90","8.9","12.1",,,,
"USW00014822","DETROIT CITY AIRPORT, MI US","2024-11-03","8.05"," 0937","0.00",,"60","39","  100","  110","18.1","27.1",,,,
"USW00014822","DETROIT CITY AIRPORT, MI US","2024-11-04","9.40"," 1153","0.00",,"73","59","  180","  170","21.0","30.0",,,,"    1"
"USW00014822","DETROIT CITY AIRPORT, MI US","2024-11-05","14.76"," 2322","0.00",,"76","65","  210","  230","23.9","35.1",,,,
"USW00014822","DETROIT CITY AIRPORT, MI US","2024-11-06","8.50"," 0140","0.04",,"71","53","  220","  230","21.9","32.0",,,,
"USW00014822","DETROIT CITY AIRPORT, MI US","2024-11-07","6.49"," 0617","0.00",,"61","50","   10","  350","12.1","17.0",,,,
"USW00014822","DETROIT CITY AIRPORT, MI US","2024-11-08","7.61"," 1112","0.00",,"62","46","  300","  280","17.0","25.9",,,,
"USW00014822","DETROIT CITY AIRPORT, MI US","2024-11-09","7.61"," 1037","0.00",,"58","38","  110","  120","15.0","19.9",,,,
"USW00014822","DETROIT CITY AIRPORT, MI US","2024-11-10","7.83"," 2119","0.59",,"63","50","  270","  290","19.9","32.0",,,,
"USW00014822","DETROIT CITY AIRPORT, MI US","2024-11-11","13.20"," 1706","0.00",,"61","47","  300","  320","23.9","40.0",,,,
"USW00014822","DETROIT CITY AIRPORT, MI US","2024-11-12","9.40"," 0106","0.00",,"51","39","   10","  360","21.9","36.0",,,,
"USW00014822","DETROIT CITY AIRPORT, MI US","2024-11-13","10.29"," 1012","0.00",,"53","35","  110","  110","21.9","30.0",,,,
"USW00014822","DETROIT CITY AIRPORT, MI US","2024-11-14","6.71"," 0703","0.41",,"53","46","  120","  130","17.0","23.0",,,,
"USW00014822","DETROIT CITY AIRPORT, MI US","2024-11-15","6.04"," 1423","0.00",,"53","50","  310","  310","12.1","19.0",,,,
"USW00014822","DETROIT CITY AIRPORT, MI US","2024-11-16","3.58"," 2238","0.00",,"53","49","  170","  160","13.0","17.0",,,,
"USW00014822","DETROIT CITY AIRPORT, MI US","2024-11-17","9.40"," 1030","0.02",,"57","48","  180","  190","18.1","23.0",,,,
"USW00014822","DETROIT CITY AIRPORT, MI US","2024-11-18","4.70"," 0400","0.00",,"59","43","  300","  320","14.1","21.0",,"    1",,"    1"
"USW00014822","DETROIT CITY AIRPORT, MI US","2024-11-19","9.17"," 0805","0.13",,"62","52","  110","  120","17.0","23.0","    1",,,"    1"
"USW00014822","DETROIT CITY AIRPORT, MI US","2024-11-20","6.71"," 1458","0.26",,"56","40","  280","  260","23.0","36.0",,"    1",,"    1"
"USW00014822","DETROIT CITY AIRPORT, MI US","2024-11-21","8.05"," 0304","0.02",,"41","34","  230","  210","17.0","25.9","    1",,,"    1"
"USW00014822","DETROIT CITY AIRPORT, MI US","2024-11-22","10.74"," 1632","0.01",,"48","37","  320","  320","19.9","35.1",,,,
"USW00014822","DETROIT CITY AIRPORT, MI US","2024-11-23","8.95"," 0011","0.00",,"48","44","  320","  310","16.1","25.1",,,,
"USW00014822","DETROIT CITY AIRPORT, MI US","2024-11-24","6.71"," 0912","0.00",,"47","42","  240","  220","13.0","17.0",,,,
"USW00014822","DETROIT CITY AIRPORT, MI US","2024-11-25","6.49"," 2252","0.03",,"53","43","  290","  280","16.1","25.9","    1",,,"    1"
"USW00014822","DETROIT CITY AIRPORT, MI US","2024-11-26","14.09"," 0425","0.01",,"50","37","  260","  260","21.9","40.0",,,,
"USW00014822","DETROIT CITY AIRPORT, MI US","2024-11-27","3.80"," 0243","0.01",,"46","33","  290","  280","12.1","17.0",,,,
"USW00014822","DETROIT CITY AIRPORT, MI US","2024-11-28","8.28"," 1540","0.01",,"42","35","  300","  300","16.1","23.9",,,,
"USW00014822","DETROIT CITY AIRPORT, MI US","2024-11-29","11.18"," 1327","0.11",,"35","26","  240","  260","19.9","28.0",,,,
"USW00014822","DETROIT CITY AIRPORT, MI US","2024-11-30","12.97"," 1623","0.00",,"28","25","  230","  260","18.1","28.0",,,,
"USW00014822","DETROIT CITY AIRPORT, MI US","2024-12-01","9.84"," 1511","0.00",,"33","26","  260","  260","16.1","23.9",,,,
"USW00014822","DETROIT CITY AIRPORT, MI US","2024-12-02","7.61"," 0126","0.00",,"37","26","  270","  270","13.0","19.0",,,,
"USW00014822","DETROIT CITY AIRPORT, MI US","2024-12-03","8.72"," 2218","0.00",,"38","27","  230","  230","21.0","28.0",,,,
"USW00014822","DETROIT CITY AIRPORT, MI US","2024-12-04","16.55"," 0944","0.02",,"40","27","  210","  230","25.1","36.9",,,,
"USW00014822","DETROIT CITY AIRPORT, MI US","2024-12-05","13.65"," 0316","0.00",,"34","22","  290","  290","23.9","40.9",,,,
"USW00014822","DETROIT CITY AIRPORT, MI US","2024-12-06","10.96"," 1753","0.00",,"35","21","  240","  240","21.9","30.0",,,,
"USW00014822","DETROIT CITY AIRPORT, MI US","2024-12-07","13.87"," 2223","0.00",,"44","32","  230","  220","25.9","38.9",,,,
"USW00014822","DETROIT CITY AIRPORT, MI US","2024-12-08","8.28"," 0003","0.00",,"52","38","  230","  220","23.0","35.1",,,,
"USW00014822","DETROIT CITY AIRPORT, MI US","2024-12-09","7.38"," 1436","0.40",,"53","38","  240","  240","14.1","21.0",,"    1",,
"USW00014822","DETROIT CITY AIRPORT, MI US","2024-12-10","3.80"," 0143","0.00",,"51","36","  310","  230","8.1","13.0",,,,
"USW00014822","DETROIT CITY AIRPORT, MI US","2024-12-11","11.63"," 2214","0.00",,"40","28","  260","  270","25.1","40.0",,,,
"USW00014822","DETROIT CITY AIRPORT, MI US","2024-12-12","13.42"," 0807","0.01",,"28","15","  240","  270","25.1","40.0",,,,
"USW00014822","DETROIT CITY AIRPORT, MI US","2024-12-13","2.91"," 0227","0.00",,"24","15","  230","  240","12.1","15.0",,,,
"USW00014822","DETROIT CITY AIRPORT, MI US","2024-12-14","8.72"," 1936","0.00",,"38","15","   90","   80","16.1","23.0",,,,
"USW00014822","DETROIT CITY AIRPORT, MI US","2024-12-15","6.93"," 0727","0.35",,"44","36","  100","  110","18.1","23.9",,,,
"USW00014822","DETROIT CITY AIRPORT, MI US","2024-12-16","9.84"," 2152","0.17",,"56","43","  260","  260","23.9","38.0",,"    1",,
"USW00014822","DETROIT CITY AIRPORT, MI US","2024-12-17","10.51"," 0148","0.00",,"49","40","  260","  270","25.1","38.0",,,,
"USW00014822","DETROIT CITY AIRPORT, MI US","2024-12-18","4.70"," 1710","0.00",,"40","36","  310","  310","12.1","18.1",,,,
"USW00014822","DETROIT CITY AIRPORT, MI US","2024-12-19","6.26"," 1802","0.00",,"36","31","   90","  110","10.1","17.0",,,,
"USW00014822","DETROIT CITY AIRPORT, MI US","2024-12-20","8.50"," 1828","0.04",,"36","28","  360","  360","23.0","29.1",,,,
"USW00014822","DETROIT CITY AIRPORT, MI US","2024-12-21","8.05"," 0326","0.00",,"28","16","  340","  330","16.1","23.0",,,,
"USW00014822","DETROIT CITY AIRPORT, MI US","2024-12-22","4.70"," 2339","0.00",,"28","11","  140","  180","12.1","16.1",,,,
"USW00014822","DETROIT CITY AIRPORT, MI US","2024-12-23","9.62"," 1059","0.23",,"36","27","  180","  190","19.9","25.9",,,,
"USW00014822","DETROIT CITY AIRPORT, MI US","2024-12-24","4.25"," 0043","0.00",,"37","35","   10","  230","8.9","14.1",,,,
"USW00014822","DETROIT CITY AIRPORT, MI US","2024-12-25","4.92"," 1345","0.00",,"39","33","  130","  130","8.9","12.1",,,,
"USW00014822","DETROIT CITY AIRPORT, MI US","2024-12-26","6.26"," 1940","0.00",,"46","38","  110","   90","13.0","17.0",,,,
"USW00014822","DETROIT CITY AIRPORT, MI US","2024-12-27","7.61"," 0959","0.11",,"48","36","  120","  100","13.0","17.0",,,,
"USW00014822","DETROIT CITY AIRPORT, MI US","2024-12-28","10.29"," 1145","0.02",,"60","44","  220","  210","25.9","38.9",,,,
"USW00014822","DETROIT CITY AIRPORT, MI US","2024-12-29","9.84"," 0736","1.43",,"48","43","   30","   50","21.9","33.1",,,,
"USW00014822","DETROIT CITY AIRPORT, MI US","2024-12-30","11.41"," 0014","0.33",,"51","35","  270","  320","18.1","30.0","    1",,,
"USW00014822","DETROIT CITY AIRPORT, MI US","2024-12-31","11.41"," 1819","0.17",,"44","35","  360","  350","21.9","31.1",,,,
"USW00014822","DETROIT CITY AIRPORT, MI US","2025-01-01","10.51"," 1425","0.03",,"39","32","  270","  290","19.9","30.0",,,,
"USW00014822","DETROIT CITY AIRPORT, MI US","2025-01-02","11.18"," 1112","0.00",,"33","29","  270","  290","17.0","27.1",,,,
"USW00014822","DETROIT CITY AIRPORT, MI US","2025-01-03","10.51"," 1316","0.00",,"30","24","  290","  320","18.1","29.1",,,,
"USW00014822","DETROIT CITY AIRPORT, MI US","2025-01-04","13.42"," 1117","0.00",,"26","21","  270","  290","21.9","33.1",,,,
"USW00014822","DETROIT CITY AIRPORT, MI US","2025-01-05","6.71"," 0005","0.00",,"27","17","  300","  280","13.0","21.9",,,,
"USW00014822","DETROIT CITY AIRPORT, MI US","2025-01-06","12.30"," 1505","0.00",,"29","24","  350","  350","23.0","34.0",,,,
"USW00014822","DETROIT CITY AIRPORT, MI US","2025-01-07","9.62"," 0610","0.00",,"30","24","  290","  340","17.0","25.9",,,,
"USW00014822","DETROIT CITY AIRPORT, MI US","2025-01-08","6.04"," 0127","0.00",,"26","16","  340","  350","15.0","23.9",,,,
"USW00014822","DETROIT CITY AIRPORT, MI US","2025-01-09","4.70"," 2340","0.00",,"28","11","  210","  220","12.1","17.0",,,,
"USW00014822","DETROIT CITY AIRPORT, MI US","2025-01-10","7.16"," 1437","0.00",,"28","20","  200","  210","15.0","19.9",,,,
"USW00014822","DETROIT CITY AIRPORT, MI US","2025-01-11","6.26"," 1456","0.00",,"37","23","  280","  290","12.1","18.1",,,,
"USW00014822","DETROIT CITY AIRPORT, MI US","2025-01-12","10.74"," 1403","0.00",,"37","28","  180","  180","19.9","27.1",,,,
"USW00014822","DETROIT CITY AIRPORT, MI US","2025-01-13","14.54"," 1740","0.00",,"37","19","  230","  280","21.0","31.1",,,,
"USW00014822","DETROIT CITY AIRPORT, MI US","2025-01-14","8.72"," 1629","0.00",,"22","14","  240","  320","17.0","25.9",,,,"    1"
"USW00014822","DETROIT CITY AIRPORT, MI US","2025-01-15","9.84"," 1325","0.00",,"27","15","  210","  270","19.9","25.1",,,,
"USW00014822","DETROIT CITY AIRPORT, MI US","2025-01-16","9.40"," 0039","0.00",,"34","19","  220","  230","21.9","30.0",,,,
"USW00014822","DETROIT CITY AIRPORT, MI US","2025-01-17","12.08"," 1736","0.00",,"39","28","  190","  170","21.9","31.1",,,,
"USW00014822","DETROIT CITY AIRPORT, MI US","2025-01-18","9.62"," 1100","0.29",,"41","22","  360","  360","18.1","25.9",,,,
"USW00014822","DETROIT CITY AIRPORT, MI US","2025-01-19","6.93"," 2359","0.00",,"24","11","  290","  280","16.1","29.1",,,,
"USW00014822","DETROIT CITY AIRPORT, MI US","2025-01-20","12.30"," 1440","0.00",,"14","8","  240","  230","21.9","31.1",,,,
"USW00014822","DETROIT CITY AIRPORT, MI US","2025-01-21","9.17"," 1626","0.00",,"11","2","  250","  250","17.0","25.9",,,,
"USW00014822","DETROIT CITY AIRPORT, MI US","2025-01-22","12.75"," 2207","0.00",,"18","0","  210","  220","19.9","30.0",,,,
"USW00014822","DETROIT CITY AIRPORT, MI US","2025-01-23","9.17"," 1845","0.00",,"27","17","  220","  290","16.1","25.9",,,,
"USW00014822","DETROIT CITY AIRPORT, MI US","2025-01-24","6.71"," 1429","0.00",,"23","14","  230","  260","14.1","19.9",,,,
"USW00014822","DETROIT CITY AIRPORT, MI US","2025-01-25","12.30"," 2137","0.00",,"36","15","  240","  230","21.0","31.1",,,,
"USW00014822","DETROIT CITY AIRPORT, MI US","2025-01-26","8.72"," 0301","0.00",,"33","24","  260","  290","17.0","27.1",,,,
"USW00014822","DETROIT CITY AIRPORT, MI US","2025-01-27","17.00"," 1558","0.00",,"40","22","  220","  230","30.0","49.0",,,,
"USW00014822","DETROIT CITY AIRPORT, MI US","2025-01-28","12.75"," 1831","0.00",,"43","27","  220","  210","25.9","44.1",,,,
"USW00014822","DETROIT CITY AIRPORT, MI US","2025-01-29","10.29"," 1155","0.00",,"42","25","  300","  290","21.0","36.0",,,,
"USW00014822","DETROIT CITY AIRPORT, MI US","2025-01-30","7.38"," 1729","0.00",,"45","24","  210","  210","15.0","23.9",,,,
"USW00014822","DETROIT CITY AIRPORT, MI US","2025-01-31","9.62"," 2112","0.60",,"42","29","  360","   10","25.9","40.9",,,,
"USW00014822","DETROIT CITY AIRPORT, MI US","2025-02-01","7.61"," 0355","0.00",,"29","22","  360","  350","17.0","25.1",,,,
"USW00014822","DETROIT CITY AIRPORT, MI US","2025-02-02","7.61"," 0507","0.00",,"35","23","  110","  110","18.1","25.1",,,,
"USW00014822","DETROIT CITY AIRPORT, MI US","2025-02-03","6.26"," 1724","0.00",,"45","34","   10","  360","16.1","25.9",,"    1",,"    1"
"USW00014822","DETROIT CITY AIRPORT, MI US","2025-02-04","8.05"," 1100","0.00",,"34","24","  360","  350","16.1","21.9",,,,
"USW00014822","DETROIT CITY AIRPORT, MI US","2025-02-05","7.83"," 2328","0.00",,"28","21","  100","  100","16.1","25.9",,,,
"USW00014822","DETROIT CITY AIRPORT, MI US","2025-02-06","12.53"," 2341","0.00",,"36","27","  270","  290","25.9","42.1",,,,
"USW00014822","DETROIT CITY AIRPORT, MI US","2025-02-07","9.17"," 0017","0.00",,"36","18","  280","  280","25.9","48.1",,,,
"USW00014822","DETROIT CITY AIRPORT, MI US","2025-02-08","7.38"," 1654","0.00",,"30","22","   40","   50","18.1","25.1",,,,
"USW00014822","DETROIT CITY AIRPORT, MI US","2025-02-09","6.49"," 1333","0.00",,"31","21","  280","  290","14.1","21.9",,,,
"USW00014822","DETROIT CITY AIRPORT, MI US","2025-02-10","4.70"," 1506","0.00",,"33","11","  280","  300","15.0","23.0",,,,
"USW00014822","DETROIT CITY AIRPORT, MI US","2025-02-11","4.70"," 2326","0.00",,"33","17","   40","   40","13.0","17.0",,,,
"USW00014822","DETROIT CITY AIRPORT, MI US","2025-02-12","9.62"," 1023","0.00",,"29","22","   70","   60","17.0","25.1",,,,
"USW00014822","DETROIT CITY AIRPORT, MI US","2025-02-13","11.18"," 1739","0.02",,"32","21","  280","  290","21.9","34.0",,,,
"USW00014822","DETROIT CITY AIRPORT, MI US","2025-02-14","6.71"," 0013","0.00",,"24","12","  270","  270","17.0","25.9",,,,
"USW00014822","DETROIT CITY AIRPORT, MI US","2025-02-15","6.26"," 0625","0.16",,"36","23","  100","  120","14.1","19.0","    1",,,"    1"
"USW00014822","DETROIT CITY AIRPORT, MI US","2025-02-16","12.30"," 1909","0.13",,"31","24","  300","  270","23.0","36.0",,,,
"USW00014822","DETROIT CITY AIRPORT, MI US","2025-02-17","12.30"," 1036","0.00",,"24","9","  260","  260","23.9","36.0",,,,
"USW00014822","DETROIT CITY AIRPORT, MI US","2025-02-18","8.05"," 1430","0.00",,"20","4","  270","  270","16.1","23.0",,,,
"USW00014822","DETROIT CITY AIRPORT, MI US","2025-02-19","5.59"," 1300","0.00",,"21","8","  280","  270","10.1","16.1",,,,
"USW00014822","DETROIT CITY AIRPORT, MI US","2025-02-20","6.93"," 1625","0.02",,"25","17","  300","  320","14.1","19.9",,,,"    1"
"USW00014822","DETROIT CITY AIRPORT, MI US","2025-02-22","13.87"," 1551","0.00",,"32","20","  230","  220","23.0","31.1",,,,
"USW00014822","DETROIT CITY AIRPORT, MI US","2025-02-23","8.28"," 0119","0.00",,"38","25","  170","  230","13.0","17.0",,,,"    1"
"USW00014822","DETROIT CITY AIRPORT, MI US","2025-02-24","13.20"," 1223","0.00",,"50","34","  240","  230","25.9","40.0",,,,
"USW00014822","DETROIT CITY AIRPORT, MI US","2025-02-25","7.61"," 1547","0.01",,"57","40","  290","  290","16.1","25.9","    1",,,"    1"
"USW00014822","DETROIT CITY AIRPORT, MI US","2025-02-26","4.03"," 0003","0.18",,"41","28","   70","  360","8.9","14.1","    1",,,"    1"
"USW00014822","DETROIT CITY AIRPORT, MI US","2025-02-27","8.95"," 1659","0.02",,"48","36","  270","  290","19.9","31.1","    1",,,"    1"
"USW00014822","DETROIT CITY AIRPORT, MI US","2025-02-28","12.08"," 1535","0.00",,"57","31","  220","  210","28.0","42.9",,,,
"USW00014822","DETROIT CITY AIRPORT, MI US","2025-03-01","12.75"," 0514","0.00",,"43","21","  320","  340","25.1","38.9",,,,
"USW00014822","DETROIT CITY AIRPORT, MI US","2025-03-02","5.14"," 0146","0.00",,"32","19","  250","  330","12.1","18.1",,,,
"USW00014822","DETROIT CITY AIRPORT, MI US","2025-03-03","8.95"," 1318","0.01",,"43","24","  240","  220","21.9","32.0",,,,
"USW00014822","DETROIT CITY AIRPORT, MI US","2025-03-04","5.37"," 1227","0.22",,"51","36","  210","  210","15.0","23.0","    1",,,
"USW00014822","DETROIT CITY AIRPORT, MI US","2025-03-05","14.76"," 1409","0.56",,"59","37","  220","  220","28.0","38.9","    1",,"    1","    1"
"USW00014822","DETROIT CITY AIRPORT, MI US","2025-03-06","12.97"," 0606","0.00",,"38","29","  300","  290","25.9","45.0",,,,"    1"
"USW00014822","DETROIT CITY AIRPORT, MI US","2025-03-07","8.50"," 1555","0.00",,"43","29","  220","  220","18.1","25.9","    1",,,"    1"
"USW00014822","DETROIT CITY AIRPORT, MI US","2025-03-08","9.17"," 0604","0.00",,"41","24","  350","  340","17.0","25.1",,,,
"USW00014822","DETROIT CITY AIRPORT, MI US","2025-03-10","10.29"," 1338","0.00",,"67","39","  210","  200","21.9","29.1",,,,"    1"
"USW00014822","DETROIT CITY AIRPORT, MI US","2025-03-11","12.08"," 1301","0.00",,"63","33","   70","   10","21.9","31.1",,,,
"USW00014822","DETROIT CITY AIRPORT, MI US","2025-03-12","8.95"," 1318","0.00",,"49","31","   70","   70","21.0","29.1",,,,
"USW00014822","DETROIT CITY AIRPORT, MI US","2025-03-13","3.58"," 1335","0.00",,"56","30","  120","  140","10.1","13.0",,,,
"USW00014822","DETROIT CITY AIRPORT, MI US","2025-03-14","5.37"," 1553","0.00",,"70","35","  110","  110","13.0","17.0",,,,
"USW00014822","DETROIT CITY AIRPORT, MI US","2025-03-15","15.21"," 1358","0.07",,"73","54","  190","  160","29.1","44.1",,,,
"USW00014822","DETROIT CITY AIRPORT, MI US","2025-03-16","13.65"," 1407","0.15",,"63","33","  260","  270","23.9","35.1",,,,
"USW00014822","DETROIT CITY AIRPORT, MI US","2025-03-17","7.61"," 0035","0.00",,"47","30","  330","  330","16.1","29.1",,,,
"USW00014822","DETROIT CITY AIRPORT, MI US","2025-03-18","11.86"," 1534","0.00",,"69","37","  190","  210","21.0","30.0",,,,
"USW00014822","DETROIT CITY AIRPORT, MI US","2025-03-19","14.99"," 2304","0.00",,"74","60","  220","  220","33.1","45.0",,,,
"USW00014822","DETROIT CITY AIRPORT, MI US","2025-03-20","13.42"," 0618","0.14",,"62","34","  230","  220","33.1","47.0",,,,
"USW00014822","DETROIT CITY AIRPORT, MI US","2025-03-21","13.20"," 2055","0.00",,"55","29","  200","  210","25.1","40.0",,,,
"USW00014822","DETROIT CITY AIRPORT, MI US","2025-03-22","10.74"," 0728","0.00",,"52","29","  360","  350","25.9","36.9",,,,
"USW00014822","DETROIT CITY AIRPORT, MI US","2025-03-23","10.51"," 1414","0.09",,"44","27","  100","  100","19.9","25.9",,,,
"USW00014822","DETROIT CITY AIRPORT, MI US","2025-03-24","14.76"," 1339","0.00",,"46","35","  240","  240","25.9","40.0",,,,
"USW00014822","DETROIT CITY AIRPORT, MI US","2025-03-25","10.51"," 1342","0.00",,"47","32","  290","  290","19.9","32.0",,,,
"USW00014822","DETROIT CITY AIRPORT, MI US","2025-03-26","6.71"," 0411","0.00",,"46","30","  350","  330","15.0","23.0",,,,
"USW00014822","DETROIT CITY AIRPORT, MI US","2025-03-27","5.82"," 1428","0.00",,"59","29","  250","  260","25.1","36.9",,,,"    1"
"USW00014822","DETROIT CITY AIRPORT, MI US","2025-03-28","8.72"," 2319","0.10",,"71","42","  230","  220","25.9","36.9","    1",,,"    1"
"USW00014822","DETROIT CITY AIRPORT, MI US","2025-03-29","10.51"," 0013","0.12",,"71","61","  240","  240","25.1","34.0","    1",,,
"USW00014822","DETROIT CITY AIRPORT, MI US","2025-03-30","9.84"," 1841","0.43",,"69","48","  230","  240","31.1","45.0","    1",,"    1","    1"
"USW00014822","DETROIT CITY AIRPORT, MI US","2025-03-31","12.30"," 0358","0.00",,"60","36","  270","  270","21.0","34.0","    1",,,
"USW00014822","DETROIT CITY AIRPORT, MI US","2025-04-01","8.72"," 0033","0.00",,"44","29","  360","  350","17.0","23.9",,,,
"USW00014822","DETROIT CITY AIRPORT, MI US","2025-04-02","14.76"," 1241","2.17",,"62","37","  120","  120","25.1","36.0","    1",,"    1",
"USW00014822","DETROIT CITY AIRPORT, MI US","2025-04-03","14.32"," 1151","0.10",,"69","48","  240","  230","28.0","38.0","    1",,,
"USW00014822","DETROIT CITY AIRPORT, MI US","2025-04-04","7.61"," 2118","0.01",,"53","40","   80","   90","14.1","21.0",,,,
"USW00014822","DETROIT CITY AIRPORT, MI US","2025-04-05","6.93"," 2300","0.06",,"51","45","  350","  350","21.0","30.0","    1",,,
"USW00014822","DETROIT CITY AIRPORT, MI US","2025-04-06","8.50"," 0002","0.00",,"47","37","  360","  350","19.9","27.1",,,,
"USW00014822","DETROIT CITY AIRPORT, MI US","2025-04-07","12.30"," 1402","0.01",,"50","29","  320","  300","25.1","40.9","    1",,,"    1"
"USW00014822","DETROIT CITY AIRPORT, MI US","2025-04-08","9.17"," 0043","0.00",,"43","26","  340","  310","18.1","31.1",,,,
"USW00014822","DETROIT CITY AIRPORT, MI US","2025-04-09","6.71"," 1152","0.10",,"48","27","  210","  170","15.0","23.9","    1",,,
"USW00014822","DETROIT CITY AIRPORT, MI US","2025-04-10","9.84"," 0143","0.21",,"40","35","  100","  100","16.1","23.9","    1",,,"    1"
"USW00014822","DETROIT CITY AIRPORT, MI US","2025-04-11","9.17"," 1117","0.00",,"55","36","  360","  360","18.1","23.9",,,,
"USW00014822","DETROIT CITY AIRPORT, MI US","2025-04-12","4.70"," 1504","0.00",,"59","33","  160","  160","13.0","19.0",,,,
"USW00014822","DETROIT CITY AIRPORT, MI US","2025-04-13","7.38"," 1447","0.00",,"62","42","  180","  200","16.1","21.9",,,,
"USW00014822","DETROIT CITY AIRPORT, MI US","2025-04-14","11.18"," 1547","0.00",,"76","48","  240","  250","28.0","42.1",,,,
"USW00014822","DETROIT CITY AIRPORT, MI US","2025-04-15","14.09"," 1308","0.02",,"55","41","  290","  270","23.9","38.9",,,,
"USW00014822","DETROIT CITY AIRPORT, MI US","2025-04-16","9.62"," 0202","0.00",,"56","37","  280","  330","17.0","28.0",,,,
"USW00014822","DETROIT CITY AIRPORT, MI US","2025-04-17","6.71"," 1417","0.00",,"63","33","  170","  160","16.1","23.0",,,,
"USW00014822","DETROIT CITY AIRPORT, MI US","2025-04-18","11.86"," 1822","0.00",,"88","50","  240","  230","28.0","44.1",,,,
"USW00014822","DETROIT CITY AIRPORT, MI US","2025-04-19","11.41"," 0310","0.07",,"76","51","  240","  230","21.9","32.0",,,,"    1"
"USW00014822","DETROIT CITY AIRPORT, MI US","2025-04-20","10.07"," 2239","0.00",,"63","45","  110","   90","18.1","25.9",,,,
"USW00014822","DETROIT CITY AIRPORT, MI US","2025-04-21","16.11"," 1501","0.02",,"80","53","  230","  240","35.1","50.1",,,,
"USW00014822","DETROIT CITY AIRPORT, MI US","2025-04-22","8.50"," 0005","0.00",,"66","51","  280","  270","18.1","30.0",,,,
"USW00014822","DETROIT CITY AIRPORT, MI US","2025-04-23","4.25"," 1313","0.00",,"76","49","  100","  100","14.1","16.1",,,,"    1"
"USW00014822","DETROIT CITY AIRPORT, MI US","2025-04-24","4.92"," 2034","0.00",,"82","48","   50","   40","15.0","21.9",,,,"    1"
"USW00014822","DETROIT CITY AIRPORT, MI US","2025-04-25","7.16"," 1634","0.21",,"77","53","  170","  150","23.0","31.1","    1",,"    1","    1"
"USW00014822","DETROIT CITY AIRPORT, MI US","2025-04-26","10.74"," 0724","0.00",,"55","40","  350","  340","21.0","33.1","    1",,,
"USW00014822","DETROIT CITY AIRPORT, MI US","2025-04-27","5.59"," 1236","0.00",,"64","40","  110","  170","10.1","15.0",,,,
"USW00014822","DETROIT CITY AIRPORT, MI US","2025-04-28","9.40"," 1749","0.00",,"72","46","  160","  160","17.0","25.1",,,,
"USW00014822","DETROIT CITY AIRPORT, MI US","2025-04-29","16.33"," 1128","0.00",,"85","49","  210","  220","32.0","46.1",,,,
"USW00014822","DETROIT CITY AIRPORT, MI US","2025-04-30","5.59"," 0016","0.01",,"57","40","   70","  360","14.1","19.0",,,,
"USW00014822","DETROIT CITY AIRPORT, MI US","2025-05-01","9.17"," 0912","0.36",,"68","45","   90","   80","21.0","28.0","    1",,"    1",
"USW00014822","DETROIT CITY AIRPORT, MI US","2025-05-02","9.84"," 0838","0.00",,"72","49","  260","  260","17.0","25.1",,,,
"USW00014822","DETROIT CITY AIRPORT, MI US","2025-05-03","10.07"," 2143","0.00",,"53","42","   10","   10","16.1","21.0",,,,
"USW00014822","DETROIT CITY AIRPORT, MI US","2025-05-04","10.29"," 1019","0.84",,"52","41","   30","   40","21.0","31.1","    1",,,
"USW00014822","DETROIT CITY AIRPORT, MI US","2025-05-05","7.61"," 2122","0.13",,"69","49","   20","   20","17.0","23.0","    1",,,
"USW00014822","DETROIT CITY AIRPORT, MI US","2025-05-06","3.80"," 1231","0.19",,"61","51","  150","  150","12.1","16.1","    1",,,
"USW00014822","DETROIT CITY AIRPORT, MI US","2025-05-07","6.49"," 1600","0.00",,"77","48","   60","   50","23.0","30.0",,"    1",,
"USW00014822","DETROIT CITY AIRPORT, MI US","2025-05-08","11.41"," 1234","0.01",,"56","40","  360","  340","18.1","27.1",,,"    1",
"USW00014822","DETROIT CITY AIRPORT, MI US","2025-05-09","6.26"," 1140","0.00",,"65","37","  350","  350","16.1","23.9",,,,
"USW00014822","DETROIT CITY AIRPORT, MI US","2025-05-10","9.62"," 1721","0.00",,"80","48","   70","   40","19.9","28.0",,,,
"USW00014822","DETROIT CITY AIRPORT, MI US","2025-05-11","6.71"," 1445","0.00",,"66","45","   90","  100","13.0","19.9",,,,
"USW00014822","DETROIT CITY AIRPORT, MI US","2025-05-12","5.59"," 1442","0.00",,"78","45","  100","  110","14.1","18.1",,,,
"USW00014822","DETROIT CITY AIRPORT, MI US","2025-05-13","7.38"," 1530","0.11",,"70","60","  100","  110","14.1","19.0","    1",,,"    1"
"USW00014822","DETROIT CITY AIRPORT, MI US","2025-05-14","6.26"," 1915","0.00",,"76","58","  150","  160","16.1","21.9",,,,
"USW00014822","DETROIT CITY AIRPORT, MI US","2025-05-15","6.71"," 1310","0.03",,"81","58","  120","  110","14.1","21.9","    1",,"    1","    1"
"USW00014822","DETROIT CITY AIRPORT, MI US","2025-05-16","9.62"," 2218","0.38",,"82","60","  200","  200","28.0","40.0","    1",,"    1",
"USW00014822","DETROIT CITY AIRPORT, MI US","2025-05-17","13.42"," 0929","0.03",,"71","57","  230","  240","23.9","36.9",,,,
"USW00014822","DETROIT CITY AIRPORT, MI US","2025-05-18","9.17"," 1619","0.00",,"65","51","  340","  310","16.1","27.1",,,,
"USW00014822","DETROIT CITY AIRPORT, MI US","2025-05-19","8.95"," 2012","0.00",,"61","42","   70","   30","15.0","21.0",,,,
"USW00014822","DETROIT CITY AIRPORT, MI US","2025-05-20","11.86"," 1329","0.18",,"58","40","   70","   60","23.9","34.0","    1",,,
"USW00014822","DETROIT CITY AIRPORT, MI US","2025-05-21","8.05"," 0059","0.14",,"53","49","   70","   70","18.1","28.0","    1",,,
"USW00014822","DETROIT CITY AIRPORT, MI US","2025-05-22","8.50"," 1315","0.09",,"56","49","  320","  320","18.1","28.0","    1",,,
"USW00014822","DETROIT CITY AIRPORT, MI US","2025-05-23","10.07"," 1118","0.00",,"56","42","  260","  270","19.9","29.1",,,,
"USW00014822","DETROIT CITY AIRPORT, MI US","2025-05-24","6.71"," 1431","0.00",,"63","44","  290","  310","13.0","21.0",,,,
"USW00014822","DETROIT CITY AIRPORT, MI US","2025-05-25","5.37"," 1404","0.00",,"67","42","  340","  360","15.0","21.9","    1",,,
"USW00014822","DETROIT CITY AIRPORT, MI US","2025-05-26","5.59"," 1519","0.00",,"70","44","  110","  100","14.1","23.9",,,,
"USW00014822","DETROIT CITY AIRPORT, MI US","2025-05-27","9.17"," 1646","0.00",,"71","53","   90","  100","19.9","27.1",,,,
"USW00014822","DETROIT CITY AIRPORT, MI US","2025-05-28","6.71"," 1008","0.05",,"59","54","   70","   60","16.1","21.0","    1",,,"    1"
"USW00014822","DETROIT CITY AIRPORT, MI US","2025-05-29","7.83"," 1005","0.00",,"67","55","  240","  230","16.1","21.9","    1",,,
"USW00014822","DETROIT CITY AIRPORT, MI US","2025-05-30","9.17"," 1806","0.01",,"78","54","  290","  300","19.9","30.0",,,,
"USW00014822","DETROIT CITY AIRPORT, MI US","2025-05-31","9.84"," 0508","0.00",,"65","48","  350","  340","19.9","30.0",,,,"    1"
"USW00014822","DETROIT CITY AIRPORT, MI US","2025-06-01","5.82"," 1201","0.00",,"69","45","  290","  280","14.1","23.0",,,,
"USW00014822","DETROIT CITY AIRPORT, MI US","2025-06-02","5.82"," 1524","0.00",,"78","47","  210","  190","15.0","21.0",,,,
"USW00014822","DETROIT CITY AIRPORT, MI US","2025-06-03","10.74"," 1215","0.00",,"86","59","  190","  210","19.9","33.1",,,,
"USW00014822","DETROIT CITY AIRPORT, MI US","2025-06-04","10.74"," 1341","0.33",,"86","60","  200","  230","21.9","31.1","    1",,,"    1"
"USW00014822","DETROIT CITY AIRPORT, MI US","2025-06-05","7.38"," 1006","0.57",,"65","57","   30","   10","15.0","23.9","    1",,,"    1"
"USW00014822","DETROIT CITY AIRPORT, MI US","2025-06-06","5.59"," 1332","0.01",,"74","58","  360","  360","13.0","18.1",,,,"    1"
"USW00014822","DETROIT CITY AIRPORT, MI US","2025-06-07","8.28"," 1058","0.00",,"77","57","   60","   40","16.1","21.9",,,,"    1"
"USW00014822","DETROIT CITY AIRPORT, MI US","2025-06-08","6.71"," 1831","0.00",,"76","57","  110","  110","14.1","17.0","    1",,,"    1"
"USW00014822","DETROIT CITY AIRPORT, MI US","2025-06-09","8.05"," 1745","0.02",,"78","59","  260","  220","19.9","30.0","    1",,,"    1"
"USW00014822","DETROIT CITY AIRPORT, MI US","2025-06-10","8.50"," 1646","0.00",,"75","55","  240","  250","17.0","28.0",,,,
"USW00014822","DETROIT CITY AIRPORT, MI US","2025-06-11","9.17"," 1503","0.00",,"86","55","  230","  230","23.9","35.1","    1",,,"    1"
"USW00014822","DETROIT CITY AIRPORT, MI US","2025-06-12","8.28"," 0054","0.00",,"74","60","   60","   60","18.1","23.9",,,,
"USW00014822","DETROIT CITY AIRPORT, MI US","2025-06-13","6.71"," 0954","0.14",,"72","58","   50","   50","13.0","19.0","    1",,,
"USW00014822","DETROIT CITY AIRPORT, MI US","2025-06-14","7.61"," 1047","0.00",,"76","56","   70","   40","14.1","19.9",,,,
"USW00014822","DETROIT CITY AIRPORT, MI US","2025-06-15","6.26"," 1121","0.00",,"81","56","   70","   80","13.0","19.0",,,,
"USW00014822","DETROIT CITY AIRPORT, MI US","2025-06-16","5.14"," 1609","0.00",,"82","60","  140","  120","12.1","16.1",,,,
"USW00014822","DETROIT CITY AIRPORT, MI US","2025-06-17","7.16"," 1356","0.00",,"86","65","  170","  170","16.1","23.0",,,,
"USW00014822","DETROIT CITY AIRPORT, MI US","2025-06-18","6.93"," 1945","1.72",,"82","68","  180","  190","30.0","47.0",,,,
"USW00014822","DETROIT CITY AIRPORT, MI US","2025-06-19","10.96"," 1921","0.32",,"75","62","  360","   10","25.9","42.9",,,,
"USW00014822","DETROIT CITY AIRPORT, MI US","2025-06-20","4.47"," 1020","0.06",,"79","61","  260","  270","13.0","18.1",,,,
"USW00014822","DETROIT CITY AIRPORT, MI US","2025-06-21","10.51"," 1757","0.04",,"89","67","  200","  200","23.9","35.1",,,,
"USW00014822","DETROIT CITY AIRPORT, MI US","2025-06-22","11.63"," 0133","0.00",,"95","79","  230","  230","18.1","27.1",,,,
"USW00014822","DETROIT CITY AIRPORT, MI US","2025-06-23","10.96"," 1741","0.00",,"95","78","  230","  230","19.9","29.1",,,,
"USW00014822","DETROIT CITY AIRPORT, MI US","2025-06-24","6.04"," 1437","0.68",,"95","74","  250","  260","30.0","42.9",,,,
"USW00014822","DETROIT CITY AIRPORT, MI US","2025-06-25","4.70"," 1411","0.17",,"82","70","   60","   70","10.1","14.1",,,,
"USW00014822","DETROIT CITY AIRPORT, MI US","2025-06-26","4.47"," 1111","0.00",,"87","66","  110","  300","13.0","18.1",,,,
"USW00014822","DETROIT CITY AIRPORT, MI US","2025-06-27","9.40"," 1730","0.00",,"91","70","  300","  300","21.9","35.1",,,,
"USW00014822","DETROIT CITY AIRPORT, MI US","2025-06-28","6.93"," 0904","0.00",,"83","70","  290","  260","15.0","23.0",,,,
"USW00014822","DETROIT CITY AIRPORT, MI US","2025-06-29","5.37"," 1518","0.00",,"85","66","  110","  110","14.1","17.0",,,,
"USW00014822","DETROIT CITY AIRPORT, MI US","2025-06-30","5.59"," 1237","0.09",,"86","71","  200","  190","15.0","19.9",,,,
"USW00014822","DETROIT CITY AIRPORT, MI US","2025-07-01","7.61"," 1203","0.00",,"86","74","  290","  270","15.0","23.0",,,,
"USW00014822","DETROIT CITY AIRPORT, MI US","2025-07-02","7.16"," 1523","0.00",,"87","66","  260","  260","15.0","21.9",,,,
"USW00014822","DETROIT CITY AIRPORT, MI US","2025-07-03","6.71"," 1916","0.00",,"85","67","   60","   50","14.1","18.1",,,,
"USW00014822","DETROIT CITY AIRPORT, MI US","2025-07-04","4.70"," 1700","0.03",,"86","64","  220","  240","18.1","27.1",,,,
"USW00014822","DETROIT CITY AIRPORT, MI US","2025-07-05","6.93"," 1353","0.00",,"92","70","  220","  240","18.1","28.0",,,,
"USW00014822","DETROIT CITY AIRPORT, MI US","2025-07-06","9.84"," 1838","0.95",,"93","74","  250","  250","31.1","50.1",,,,
"USW00014822","DETROIT CITY AIRPORT, MI US","2025-07-07","7.16"," 1547","0.00",,"78","64","  350","  350","12.1","17.0",,,,
"USW00014822","DETROIT CITY AIRPORT, MI US","2025-07-08","3.58"," 1526","0.00",,"81","59","  110","   90","10.1","16.1",,,,
"USW00014822","DETROIT CITY AIRPORT, MI US","2025-07-09","3.80"," 1721","0.17",,"82","70","  220","  220","13.0","17.0",,,,
"USW00014822","DETROIT CITY AIRPORT, MI US","2025-07-10","2.68"," 1432","0.00",,"87","67","  260","  260","13.0","16.1",,,,
"USW00014822","DETROIT CITY AIRPORT, MI US","2025-07-11","5.14"," 1755","0.19",,"85","70","  190","  180","15.0","21.0",,,,
"USW00014822","DETROIT CITY AIRPORT, MI US","2025-07-12","8.50"," 1238","0.22",,"90","71","  210","  220","29.1","45.0","    1",,"    1","    1"
"USW00014822","DETROIT CITY AIRPORT, MI US","2025-07-13","5.14"," 1742","0.00",,"88","73","  200","  310","14.1","18.1",,,,
"USW00014822","DETROIT CITY AIRPORT, MI US","2025-07-14","3.58"," 1646","0.00",,"87","70","  280","  260","8.9","14.1",,,,
"USW00014822","DETROIT CITY AIRPORT, MI US","2025-07-15","3.36"," 1006","0.00",,"87","67","  110","  210","12.1","17.0","    1",,,"    1"
"USW00014822","DETROIT CITY AIRPORT, MI US","2025-07-16","6.93"," 1306","0.01",,"85","73","  150","  140","18.1","29.1",,,,
"USW00014822","DETROIT CITY AIRPORT, MI US","2025-07-17","11.86"," 0626","0.00",,"80","63","  260","  250","21.9","36.0",,,,
"USW00014822","DETROIT CITY AIRPORT, MI US","2025-07-18","7.38"," 0835","0.00",,"74","58","   70","  100","15.0","21.9",,,,
"USW00014822","DETROIT CITY AIRPORT, MI US","2025-07-19","5.82"," 1303","0.33",,"82","60","  170","  170","16.1","19.9",,,,
"USW00014822","DETROIT CITY AIRPORT, MI US","2025-07-20","5.82"," 0852","0.02",,"80","66","  360","  360","16.1","23.9","    1",,,
"USW00014822","DETROIT CITY AIRPORT, MI US","2025-07-21","6.49"," 1637","0.00",,"75","61","   70","   70","14.1","19.0",,,,
"USW00014822","DETROIT CITY AIRPORT, MI US","2025-07-22","4.92"," 1508","0.00",,"80","56","  110","  100","13.0","17.0",,,,
"USW00014822","DETROIT CITY AIRPORT, MI US","2025-07-23","6.04"," 1539","0.00",,"86","59","  180","  180","14.1","19.9",,,,
"USW00014822","DETROIT CITY AIRPORT, MI US","2025-07-24","9.62"," 1929","0.00",,"96","75","  310","  270","21.0","38.0",,,,
"USW00014822","DETROIT CITY AIRPORT, MI US","2025-07-25","5.59"," 1800","0.47",,"86","72","   80","  100","12.1","16.1",,,,
"USW00014822","DETROIT CITY AIRPORT, MI US","2025-07-26","6.49"," 1431","0.02",,"83","70","  230","  230","19.9","28.0",,,,
"USW00014822","DETROIT CITY AIRPORT, MI US","2025-07-27","4.92"," 1557","0.01",,"92","75","  100","  100","10.1","17.0",,,,
"USW00014822","DETROIT CITY AIRPORT, MI US","2025-07-28","5.59"," 1541","0.49",,"89","72","  360","  360","21.9","36.0",,,,
"USW00014822","DETROIT CITY AIRPORT, MI US","2025-07-29","3.36"," 1621","0.00",,"88","70","  280","  280","10.1","15.0","    1",,,
"USW00014822","DETROIT CITY AIRPORT, MI US","2025-07-30","6.26"," 1840","0.36",,"86","64","  360","   10","19.9","31.1",,,,
"USW00014822","DETROIT CITY AIRPORT, MI US","2025-07-31","9.62"," 1319","0.21",,"74","60","   70","   70","19.9","25.1",,,,
"USW00014822","DETROIT CITY AIRPORT, MI US","2025-08-01","7.83"," 1624","0.00",,"77","58","   10","  360","16.1","21.9",,,,
"USW00014822","DETROIT CITY AIRPORT, MI US","2025-08-02","3.80"," 1241","0.00",,"76","57","  100","   70","12.1","16.1",,,,
"USW00014822","DETROIT CITY AIRPORT, MI US","2025-08-03","2.91"," 1309","0.00",,"78","59","   70","  110","10.1","16.1",,,,
"USW00014822","DETROIT CITY AIRPORT, MI US","2025-08-04","5.82"," 1416","0.00",,"81","62","   70","  100","13.0","19.0",,,,
"USW00014822","DETROIT CITY AIRPORT, MI US","2025-08-05","7.83"," 1426","0.00",,"83","65","  120","  110","16.1","21.9",,,,
"USW00014822","DETROIT CITY AIRPORT, MI US","2025-08-06","6.71"," 1211","0.00",,"84","68","  100","  110","15.0","21.9",,,,
"USW00014822","DETROIT CITY AIRPORT, MI US","2025-08-07","7.38"," 1651","0.00",,"85","70","  140","  150","16.1","21.9",,,,
"USW00014822","DETROIT CITY AIRPORT, MI US","2025-08-08","6.49"," 1308","0.00",,"88","69","  150","  170","16.1","23.0","    1",,,"    1"
"USW00014822","DETROIT CITY AIRPORT, MI US","2025-08-09","8.28"," 1334","0.00",,"89","73","  170","  200","18.1","23.9",,,,
"USW00014822","DETROIT CITY AIRPORT, MI US","2025-08-10","7.38"," 1518","0.00",,"92","74","  190","  180","16.1","23.0",,,,
"USW00014822","DETROIT CITY AIRPORT, MI US","2025-08-11","6.93"," 1642","0.41",,"91","75","  250","  240","30.0","44.1","    1",,"    1",
"USW00014822","DETROIT CITY AIRPORT, MI US","2025-08-12","7.16"," 2049","0.47",,"91","70","  350","  350","21.9","29.1",,,,
"USW00014822","DETROIT CITY AIRPORT, MI US","2025-08-13","4.03"," 1920","0.00",,"85","70","   80","   80","14.1","18.1",,,,
"USW00014822","DETROIT CITY AIRPORT, MI US","2025-08-14","5.37"," 1251","0.00",,"83","65","   70","  130","12.1","17.0",,,,
"USW00014822","DETROIT CITY AIRPORT, MI US","2025-08-15","4.92"," 1505","0.00",,"86","66","  150","  150","13.0","18.1",,,,
"USW00014822","DETROIT CITY AIRPORT, MI US","2025-08-16","3.80"," 1800","0.00",,"91","69","  230","  240","14.1","19.0",,,,
"USW00014822","DETROIT CITY AIRPORT, MI US","2025-08-17","9.40"," 1741","0.01",,"83","63","  360","   20","19.9","27.1",,,,
"USW00014822","DETROIT CITY AIRPORT, MI US","2025-08-18","8.28"," 1720","0.00",,"78","58","  110","  130","16.1","21.9",,,,
"USW00014822","DETROIT CITY AIRPORT, MI US","2025-08-19","6.04"," 2202","0.30",,"78","67","  350","  350","13.0","19.0",,,,
"USW00014822","DETROIT CITY AIRPORT, MI US","2025-08-20","10.74"," 1309","0.00",,"72","66","  360","  360","17.0","27.1",,,,
"USW00014822","DETROIT CITY AIRPORT, MI US","2025-08-21","7.38"," 1255","0.00",,"76","64","   30","   40","15.0","23.0",,,,
"USW00014822","DETROIT CITY AIRPORT, MI US","2025-08-22","3.80"," 1607","0.00",,"81","59","  110","  110","12.1","16.1",,,,
"USW00014822","DETROIT CITY AIRPORT, MI US","2025-08-23","8.05"," 1944","0.02",,"79","66","  220","  230","18.1","27.1",,,,
"USW00014822","DETROIT CITY AIRPORT, MI US","2025-08-24","8.72"," 1232","0.00",,"78","59","  270","  240","18.1","28.0",,,,
"USW00014822","DETROIT CITY AIRPORT, MI US","2025-08-25","7.16"," 1600","0.04",,"71","56","  260","  270","17.0","23.0",,,,
"USW00014822","DETROIT CITY AIRPORT, MI US","2025-08-26","6.26"," 1654","0.00",,"71","52","  290","  290","16.1","27.1",,,,
"USW00014822","DETROIT CITY AIRPORT, MI US","2025-08-27",,,"0.00",,"76","52",,,,,,,,
"USW00014822","DETROIT CITY AIRPORT, MI US","2025-08-28",,,"0.03",,"75","56",,,,,,,,
"USW00014822","DETROIT CITY AIRPORT, MI US","2025-08-29",,,"0.00",,"71","51",,,,,,,,
"USW00014822","DETROIT CITY AIRPORT, MI US","2025-08-30",,,"0.00",,"75","47",,,,,,,,
"USW00014822","DETROIT CITY AIRPORT, MI US","2025-08-31",,,"0.00",,"76","51",,,,,,,,
"USW00014822","DETROIT CITY AIRPORT, MI US","2025-09-01",,,"0.00",,"79","54",,,,,,,,
"USW00014822","DETROIT CITY AIRPORT, MI US","2025-09-02",,,"0.00",,"80","55",,,,,,,,
"USW00014822","DETROIT CITY AIRPORT, MI US","2025-09-03",,,"0.14",,"83","57",,,,,,,,
"USW00014822","DETROIT CITY AIRPORT, MI US","2025-09-04",,,"0.37",,"70","55",,,,,,,,
"USW00014822","DETROIT CITY AIRPORT, MI US","2025-09-05",,,"0.00",,"74","50",,,,,,,,
"USW00014822","DETROIT CITY AIRPORT, MI US","2025-09-06",,,"0.00",,"66","51",,,,,,,,
"USW00014822","DETROIT CITY AIRPORT, MI US","2025-09-07",,,"0.00",,"71","45",,,,,,,,
"USW00014822","DETROIT CITY AIRPORT, MI US","2025-09-08",,,"0.00",,"70","47",,,,,,,,
"USW00014822","DETROIT CITY AIRPORT, MI US","2025-09-09",,,"0.00",,"76","48",,,,,,,,
"USW00014822","DETROIT CITY AIRPORT, MI US","2025-09-10",,,"0.00",,"81","53",,,,,,,,
"USW00014822","DETROIT CITY AIRPORT, MI US","2025-09-11",,,"0.00",,"80","53",,,,,,,,
"USW00014822","DETROIT CITY AIRPORT, MI US","2025-09-12",,,"0.00",,"81","56",,,,,,,,
"USW00014822","DETROIT CITY AIRPORT, MI US","2025-09-13",,,"0.00",,"81","57",,,,,,,,
"USW00014822","DETROIT CITY AIRPORT, MI US","2025-09-14",,,"0.00",,"83","54",,,,,,,,
"USW00014822","DETROIT CITY AIRPORT, MI US","2025-09-15",,,"0.00",,"83","59",,,,,,,,
"USW00014822","DETROIT CITY AIRPORT, MI US","2025-09-16",,,"0.00",,"84","57",,,,,,,,
"USW00014822","DETROIT CITY AIRPORT, MI US","2025-09-17",,,"0.00",,"83","58",,,,,,,,
"USW00014822","DETROIT CITY AIRPORT, MI US","2025-09-18",,,"1.92",,"91","59",,,,,,,,
"USW00014822","DETROIT CITY AIRPORT, MI US","2025-09-19",,,"0.00",,"78","61",,,,,,,,
"USW00014822","DETROIT CITY AIRPORT, MI US","2025-09-20",,,"0.00",,"76","58",,,,,,,,
"USW00014822","DETROIT CITY AIRPORT, MI US","2025-09-21",,,"0.08",,"77","60",,,,,,,,
"USW00014822","DETROIT CITY AIRPORT, MI US","2025-09-22",,,"0.48",,"76","64",,,,,,,,
"USW00014822","DETROIT CITY AIRPORT, MI US","2025-09-23",,,"0.00",,"78","63",,,,,,,,
"USW00014822","DETROIT CITY AIRPORT, MI US","2025-09-24",,,"0.63",,"75","63",,,,,,,,
"USW00014822","DETROIT CITY AIRPORT, MI US","2025-09-25",,,"0.00",,"80","63",,,,,,,,
"USW00014822","DETROIT CITY AIRPORT, MI US","2025-09-26",,,"0.00",,"82","58",,,,,,,,
"USW00014822","DETROIT CITY AIRPORT, MI US","2025-09-27",,,"0.00",,"86","58",,,,,,,,
"USW00014822","DETROIT CITY AIRPORT, MI US","2025-09-28",,,"0.00",,"78","58",,,,,,,,
"USW00014822","DETROIT CITY AIRPORT, MI US","2025-09-29",,,"0.00",,"80","53",,,,,,,,
"USW00014822","DETROIT CITY AIRPORT, MI US","2025-09-30",,,"0.00",,"82","55",,,,,,,,
"USW00014822","DETROIT CITY AIRPORT, MI US","2025-10-01",,,"0.00",,"73","56",,,,,,,,
"USW00014822","DETROIT CITY AIRPORT, MI US","2025-10-02",,,"0.00",,"77","49",,,,,,,,
"USW00014822","DETROIT CITY AIRPORT, MI US","2025-10-03",,,"0.00",,"84","50",,,,,,,,
"USW00014822","DETROIT CITY AIRPORT, MI US","2025-10-04",,,"0.00",,"88","58",,,,,,,,
"USW00014822","DETROIT CITY AIRPORT, MI US","2025-10-05",,,"0.00",,"85","62",,,,,,,,
"USW00014822","DETROIT CITY AIRPORT, MI US","2025-10-06",,,"0.00",,"86","62",,,,,,,,
"USW00014822","DETROIT CITY AIRPORT, MI US","2025-10-07",,,"0.07",,"72","52",,,,,,,,
"USW00014822","DETROIT CITY AIRPORT, MI US","2025-10-08",,,"0.00",,"65","46",,,,,,,,
"USW00014822","DETROIT CITY AIRPORT, MI US","2025-10-09",,,"0.00",,"63","41",,,,,,,,
"USW00014822","DETROIT CITY AIRPORT, MI US","2025-10-10",,,"0.01",,"68","42",,,,,,,,
"USW00014822","DETROIT CITY AIRPORT, MI US","2025-10-11",,,"0.00",,"67","50",,,,,,,,
"USW00014822","DETROIT CITY AIRPORT, MI US","2025-10-12",,,"0.00",,"70","47",,,,,,,,
"USW00014822","DETROIT CITY AIRPORT, MI US","2025-10-13",,,"0.00",,"75","50",,,,,,,,
"USW00014822","DETROIT CITY AIRPORT, MI US","2025-10-14",,,"0.00",,"74","48",,,,,,,,
"USW00014822","DETROIT CITY AIRPORT, MI US","2025-10-15",,,"0.01",,"67","47",,,,,,,,
"USW00014822","DETROIT CITY AIRPORT, MI US","2025-10-16",,,"0.00",,"68","40",,,,,,,,
"USW00014822","DETROIT CITY AIRPORT, MI US","2025-10-17",,,"0.00",,"69","43",,,,,,,,
"USW00014822","DETROIT CITY AIRPORT, MI US","2025-10-18",,,"0.05",,"80","58",,,,,,,,
"USW00014822","DETROIT CITY AIRPORT, MI US","2025-10-19",,,"0.12",,"70","50",,,,,,,,
"USW00014822","DETROIT CITY AIRPORT, MI US","2025-10-20",,,"0.00",,"64","45",,,,,,,,
"USW00014822","DETROIT CITY AIRPORT, MI US","2025-10-21",,,"0.01",,"63","46",,,,,,,,
"USW00014822","DETROIT CITY AIRPORT, MI US","2025-10-22",,,"0.01",,"52","45",,,,,,,,
"USW00014822","DETROIT CITY AIRPORT, MI US","2025-10-23",,,"0.00",,"56","44",,,,,,,,
"USW00014822","DETROIT CITY AIRPORT, MI US","2025-10-24",,,"0.00",,"55","42",,,,,,,,
"USW00014822","DETROIT CITY AIRPORT, MI US","2025-10-25",,,"0.00",,"59","40",,,,,,,,
